{"type":"FeatureCollection","crs":{"type":"name","properties":{"name":"EPSG:4326"}},"features":[{"type":"Feature","id":1,"geometry":{"type":"Point","coordinates":[3.62000148717891,6.8192670800118]},"properties":{"FID":1,"globalid":"902814d3-54c4-4106-8158-f52fe093d7a5","uniq_id":3317,"timestamp":"Fri, 02 Feb 2018 00:00:00 GMT","editor":"najib.adam","scdy_edtor":" ","wardname":"Odelemo","wardcode":"OGSSAU11","lganame":"Shagamu","lgacode":"28020","statename":"Ogun","statecode":"OG","source":"GRID","plc_st_nam":"Lafarge Police Station"}},{"type":"Feature","id":2,"geometry":{"type":"Point","coordinates":[3.63325505068008,6.85250390133405]},"properties":{"FID":2,"globalid":"1cfcfeed-bb07-4e70-bde0-555111b90ef1","uniq_id":3318,"timestamp":"Fri, 02 Feb 2018 00:00:00 GMT","editor":"najib.adam","scdy_edtor":" ","wardname":"Ajara","wardcode":"OGSSAU03","lganame":"Shagamu","lgacode":"28020","statename":"Ogun","statecode":"OG","source":"GRID","plc_st_nam":"The Nigeria Police Divisional Headquarters Shagamu"}},{"type":"Feature","id":3,"geometry":{"type":"Point","coordinates":[7.31674000025083,5.01959333336566]},"properties":{"FID":3,"globalid":"3c752c66-72ed-47a3-8cce-043cde54d164","uniq_id":3319,"timestamp":"Fri, 02 Feb 2018 00:00:00 GMT","editor":"racheal.olarewaju","scdy_edtor":" ","wardname":"Umuarukwu / Ward Six","wardcode":"ABSGWB13","lganame":"Ugwunagbo","lgacode":"1012","statename":"Abia","statecode":"AB","source":"GRID","plc_st_nam":"Amaufuru Police Station"}},{"type":"Feature","id":4,"geometry":{"type":"Point","coordinates":[3.66851532232431,6.90337776077507]},"properties":{"FID":4,"globalid":"b210fdc2-2997-44e8-b7b3-86b9e4ba4905","uniq_id":3320,"timestamp":"Fri, 02 Feb 2018 00:00:00 GMT","editor":"najib.adam","scdy_edtor":" ","wardname":"Iperu 1","wardcode":"OGSIKE05","lganame":"Ikenne","lgacode":"28012","statename":"Ogun","statecode":"OG","source":"GRID","plc_st_nam":"Police Training School"}},{"type":"Feature","id":5,"geometry":{"type":"Point","coordinates":[3.66632906143707,6.90347754235472]},"properties":{"FID":5,"globalid":"b8bda6e6-a437-4544-b629-cf2a8e82d42d","uniq_id":3321,"timestamp":"Fri, 02 Feb 2018 00:00:00 GMT","editor":"najib.adam","scdy_edtor":" ","wardname":"Iperu 1","wardcode":"OGSIKE05","lganame":"Ikenne","lgacode":"28012","statename":"Ogun","statecode":"OG","source":"GRID","plc_st_nam":"The Nigeria Police Force Divisional Headquarters Iperu Remo"}},{"type":"Feature","id":6,"geometry":{"type":"Point","coordinates":[3.64607166687398,6.94399833265697]},"properties":{"FID":6,"globalid":"bd0d4a33-9d2e-4fb2-8167-f1ac338696a8","uniq_id":3322,"timestamp":"Fri, 02 Feb 2018 00:00:00 GMT","editor":"najib.adam","scdy_edtor":" ","wardname":"Irolu","wardcode":"OGSIKE08","lganame":"Ikenne","lgacode":"28012","statename":"Ogun","statecode":"OG","source":"GRID","plc_st_nam":"Trailer Park Police Station"}},{"type":"Feature","id":7,"geometry":{"type":"Point","coordinates":[8.34993390032929,4.96538740030832]},"properties":{"FID":7,"globalid":"b17f2d54-3f94-430e-9e98-9e91422fdb4f","uniq_id":3323,"timestamp":"Fri, 02 Feb 2018 00:00:00 GMT","editor":"racheal.olarewaju","scdy_edtor":" ","wardname":"Ward 2","wardcode":"CRSANA02","lganame":"Calabar South","lgacode":"9009","statename":"Cross River","statecode":"CR","source":"GRID","plc_st_nam":"The Nigeria Police Divisional Headquarters A Division Calabar"}},{"type":"Feature","id":8,"geometry":{"type":"Point","coordinates":[8.34993390032929,4.96538740030832]},"properties":{"FID":8,"globalid":"5737ed61-2ce2-4fc9-a5c6-fa41625e1575","uniq_id":3324,"timestamp":"Fri, 02 Feb 2018 00:00:00 GMT","editor":"racheal.olarewaju","scdy_edtor":" ","wardname":"Ward 2","wardcode":"CRSANA02","lganame":"Calabar South","lgacode":"9009","statename":"Cross River","statecode":"CR","source":"GRID","plc_st_nam":"The Nigeria Police Divisional Headquarters A"}},{"type":"Feature","id":9,"geometry":{"type":"Point","coordinates":[4.92196833337192,8.02256500037453]},"properties":{"FID":9,"globalid":"39096064-ced0-4f7a-8287-1d4706f45f7c","uniq_id":3325,"timestamp":"Fri, 02 Feb 2018 00:00:00 GMT","editor":"racheal.olarewaju","scdy_edtor":" ","wardname":"Isedo 2","wardcode":"OSSILA06","lganame":"Ila","lgacode":"30017","statename":"Osun","statecode":"OS","source":"GRID","plc_st_nam":"Federal Road Safety Corpsila Oragun"}},{"type":"Feature","id":10,"geometry":{"type":"Point","coordinates":[4.7421016668585,7.94079999972024]},"properties":{"FID":10,"globalid":"0b8ffb4b-07fe-4586-8367-17fb4a69d691","uniq_id":3326,"timestamp":"Fri, 02 Feb 2018 00:00:00 GMT","editor":"racheal.olarewaju","scdy_edtor":" ","wardname":"Oke-Aree","wardcode":"OSSBOE08","lganame":"Boripe","lgacode":"30006","statename":"Osun","statecode":"OS","source":"GRID","plc_st_nam":"The Nigeria Police Force A"}},{"type":"Feature","id":11,"geometry":{"type":"Point","coordinates":[4.71216833330197,7.89236166715727]},"properties":{"FID":11,"globalid":"e3e28d7e-32e5-4178-a4ce-b8953c97fa36","uniq_id":3327,"timestamp":"Fri, 02 Feb 2018 00:00:00 GMT","editor":"racheal.olarewaju","scdy_edtor":" ","wardname":"Oke Ogi / Ada 2","wardcode":"OSSBOE07","lganame":"Boripe","lgacode":"30006","statename":"Osun","statecode":"OS","source":"GRID","plc_st_nam":"Police Post Ada"}},{"type":"Feature","id":12,"geometry":{"type":"Point","coordinates":[4.67140500034054,8.01134666741484]},"properties":{"FID":12,"globalid":"a41b6d0a-12e5-493a-99b2-862581406693","uniq_id":3328,"timestamp":"Fri, 02 Feb 2018 00:00:00 GMT","editor":"racheal.olarewaju","scdy_edtor":" ","wardname":"Olukotun Inisha","wardcode":"OSSODN13","lganame":"Odo Otin","lgacode":"30025","statename":"Osun","statecode":"OS","source":"GRID","plc_st_nam":"Oke Aanu Police Station"}},{"type":"Feature","id":13,"geometry":{"type":"Point","coordinates":[8.33683000020437,4.94181000013145]},"properties":{"FID":13,"globalid":"d0f631b7-2b3e-45fb-878a-2e3154f647e7","uniq_id":3329,"timestamp":"Fri, 02 Feb 2018 00:00:00 GMT","editor":"racheal.olarewaju","scdy_edtor":" ","wardname":"Ward 7","wardcode":"CRSANA07","lganame":"Calabar South","lgacode":"9009","statename":"Cross River","statecode":"CR","source":"GRID","plc_st_nam":"Uwanse Police Station"}},{"type":"Feature","id":14,"geometry":{"type":"Point","coordinates":[8.48812829988117,4.87917329970804]},"properties":{"FID":14,"globalid":"bc7b412f-eda5-4e82-a55d-4930cf04afd3","uniq_id":3330,"timestamp":"Fri, 02 Feb 2018 00:00:00 GMT","editor":"racheal.olarewaju","scdy_edtor":" ","wardname":"Ikang Central","wardcode":"CRSKTA06","lganame":"Akpabuyo","lgacode":"9003","statename":"Cross River","statecode":"CR","source":"GRID","plc_st_nam":"Ikot Nakanda Police Station"}},{"type":"Feature","id":15,"geometry":{"type":"Point","coordinates":[8.32681830022443,4.91880169993857]},"properties":{"FID":15,"globalid":"3065b2b2-0aca-454b-b0a3-39be44338644","uniq_id":3331,"timestamp":"Fri, 02 Feb 2018 00:00:00 GMT","editor":"racheal.olarewaju","scdy_edtor":" ","wardname":"Ward 11","wardcode":"CRSANA11","lganame":"Calabar South","lgacode":"9009","statename":"Cross River","statecode":"CR","source":"GRID","plc_st_nam":"Anantigha Police Station"}},{"type":"Feature","id":16,"geometry":{"type":"Point","coordinates":[8.49377659991023,4.97368880019803]},"properties":{"FID":16,"globalid":"d3561b70-d997-4b4f-a9c8-4ff51a25cf6b","uniq_id":3332,"timestamp":"Fri, 02 Feb 2018 00:00:00 GMT","editor":"racheal.olarewaju","scdy_edtor":" ","wardname":"Idundu-Anyaganse","wardcode":"CRSKTA10","lganame":"Akpabuyo","lgacode":"9003","statename":"Cross River","statecode":"CR","source":"GRID","plc_st_nam":"Nigeria Police Post Akwa Ikot Effanga"}},{"type":"Feature","id":17,"geometry":{"type":"Point","coordinates":[8.33660170010842,4.93474170026929]},"properties":{"FID":17,"globalid":"ca0524c8-e7dd-430f-b389-569c84320603","uniq_id":3333,"timestamp":"Fri, 02 Feb 2018 00:00:00 GMT","editor":"racheal.olarewaju","scdy_edtor":" ","wardname":"Ward 7","wardcode":"CRSANA07","lganame":"Calabar South","lgacode":"9009","statename":"Cross River","statecode":"CR","source":"GRID","plc_st_nam":"Edem Edet Police Station"}},{"type":"Feature","id":18,"geometry":{"type":"Point","coordinates":[4.33120499971102,7.24256833266247]},"properties":{"FID":18,"globalid":"bc5163b0-ac17-4fba-9dbc-181a128f0a75","uniq_id":3334,"timestamp":"Fri, 02 Feb 2018 00:00:00 GMT","editor":"racheal.olarewaju","scdy_edtor":" ","wardname":"Araromi / Owu","wardcode":"OSSADE01","lganame":"Ayedade","lgacode":"30001","statename":"Osun","statecode":"OS","source":"GRID","plc_st_nam":"Owu Community Police Station"}},{"type":"Feature","id":19,"geometry":{"type":"Point","coordinates":[8.52925169980614,4.85160830018293]},"properties":{"FID":19,"globalid":"80875e55-a799-44c1-a56e-3e0514192381","uniq_id":3335,"timestamp":"Fri, 02 Feb 2018 00:00:00 GMT","editor":"racheal.olarewaju","scdy_edtor":" ","wardname":"Ikang South","wardcode":"CRSKTA03","lganame":"Akpabuyo","lgacode":"9003","statename":"Cross River","statecode":"CR","source":"GRID","plc_st_nam":"The Nigeria Police Post Ikot Iwang Bakassi Lga"}},{"type":"Feature","id":20,"geometry":{"type":"Point","coordinates":[11.4162776730762,8.90863561614083]},"properties":{"FID":20,"globalid":"c0276153-48ca-49cc-8252-6a7c9f074e2e","uniq_id":3336,"timestamp":"Fri, 02 Feb 2018 00:00:00 GMT","editor":"racheal.olarewaju","scdy_edtor":" ","wardname":"Gongong","wardcode":"TRSYRR02","lganame":"Yorro","lgacode":"35015","statename":"Taraba","statecode":"TA","source":"GRID","plc_st_nam":"Bashing Police Station"}},{"type":"Feature","id":21,"geometry":{"type":"Point","coordinates":[10.5849894414096,7.8121565720682]},"properties":{"FID":21,"globalid":"d1f51302-5a49-43f0-84e1-351e8a336f6d","uniq_id":2956,"timestamp":"Fri, 02 Feb 2018 00:00:00 GMT","editor":"racheal.olarewaju","scdy_edtor":" ","wardname":"Suntai","wardcode":"TRSBAL10","lganame":"Bali","lgacode":"35002","statename":"Taraba","statecode":"TA","source":"GRID","plc_st_nam":"Nyaja Police Out Porce"}},{"type":"Feature","id":22,"geometry":{"type":"Point","coordinates":[3.25747745172305,6.74538666686124]},"properties":{"FID":22,"globalid":"bd10ed96-1f5f-4b9b-b6a6-d6a739097dc6","uniq_id":2455,"timestamp":"Fri, 02 Feb 2018 00:00:00 GMT","editor":"najib.adam","scdy_edtor":" ","wardname":"Ijoko","wardcode":"OGSADO09","lganame":"Ado Odo/Ota","lgacode":"28003","statename":"Ogun","statecode":"OG","source":"GRID","plc_st_nam":"Ijoko Road"}},{"type":"Feature","id":23,"geometry":{"type":"Point","coordinates":[4.49368700035484,8.43084879973236]},"properties":{"FID":23,"globalid":"bae31f16-6f79-47b4-a48c-592cffb02b47","uniq_id":3263,"timestamp":"Fri, 02 Feb 2018 00:00:00 GMT","editor":"racheal.olarewaju","scdy_edtor":" ","wardname":"Wara / Osin / Egbejila","wardcode":"KWSLRN12","lganame":"Ilorin West","lgacode":"24008","statename":"Kwara","statecode":"KW","source":"GRID","plc_st_nam":"Budo nuhu police station"}},{"type":"Feature","id":24,"geometry":{"type":"Point","coordinates":[3.89769002787256,7.37618448062932]},"properties":{"FID":24,"globalid":"69943261-fedb-40bc-91f8-6b5461bcff6a","uniq_id":3262,"timestamp":"Fri, 02 Feb 2018 00:00:00 GMT","editor":"racheal.olarewaju","scdy_edtor":" ","wardname":"Beere / Mapo","wardcode":"OYSISE03","lganame":"Ibadan South East","lgacode":"31009","statename":"Oyo","statecode":"OY","source":"GRID","plc_st_nam":"Mapo Police Station"}},{"type":"Feature","id":25,"geometry":{"type":"Point","coordinates":[3.1849183333145,7.67237166661914]},"properties":{"FID":25,"globalid":"4d11de25-25e5-4449-b27f-2ab29229dd69","uniq_id":3261,"timestamp":"Fri, 02 Feb 2018 00:00:00 GMT","editor":"racheal.olarewaju","scdy_edtor":" ","wardname":"Igangan 1","wardcode":"OYSIBAN03","lganame":"Ibarapa North","lgacode":"31013","statename":"Oyo","statecode":"OY","source":"GRID","plc_st_nam":"Nigeria Police Post Igangan"}},{"type":"Feature","id":26,"geometry":{"type":"Point","coordinates":[4.28011450078361,8.12514622441876]},"properties":{"FID":26,"globalid":"6aac68c3-70b5-469b-9dcc-95fbf463df20","uniq_id":3260,"timestamp":"Fri, 02 Feb 2018 00:00:00 GMT","editor":"racheal.olarewaju","scdy_edtor":" ","wardname":"Saja / Isale Ora","wardcode":"OYSOGN10","lganame":"Ogbomosho North","lgacode":"31021","statename":"Oyo","statecode":"OY","source":"GRID","plc_st_nam":"Ogbegun Favour Police Outpost"}},{"type":"Feature","id":27,"geometry":{"type":"Point","coordinates":[3.90966833292725,7.40856333343112]},"properties":{"FID":27,"globalid":"eeb532c0-7b66-41c5-aaba-7d9d9fd612c1","uniq_id":3259,"timestamp":"Fri, 02 Feb 2018 00:00:00 GMT","editor":"racheal.olarewaju","scdy_edtor":" ","wardname":"Old Bodija","wardcode":"OYSIBN08","lganame":"Ibadan North","lgacode":"31006","statename":"Oyo","statecode":"OY","source":"GRID","plc_st_nam":"Secretariat Police Station"}},{"type":"Feature","id":28,"geometry":{"type":"Point","coordinates":[3.76078450879811,8.83784673493892]},"properties":{"FID":28,"globalid":"8060fb78-f86b-4add-85de-645e1958a4aa","uniq_id":3258,"timestamp":"Fri, 02 Feb 2018 00:00:00 GMT","editor":"racheal.olarewaju","scdy_edtor":" ","wardname":"Oke Aafin","wardcode":"OYSOLE09","lganame":"Orelope","lgacode":"31027","statename":"Oyo","statecode":"OY","source":"GRID","plc_st_nam":"The Nigeria Police Divisional Headquarters Igboho"}},{"type":"Feature","id":29,"geometry":{"type":"Point","coordinates":[3.20708074018404,8.22858201664678]},"properties":{"FID":29,"globalid":"410977c7-8024-4708-92af-fdfbbaed08d2","uniq_id":3257,"timestamp":"Fri, 02 Feb 2018 00:00:00 GMT","editor":"racheal.olarewaju","scdy_edtor":" ","wardname":"Komu","wardcode":"OYSIWU04","lganame":"Itesiwaju","lgacode":"31017","statename":"Oyo","statecode":"OY","source":"GRID","plc_st_nam":"Komu Police Station"}},{"type":"Feature","id":30,"geometry":{"type":"Point","coordinates":[4.32954999983269,7.8994466674298]},"properties":{"FID":30,"globalid":"cec0a614-cebb-4e76-9a4e-52467a299b40","uniq_id":3289,"timestamp":"Wed, 13 May 2020 00:00:00 GMT","editor":"tosin.williams","scdy_edtor":" ","wardname":"Okebalogun / Elejigbo 'D' / Ejemu","wardcode":"OSSEGO08","lganame":"Ejigbo","lgacode":"30010","statename":"Osun","statecode":"OS","source":"GRID","plc_st_nam":"Police Station Ika"}},{"type":"Feature","id":31,"geometry":{"type":"Point","coordinates":[3.22028093611635,7.53506002000398]},"properties":{"FID":31,"globalid":"1cbfe87c-fb9b-4345-b43c-f791c5bfc12c","uniq_id":3256,"timestamp":"Fri, 02 Feb 2018 00:00:00 GMT","editor":"racheal.olarewaju","scdy_edtor":" ","wardname":"Ayete 1","wardcode":"OYSIBAN01","lganame":"Ibarapa North","lgacode":"31013","statename":"Oyo","statecode":"OY","source":"GRID","plc_st_nam":"Ayete Ibarapa North Police Head Quarter"}},{"type":"Feature","id":32,"geometry":{"type":"Point","coordinates":[3.85438558762479,7.40179058766552]},"properties":{"FID":32,"globalid":"3ad71bf4-cebc-45d0-bdf0-87558ac5c96c","uniq_id":3255,"timestamp":"Fri, 02 Feb 2018 00:00:00 GMT","editor":"racheal.olarewaju","scdy_edtor":" ","wardname":"Afonta","wardcode":"OYSINW02","lganame":"Ibadan North West","lgacode":"31008","statename":"Oyo","statecode":"OY","source":"GRID","plc_st_nam":"Idishin Police Station"}},{"type":"Feature","id":33,"geometry":{"type":"Point","coordinates":[3.92566771909003,7.42411717206988]},"properties":{"FID":33,"globalid":"8fd812c9-f5bc-451a-8c04-28b1cce4125d","uniq_id":3254,"timestamp":"Fri, 02 Feb 2018 00:00:00 GMT","editor":"racheal.olarewaju","scdy_edtor":" ","wardname":"Bashorun","wardcode":"OYSIBN04","lganame":"Ibadan North","lgacode":"31006","statename":"Oyo","statecode":"OY","source":"GRID","plc_st_nam":"Ashi Police Station"}},{"type":"Feature","id":34,"geometry":{"type":"Point","coordinates":[2.98158611980364,7.93531338790257]},"properties":{"FID":34,"globalid":"b5a9e27c-8aad-4410-9bda-e36dfdaa635f","uniq_id":3253,"timestamp":"Fri, 02 Feb 2018 00:00:00 GMT","editor":"racheal.olarewaju","scdy_edtor":" ","wardname":"Ijio / Ayegun","wardcode":"OYSIJA05","lganame":"Iwajowa","lgacode":"31018","statename":"Oyo","statecode":"OY","source":"GRID","plc_st_nam":"Ijio Police Station"}},{"type":"Feature","id":35,"geometry":{"type":"Point","coordinates":[3.42070406134343,6.73914943319983]},"properties":{"FID":35,"globalid":"f81262de-c87a-4171-b64e-8572fae18cfb","uniq_id":3252,"timestamp":"Fri, 02 Feb 2018 00:00:00 GMT","editor":"racheal.olarewaju","scdy_edtor":" ","wardname":"Ibafo","wardcode":"OGSOBE14","lganame":"Obafemi Owode","lgacode":"28015","statename":"Ogun","statecode":"OG","source":"GRID","plc_st_nam":"Police Station Akoka"}},{"type":"Feature","id":36,"geometry":{"type":"Point","coordinates":[3.42071166690994,6.73911166706984]},"properties":{"FID":36,"globalid":"69fc0a91-0aeb-4423-a9f8-c6280ce5d466","uniq_id":3251,"timestamp":"Fri, 02 Feb 2018 00:00:00 GMT","editor":"racheal.olarewaju","scdy_edtor":" ","wardname":"Ibafo","wardcode":"OGSOBE14","lganame":"Obafemi Owode","lgacode":"28015","statename":"Ogun","statecode":"OG","source":"GRID","plc_st_nam":"Police Station Akoka Street Ebute Road Ibafo"}},{"type":"Feature","id":37,"geometry":{"type":"Point","coordinates":[3.45414038017447,6.8185311620835]},"properties":{"FID":37,"globalid":"513a4f0d-c3c2-4c67-bdda-bc1cd3f44504","uniq_id":3250,"timestamp":"Fri, 02 Feb 2018 00:00:00 GMT","editor":"najib.adam","scdy_edtor":" ","wardname":"Mowe","wardcode":"OGSOBE13","lganame":"Obafemi Owode","lgacode":"28015","statename":"Ogun","statecode":"OG","source":"GRID","plc_st_nam":"Redemption Camp Police Station"}},{"type":"Feature","id":38,"geometry":{"type":"Point","coordinates":[3.0927266666024,7.09286000018892]},"properties":{"FID":38,"globalid":"f1676239-cc1f-43fd-8880-dc0e3b16bb60","uniq_id":3249,"timestamp":"Fri, 02 Feb 2018 00:00:00 GMT","editor":"najib.adam","scdy_edtor":" ","wardname":"Joga / Iboro","wardcode":"OGSYEN09","lganame":"Yewa North","lgacode":"28004","statename":"Ogun","statecode":"OG","source":"GRID","plc_st_nam":"Nigeria Police"}},{"type":"Feature","id":39,"geometry":{"type":"Point","coordinates":[3.20604477514632,6.90383890614066]},"properties":{"FID":39,"globalid":"c4ec67e2-decf-43e9-92f4-e16625f74ff0","uniq_id":3248,"timestamp":"Fri, 02 Feb 2018 00:00:00 GMT","editor":"najib.adam","scdy_edtor":" ","wardname":"Papa","wardcode":"OGSEWO09","lganame":"Ewekoro","lgacode":"28006","statename":"Ogun","statecode":"OG","source":"GRID","plc_st_nam":"Ewekoro Police Post Beside First Bank Plc"}},{"type":"Feature","id":40,"geometry":{"type":"Point","coordinates":[7.0214366670686,5.51042333307043]},"properties":{"FID":40,"globalid":"9e7885b8-75ad-4c97-a888-8ac22613c61c","uniq_id":3232,"timestamp":"Fri, 02 Feb 2018 00:00:00 GMT","editor":"adanna.alex","scdy_edtor":" ","wardname":"Amakohia / Akwakuma","wardcode":"IMSRRT02","lganame":"Owerri North","lgacode":"17025","statename":"Imo","statecode":"IM","source":"GRID","plc_st_nam":"Police Force Education Unit"}},{"type":"Feature","id":41,"geometry":{"type":"Point","coordinates":[6.79441781812784,5.72343333278212]},"properties":{"FID":41,"globalid":"64fabf9b-2c5f-419c-b9c7-c6a265d72145","uniq_id":3231,"timestamp":"Fri, 02 Feb 2018 00:00:00 GMT","editor":"adanna.alex","scdy_edtor":" ","wardname":"Oguta B","wardcode":"IMSGUA10","lganame":"Oguta","lgacode":"17017","statename":"Imo","statecode":"IM","source":"GRID","plc_st_nam":"Osse Motor Police Station"}},{"type":"Feature","id":42,"geometry":{"type":"Point","coordinates":[6.79440833297821,5.48146166662269]},"properties":{"FID":42,"globalid":"c855f65a-1a50-4dec-a659-c713eb80ae45","uniq_id":3230,"timestamp":"Fri, 02 Feb 2018 00:00:00 GMT","editor":"adanna.alex","scdy_edtor":" ","wardname":"Egbema C","wardcode":"IMSEBM05","lganame":"Ohaji/Egbema","lgacode":"17018","statename":"Imo","statecode":"IM","source":"GRID","plc_st_nam":"Ohaji Egbema Area Comand"}},{"type":"Feature","id":43,"geometry":{"type":"Point","coordinates":[4.56084333275368,7.4804916673566]},"properties":{"FID":43,"globalid":"cc2bacbd-646d-4086-a81c-393864745f0b","uniq_id":2771,"timestamp":"Fri, 02 Feb 2018 00:00:00 GMT","editor":"racheal.olarewaju","scdy_edtor":" ","wardname":"Ilare 3","wardcode":"OSSICL04","lganame":"Ife Central","lgacode":"30011","statename":"Osun","statecode":"OS","source":"GRID","plc_st_nam":"Osun State Police Command"}},{"type":"Feature","id":44,"geometry":{"type":"Point","coordinates":[4.82297666693967,7.89796666662841]},"properties":{"FID":44,"globalid":"7f581a3f-19aa-4d1c-bf47-4a490ea098d7","uniq_id":2770,"timestamp":"Fri, 02 Feb 2018 00:00:00 GMT","editor":"racheal.olarewaju","scdy_edtor":" ","wardname":"Igbajo 3","wardcode":"OSSBOLUW04","lganame":"Boluwaduro","lgacode":"30005","statename":"Osun","statecode":"OS","source":"GRID","plc_st_nam":"Igbajo Police Station"}},{"type":"Feature","id":45,"geometry":{"type":"Point","coordinates":[7.14892563590939,5.65614738289543]},"properties":{"FID":45,"globalid":"2a4ca337-82e1-4610-bdc3-c97b06f00781","uniq_id":3218,"timestamp":"Fri, 02 Feb 2018 00:00:00 GMT","editor":"adanna.alex","scdy_edtor":" ","wardname":"Abajah 1","wardcode":"IMSAMG01","lganame":"Nwangele","lgacode":"17015","statename":"Imo","statecode":"IM","source":"GRID","plc_st_nam":"Amaraku Police Station"}},{"type":"Feature","id":46,"geometry":{"type":"Point","coordinates":[7.1675770310552,5.70721488885607]},"properties":{"FID":46,"globalid":"94fd3dac-e3ac-4cae-a1b3-8d6a256df806","uniq_id":3217,"timestamp":"Fri, 02 Feb 2018 00:00:00 GMT","editor":"adanna.alex","scdy_edtor":" ","wardname":"Dim Na Nume","wardcode":"IMSAMG13","lganame":"Nwangele","lgacode":"17015","statename":"Imo","statecode":"IM","source":"GRID","plc_st_nam":"The Nigerian Police Force Divisional Headquarters"}},{"type":"Feature","id":47,"geometry":{"type":"Point","coordinates":[7.21413933286397,5.70661391510015]},"properties":{"FID":47,"globalid":"33dd4c54-f328-41d2-96a8-beba6838e869","uniq_id":3216,"timestamp":"Fri, 02 Feb 2018 00:00:00 GMT","editor":"adanna.alex","scdy_edtor":" ","wardname":"Osu-Achara","wardcode":"IMSUML10","lganame":"Isiala Mbano","lgacode":"17009","statename":"Imo","statecode":"IM","source":"GRID","plc_st_nam":"Police Divisional Headquarters Isiebu"}},{"type":"Feature","id":48,"geometry":{"type":"Point","coordinates":[6.59415572460705,5.54583309182379]},"properties":{"FID":48,"globalid":"3342c17a-0b8e-450f-95eb-e6f5a8643655","uniq_id":3215,"timestamp":"Fri, 02 Feb 2018 00:00:00 GMT","editor":"racheal.olarewaju","scdy_edtor":" ","wardname":"Ndoni Cn","wardcode":"RVSRGM09","lganame":"Ogba/Egbema/Ndoni","lgacode":"33016","statename":"Rivers","statecode":"RI","source":"GRID","plc_st_nam":"Ndoni Police Station"}},{"type":"Feature","id":49,"geometry":{"type":"Point","coordinates":[7.49288999987363,6.41389333301095]},"properties":{"FID":49,"globalid":"3dc6314c-a84e-4775-b944-e1e25bf330ae","uniq_id":3213,"timestamp":"Fri, 02 Feb 2018 00:00:00 GMT","editor":"racheal.olarewaju","scdy_edtor":" ","wardname":"Achara 1","wardcode":"ENSUWN04","lganame":"Enugu South","lgacode":"14005","statename":"Enugu","statecode":"EN","source":"GRID","plc_st_nam":"Police Squadron 1"}},{"type":"Feature","id":50,"geometry":{"type":"Point","coordinates":[7.48653199895261,6.4138006623707]},"properties":{"FID":50,"globalid":"8204b7f8-9ddb-4c18-8044-16bd453a1d8f","uniq_id":3211,"timestamp":"Fri, 02 Feb 2018 00:00:00 GMT","editor":"racheal.olarewaju","scdy_edtor":" ","wardname":"Achara 1","wardcode":"ENSUWN04","lganame":"Enugu South","lgacode":"14005","statename":"Enugu","statecode":"EN","source":"GRID","plc_st_nam":"Ikirike Police Station"}},{"type":"Feature","id":51,"geometry":{"type":"Point","coordinates":[7.37264123360609,6.67755931161298]},"properties":{"FID":51,"globalid":"fc486755-ddd5-4abb-8083-cbf41f5f4b4e","uniq_id":3210,"timestamp":"Fri, 02 Feb 2018 00:00:00 GMT","editor":"racheal.olarewaju","scdy_edtor":" ","wardname":"Ikolo / Ohebedum","wardcode":"ENSGBO03","lganame":"Igbo-Etiti","lgacode":"14007","statename":"Enugu","statecode":"EN","source":"GRID","plc_st_nam":"The Nigeria Police Igbo Etiti Division Ogbede"}},{"type":"Feature","id":52,"geometry":{"type":"Point","coordinates":[7.34285145792848,6.70766752913323]},"properties":{"FID":52,"globalid":"02950543-66c6-429c-8551-9e0cf3885ad5","uniq_id":3209,"timestamp":"Fri, 02 Feb 2018 00:00:00 GMT","editor":"racheal.olarewaju","scdy_edtor":" ","wardname":"Aku 5","wardcode":"ENSGBO14","lganame":"Igbo-Etiti","lgacode":"14007","statename":"Enugu","statecode":"EN","source":"GRID","plc_st_nam":"Ogboeze Police Station"}},{"type":"Feature","id":53,"geometry":{"type":"Point","coordinates":[7.49334166728414,6.38224166661968]},"properties":{"FID":53,"globalid":"46675b77-893d-40a4-ab5d-26a0c2b66c5d","uniq_id":3208,"timestamp":"Fri, 02 Feb 2018 00:00:00 GMT","editor":"racheal.olarewaju","scdy_edtor":" ","wardname":"Akwuke Central","wardcode":"ENSUWN10","lganame":"Enugu South","lgacode":"14005","statename":"Enugu","statecode":"EN","source":"GRID","plc_st_nam":"Awkunanaw Police Station"}},{"type":"Feature","id":54,"geometry":{"type":"Point","coordinates":[7.49521500007222,6.44119166736164]},"properties":{"FID":54,"globalid":"09f39054-bfe4-4cfa-8100-aed0b08ac5e8","uniq_id":3207,"timestamp":"Fri, 02 Feb 2018 00:00:00 GMT","editor":"racheal.olarewaju","scdy_edtor":" ","wardname":"Ogui Township","wardcode":"ENSENU05","lganame":"Enugu North","lgacode":"14004","statename":"Enugu","statecode":"EN","source":"GRID","plc_st_nam":"Ogui Road Police Station"}},{"type":"Feature","id":55,"geometry":{"type":"Point","coordinates":[7.49413155532704,6.44478905177334]},"properties":{"FID":55,"globalid":"37217fe9-7e06-4139-a1ed-6ae1e1a77a32","uniq_id":3206,"timestamp":"Fri, 02 Feb 2018 00:00:00 GMT","editor":"racheal.olarewaju","scdy_edtor":" ","wardname":"Asata","wardcode":"ENSENU08","lganame":"Enugu North","lgacode":"14004","statename":"Enugu","statecode":"EN","source":"GRID","plc_st_nam":"Railway Police Station"}},{"type":"Feature","id":56,"geometry":{"type":"Point","coordinates":[7.10810530931263,6.52263898340243]},"properties":{"FID":56,"globalid":"0f3fe78b-a1d8-428d-b2c1-5350512912ab","uniq_id":3205,"timestamp":"Fri, 02 Feb 2018 00:00:00 GMT","editor":"racheal.olarewaju","scdy_edtor":" ","wardname":"Umulokpa","wardcode":"ENSUMU12","lganame":"Uzo-Uwani","lgacode":"14017","statename":"Enugu","statecode":"EN","source":"GRID","plc_st_nam":"Umulokpa Police Divisional Headquarters"}},{"type":"Feature","id":57,"geometry":{"type":"Point","coordinates":[7.41413402376622,6.66030320382987]},"properties":{"FID":57,"globalid":"a92867a5-bf8a-4fac-8c43-ba74c9d7eb26","uniq_id":3204,"timestamp":"Fri, 02 Feb 2018 00:00:00 GMT","editor":"racheal.olarewaju","scdy_edtor":" ","wardname":"Ukehe 2","wardcode":"ENSGBO09","lganame":"Igbo-Etiti","lgacode":"14007","statename":"Enugu","statecode":"EN","source":"GRID","plc_st_nam":"Nigeria Police Post Ogbodo Ukehe"}},{"type":"Feature","id":58,"geometry":{"type":"Point","coordinates":[7.36549300110119,7.00322727162131]},"properties":{"FID":58,"globalid":"5093da41-d55a-420c-8e20-7d5330da4de0","uniq_id":3203,"timestamp":"Fri, 02 Feb 2018 00:00:00 GMT","editor":"racheal.olarewaju","scdy_edtor":" ","wardname":"Unadu","wardcode":"ENSBBG09","lganame":"Igbo-Eze-South","lgacode":"14009","statename":"Enugu","statecode":"EN","source":"GRID","plc_st_nam":"Unadu Police Post"}},{"type":"Feature","id":59,"geometry":{"type":"Point","coordinates":[7.39059459296612,6.93157658898843]},"properties":{"FID":59,"globalid":"423a8974-4127-4b3e-9ca3-a76953c23637","uniq_id":3202,"timestamp":"Fri, 02 Feb 2018 00:00:00 GMT","editor":"racheal.olarewaju","scdy_edtor":" ","wardname":"Echara","wardcode":"ENSBBG14","lganame":"Igbo-Eze-South","lgacode":"14009","statename":"Enugu","statecode":"EN","source":"GRID","plc_st_nam":"Ibagwa Aka Police Station"}},{"type":"Feature","id":60,"geometry":{"type":"Point","coordinates":[7.48743324464857,6.44330977492621]},"properties":{"FID":60,"globalid":"ad678667-278b-4269-b35c-94e64b02070d","uniq_id":3201,"timestamp":"Fri, 02 Feb 2018 00:00:00 GMT","editor":"racheal.olarewaju","scdy_edtor":" ","wardname":"Ogui Township","wardcode":"ENSENU05","lganame":"Enugu North","lgacode":"14004","statename":"Enugu","statecode":"EN","source":"GRID","plc_st_nam":"The Nigerian Police State Headquarters"}},{"type":"Feature","id":61,"geometry":{"type":"Point","coordinates":[7.61984516622147,6.23790713320767]},"properties":{"FID":61,"globalid":"2e908240-ba34-4e8f-9621-ae157292b37d","uniq_id":3200,"timestamp":"Fri, 02 Feb 2018 00:00:00 GMT","editor":"racheal.olarewaju","scdy_edtor":" ","wardname":"Nara 1","wardcode":"ENSMGL05","lganame":"Nkanu East","lgacode":"14011","statename":"Enugu","statecode":"EN","source":"GRID","plc_st_nam":"Aziaba Police Station"}},{"type":"Feature","id":62,"geometry":{"type":"Point","coordinates":[7.45678000019689,6.81316666740781]},"properties":{"FID":62,"globalid":"a1747f52-3cd9-4bb9-b603-a54aea61f89f","uniq_id":3199,"timestamp":"Fri, 02 Feb 2018 00:00:00 GMT","editor":"racheal.olarewaju","scdy_edtor":" ","wardname":"Agbamere / Umuabor","wardcode":"ENSNSK07","lganame":"Nsukka","lgacode":"14013","statename":"Enugu","statecode":"EN","source":"GRID","plc_st_nam":"Police Divisional Headquarters Umabor"}},{"type":"Feature","id":63,"geometry":{"type":"Point","coordinates":[7.28290638342293,6.11715331127635]},"properties":{"FID":63,"globalid":"00070942-ff2b-474b-809e-8bbe1acc197a","uniq_id":3198,"timestamp":"Fri, 02 Feb 2018 00:00:00 GMT","editor":"racheal.olarewaju","scdy_edtor":" ","wardname":"Inyi 2","wardcode":"ENSJRV17","lganame":"Oji-River","lgacode":"14014","statename":"Enugu","statecode":"EN","source":"GRID","plc_st_nam":"Inyi Police Station"}},{"type":"Feature","id":64,"geometry":{"type":"Point","coordinates":[7.46717320967593,6.29467008525626]},"properties":{"FID":64,"globalid":"a4b9f5a8-66e0-4ddd-9a1c-68fb40ed8bd5","uniq_id":3197,"timestamp":"Fri, 02 Feb 2018 00:00:00 GMT","editor":"racheal.olarewaju","scdy_edtor":" ","wardname":"Ozalla","wardcode":"ENSAGN06","lganame":"Nkanu West","lgacode":"14012","statename":"Enugu","statecode":"EN","source":"GRID","plc_st_nam":"University Of Nigeria Teaching Hospital Police Post"}},{"type":"Feature","id":65,"geometry":{"type":"Point","coordinates":[7.27015218557494,6.43151893894793]},"properties":{"FID":65,"globalid":"c0270155-3b81-4b74-8b73-2e24d3e87d2c","uniq_id":3196,"timestamp":"Fri, 02 Feb 2018 00:00:00 GMT","editor":"racheal.olarewaju","scdy_edtor":" ","wardname":"Iwollo","wardcode":"ENSAGW14","lganame":"Ezeagu","lgacode":"14006","statename":"Enugu","statecode":"EN","source":"GRID","plc_st_nam":"Iwollo Police Post"}},{"type":"Feature","id":66,"geometry":{"type":"Point","coordinates":[7.36569000029334,6.36918333334421]},"properties":{"FID":66,"globalid":"9143a01b-40ec-468e-a69c-81a3d11cd4e9","uniq_id":3195,"timestamp":"Fri, 02 Feb 2018 00:00:00 GMT","editor":"racheal.olarewaju","scdy_edtor":" ","wardname":"Imezi Owa 1 / Ozom 2","wardcode":"ENSAGW13","lganame":"Ezeagu","lgacode":"14006","statename":"Enugu","statecode":"EN","source":"GRID","plc_st_nam":"Imezi Owa Police Station"}},{"type":"Feature","id":67,"geometry":{"type":"Point","coordinates":[7.28730280468073,6.90837620170038]},"properties":{"FID":67,"globalid":"2a4b54d3-da69-4c4c-a3ba-c4ea2c80a070","uniq_id":3194,"timestamp":"Fri, 02 Feb 2018 00:00:00 GMT","editor":"racheal.olarewaju","scdy_edtor":" ","wardname":"Okpuje / Okutu / Anuka","wardcode":"ENSNSK06","lganame":"Nsukka","lgacode":"14013","statename":"Enugu","statecode":"EN","source":"GRID","plc_st_nam":"Okpuje Police Station"}},{"type":"Feature","id":68,"geometry":{"type":"Point","coordinates":[7.48434622190069,6.47809140039789]},"properties":{"FID":68,"globalid":"9f497bab-d2cd-49a7-bcef-75be25868a48","uniq_id":3193,"timestamp":"Fri, 02 Feb 2018 00:00:00 GMT","editor":"racheal.olarewaju","scdy_edtor":" ","wardname":"Trans Ekulu","wardcode":"ENSNKW12","lganame":"Enugu East","lgacode":"14003","statename":"Enugu","statecode":"EN","source":"GRID","plc_st_nam":"Phase 6 Police Station Trans Ekulu"}},{"type":"Feature","id":69,"geometry":{"type":"Point","coordinates":[7.56489929706498,6.62432597556335]},"properties":{"FID":69,"globalid":"7b2a4cab-5ccc-4975-b790-22f564ebc6e1","uniq_id":3192,"timestamp":"Fri, 02 Feb 2018 00:00:00 GMT","editor":"racheal.olarewaju","scdy_edtor":" ","wardname":"Mbuluiyiukwu 1","wardcode":"ENSNKW07","lganame":"Enugu East","lgacode":"14003","statename":"Enugu","statecode":"EN","source":"GRID","plc_st_nam":"Divisional Police Station Ugwogo"}},{"type":"Feature","id":70,"geometry":{"type":"Point","coordinates":[7.56481112123629,6.4704712378574]},"properties":{"FID":70,"globalid":"c30c55a8-b445-48c4-9f15-4f78fede6b8d","uniq_id":3190,"timestamp":"Fri, 02 Feb 2018 00:00:00 GMT","editor":"racheal.olarewaju","scdy_edtor":" ","wardname":"Mbulujodo 2 (West) / Emene","wardcode":"ENSNKW05","lganame":"Enugu East","lgacode":"14003","statename":"Enugu","statecode":"EN","source":"GRID","plc_st_nam":"The Nigerian Police Divisional Headquarters Airport Emene"}},{"type":"Feature","id":71,"geometry":{"type":"Point","coordinates":[7.53744101289249,6.44009612583557]},"properties":{"FID":71,"globalid":"5171e7b1-3c1f-429d-9726-1b4505f7fc44","uniq_id":3189,"timestamp":"Fri, 02 Feb 2018 00:00:00 GMT","editor":"racheal.olarewaju","scdy_edtor":" ","wardname":"Independence Layout","wardcode":"ENSENU13","lganame":"Enugu North","lgacode":"14004","statename":"Enugu","statecode":"EN","source":"GRID","plc_st_nam":"Vosan Drive Police Station"}},{"type":"Feature","id":72,"geometry":{"type":"Point","coordinates":[7.58032576472232,6.45469552208073]},"properties":{"FID":72,"globalid":"b5c892be-3f2e-454c-8707-bafc4d9c8c00","uniq_id":3188,"timestamp":"Fri, 02 Feb 2018 00:00:00 GMT","editor":"racheal.olarewaju","scdy_edtor":" ","wardname":"Mbulujodo 2 (West) / Emene","wardcode":"ENSNKW05","lganame":"Enugu East","lgacode":"14003","statename":"Enugu","statecode":"EN","source":"GRID","plc_st_nam":"The Nigerian Police Divisional Headquarters Emene"}},{"type":"Feature","id":73,"geometry":{"type":"Point","coordinates":[7.46221480207151,6.76385853034697]},"properties":{"FID":73,"globalid":"a56dd264-b960-4a02-8d93-4d57b70e7e75","uniq_id":3187,"timestamp":"Fri, 02 Feb 2018 00:00:00 GMT","editor":"racheal.olarewaju","scdy_edtor":" ","wardname":"Ibeku","wardcode":"ENSNSK03","lganame":"Nsukka","lgacode":"14013","statename":"Enugu","statecode":"EN","source":"GRID","plc_st_nam":"Opi Uno Police Post"}},{"type":"Feature","id":74,"geometry":{"type":"Point","coordinates":[6.2897703961869,9.36420822113257]},"properties":{"FID":74,"globalid":"675fbb96-b762-415b-8c29-7354daefdc66","uniq_id":3186,"timestamp":"Fri, 02 Feb 2018 00:00:00 GMT","editor":"racheal.olarewaju","scdy_edtor":" ","wardname":"Kateregi","wardcode":"NISKHA09","lganame":"Katcha","lgacode":"27010","statename":"Niger","statecode":"NI","source":"GRID","plc_st_nam":"Kataeregi Police Station"}},{"type":"Feature","id":75,"geometry":{"type":"Point","coordinates":[4.83269333263127,10.2179716672587]},"properties":{"FID":75,"globalid":"8cd5a1a7-03a6-4059-8e59-aea43f612fcc","uniq_id":3184,"timestamp":"Fri, 02 Feb 2018 00:00:00 GMT","editor":"racheal.olarewaju","scdy_edtor":" ","wardname":"Kawo","wardcode":"NISNAS04","lganame":"Magama","lgacode":"27014","statename":"Niger","statecode":"NI","source":"GRID","plc_st_nam":"Kawo Out Station"}},{"type":"Feature","id":76,"geometry":{"type":"Point","coordinates":[7.21020364778019,6.04623515163098]},"properties":{"FID":76,"globalid":"6d59ef3b-1425-4848-90c2-ec19946d7e51","uniq_id":3183,"timestamp":"Fri, 02 Feb 2018 00:00:00 GMT","editor":"racheal.olarewaju","scdy_edtor":" ","wardname":"Umuchukwu","wardcode":"ANSUMZ14","lganame":"Orumba South","lgacode":"4020","statename":"Anambra","statecode":"AN","source":"GRID","plc_st_nam":"Police Station Ajali"}},{"type":"Feature","id":77,"geometry":{"type":"Point","coordinates":[7.06673050930561,6.02689922581868]},"properties":{"FID":77,"globalid":"54bb2f35-ca3e-4ec1-bf76-5c8524fee897","uniq_id":3182,"timestamp":"Fri, 02 Feb 2018 00:00:00 GMT","editor":"racheal.olarewaju","scdy_edtor":" ","wardname":"Nanka 1","wardcode":"ANSAJL07","lganame":"Orumba North","lgacode":"4019","statename":"Anambra","statecode":"AN","source":"GRID","plc_st_nam":"The Nigerian Police Station Ekwusigo Park Isuofia"}},{"type":"Feature","id":78,"geometry":{"type":"Point","coordinates":[6.97279621367437,5.96075092641416]},"properties":{"FID":78,"globalid":"d1e28ee6-82ab-4882-a7bd-04ada4b4fb97","uniq_id":3181,"timestamp":"Fri, 02 Feb 2018 00:00:00 GMT","editor":"racheal.olarewaju","scdy_edtor":" ","wardname":"Amichi 3","wardcode":"ANSUKP04","lganame":"Nnewi South","lgacode":"4015","statename":"Anambra","statecode":"AN","source":"GRID","plc_st_nam":"Isoke Ndida Police Post Obenasa Amichi"}},{"type":"Feature","id":79,"geometry":{"type":"Point","coordinates":[7.49088500004279,5.5224033333472]},"properties":{"FID":79,"globalid":"26a956b9-0962-47d0-8f2e-3ba84e691c14","uniq_id":3180,"timestamp":"Fri, 02 Feb 2018 00:00:00 GMT","editor":"racheal.olarewaju","scdy_edtor":" ","wardname":"Afaraukwu","wardcode":"ABSUMA01","lganame":"Umuahia North","lgacode":"1016","statename":"Abia","statecode":"AB","source":"GRID","plc_st_nam":"The Nigerian Police Officers Mess"}},{"type":"Feature","id":80,"geometry":{"type":"Point","coordinates":[7.35432833338592,5.02173499957064]},"properties":{"FID":80,"globalid":"855df2ca-9802-44c4-89ef-0cc588027891","uniq_id":3179,"timestamp":"Fri, 02 Feb 2018 00:00:00 GMT","editor":"racheal.olarewaju","scdy_edtor":" ","wardname":"Ihie Obeaku 9","wardcode":"ABSGWB05","lganame":"Ugwunagbo","lgacode":"1012","statename":"Abia","statecode":"AB","source":"GRID","plc_st_nam":"Ugwunagbo Police Station"}},{"type":"Feature","id":81,"geometry":{"type":"Point","coordinates":[7.73755166687596,5.70613666737336]},"properties":{"FID":81,"globalid":"4d7e8192-0aa0-4503-9fdc-69ab86d7b293","uniq_id":3178,"timestamp":"Fri, 02 Feb 2018 00:00:00 GMT","editor":"racheal.olarewaju","scdy_edtor":" ","wardname":"Ameke 1","wardcode":"ABSHAF03","lganame":"Ohafia","lgacode":"1010","statename":"Abia","statecode":"AB","source":"GRID","plc_st_nam":"Abiriba Divisional Police Headquarters"}},{"type":"Feature","id":82,"geometry":{"type":"Point","coordinates":[7.33497000006548,5.13920333276764]},"properties":{"FID":82,"globalid":"1871a496-e824-47fb-9e63-0bf9c7d5a1c9","uniq_id":3177,"timestamp":"Fri, 02 Feb 2018 00:00:00 GMT","editor":"racheal.olarewaju","scdy_edtor":" ","wardname":"Ode-Okwu","wardcode":"ABSSSM12","lganame":"Osisioma Ngwa","lgacode":"1011","statename":"Abia","statecode":"AB","source":"GRID","plc_st_nam":"The Nigerian Police Divisional Headquarters Abayi Aba"}},{"type":"Feature","id":83,"geometry":{"type":"Point","coordinates":[3.95736833288231,7.33628833333995]},"properties":{"FID":83,"globalid":"050438ee-c80b-4053-8883-beb8bc23b844","uniq_id":3174,"timestamp":"Fri, 02 Feb 2018 00:00:00 GMT","editor":"racheal.olarewaju","scdy_edtor":" ","wardname":"Muslim","wardcode":"OYSOYE07","lganame":"Oluyole","lgacode":"31025","statename":"Oyo","statecode":"OY","source":"GRID","plc_st_nam":"Nigeria Security And Civil Defence Corps"}},{"type":"Feature","id":84,"geometry":{"type":"Point","coordinates":[7.40287666742432,5.98187666677478]},"properties":{"FID":84,"globalid":"e1c95fe8-6041-44a0-b317-c7f759ebe65a","uniq_id":3172,"timestamp":"Fri, 02 Feb 2018 00:00:00 GMT","editor":"racheal.olarewaju","scdy_edtor":" ","wardname":"Amorie","wardcode":"ABSUNC02","lganame":"Umu-Nneochi","lgacode":"1015","statename":"Abia","statecode":"AB","source":"GRID","plc_st_nam":"Divisional Headquaters Isuochi"}},{"type":"Feature","id":85,"geometry":{"type":"Point","coordinates":[7.60556166673757,5.43790333337216]},"properties":{"FID":85,"globalid":"f5f321e7-1f95-496a-8991-81e5c8313e99","uniq_id":3171,"timestamp":"Fri, 02 Feb 2018 00:00:00 GMT","editor":"racheal.olarewaju","scdy_edtor":" ","wardname":"Ibere 1","wardcode":"ABSKWU07","lganame":"Ikwuano","lgacode":"1005","statename":"Abia","statecode":"AB","source":"GRID","plc_st_nam":"The Nigeria Police Ibere Ikwuano"}},{"type":"Feature","id":86,"geometry":{"type":"Point","coordinates":[7.40301500024214,5.981331666823]},"properties":{"FID":86,"globalid":"84bf2b1c-8398-4409-9a05-9bb887074f38","uniq_id":3170,"timestamp":"Fri, 02 Feb 2018 00:00:00 GMT","editor":"racheal.olarewaju","scdy_edtor":" ","wardname":"Amorie","wardcode":"ABSUNC02","lganame":"Umu-Nneochi","lgacode":"1015","statename":"Abia","statecode":"AB","source":"GRID","plc_st_nam":"Isuochi Divisional Police Headquarters"}},{"type":"Feature","id":87,"geometry":{"type":"Point","coordinates":[4.06531443921006,7.46336215983587]},"properties":{"FID":87,"globalid":"66f423cf-1398-47b1-b1c6-ff4477ae09ba","uniq_id":3169,"timestamp":"Fri, 02 Feb 2018 00:00:00 GMT","editor":"racheal.olarewaju","scdy_edtor":" ","wardname":"Lalupon 3","wardcode":"OYSLAU04","lganame":"Lagelu","lgacode":"31020","statename":"Oyo","statecode":"OY","source":"GRID","plc_st_nam":"Lalupon Police Station"}},{"type":"Feature","id":88,"geometry":{"type":"Point","coordinates":[4.00682841489947,7.38557278675478]},"properties":{"FID":88,"globalid":"8af637e0-5142-4e3e-86a0-53f5eed9f74f","uniq_id":3167,"timestamp":"Fri, 02 Feb 2018 00:00:00 GMT","editor":"racheal.olarewaju","scdy_edtor":" ","wardname":"Egbeda","wardcode":"OYSEGA04","lganame":"Egbeda","lgacode":"31005","statename":"Oyo","statecode":"OY","source":"GRID","plc_st_nam":"Ogungbade Police Division Ibadan"}},{"type":"Feature","id":89,"geometry":{"type":"Point","coordinates":[8.23611333336368,6.41623000011447]},"properties":{"FID":89,"globalid":"6fec8c53-39ea-4e8c-ac9f-7723990e8a46","uniq_id":3166,"timestamp":"Fri, 02 Feb 2018 00:00:00 GMT","editor":"racheal.olarewaju","scdy_edtor":" ","wardname":"Iboko","wardcode":"EBSBKL06","lganame":"Izzi","lgacode":"11010","statename":"Ebonyi","statecode":"EB","source":"GRID","plc_st_nam":"Iboko Police Station"}},{"type":"Feature","id":90,"geometry":{"type":"Point","coordinates":[8.10626333298649,6.32769333288104]},"properties":{"FID":90,"globalid":"cf16386e-a625-43e1-a982-0b67b0667250","uniq_id":3165,"timestamp":"Fri, 02 Feb 2018 00:00:00 GMT","editor":"racheal.olarewaju","scdy_edtor":" ","wardname":"Onuenyim","wardcode":"EBSUGB19","lganame":"Ebonyi","lgacode":"11004","statename":"Ebonyi","statecode":"EB","source":"GRID","plc_st_nam":"Ebonyi State Police Head Quarter"}},{"type":"Feature","id":91,"geometry":{"type":"Point","coordinates":[8.11088833313011,6.29904166723918]},"properties":{"FID":91,"globalid":"f4a8a591-e6ab-4613-81ce-8c29392089e4","uniq_id":3164,"timestamp":"Fri, 02 Feb 2018 00:00:00 GMT","editor":"racheal.olarewaju","scdy_edtor":" ","wardname":"Timber Shade","wardcode":"EBSAKL20","lganame":"Abakaliki","lgacode":"11001","statename":"Ebonyi","statecode":"EB","source":"GRID","plc_st_nam":"SSS Ochudo"}},{"type":"Feature","id":92,"geometry":{"type":"Point","coordinates":[6.73852166684151,10.0820300001844]},"properties":{"FID":92,"globalid":"7a2ada2f-4d00-4c12-b549-b9481725cc13","uniq_id":3163,"timestamp":"Fri, 02 Feb 2018 00:00:00 GMT","editor":"adanna.alex","scdy_edtor":" ","wardname":"Erena","wardcode":"NISKUT05","lganame":"Shiroro","lgacode":"27022","statename":"Niger","statecode":"NI","source":"GRID","plc_st_nam":"Erena Divisional Police Station"}},{"type":"Feature","id":93,"geometry":{"type":"Point","coordinates":[7.03056499987491,5.49690500016567]},"properties":{"FID":93,"globalid":"c627a70d-b7fb-4348-8218-6e6688595766","uniq_id":3162,"timestamp":"Fri, 02 Feb 2018 00:00:00 GMT","editor":"adanna.alex","scdy_edtor":" ","wardname":"Ikenegbu 1","wardcode":"IMSWER10","lganame":"Owerri Municipal","lgacode":"17024","statename":"Imo","statecode":"IM","source":"GRID","plc_st_nam":"The Nigeria Police Shell Camp Divisional Headquarters"}},{"type":"Feature","id":94,"geometry":{"type":"Point","coordinates":[6.80115833309065,5.71021333287905]},"properties":{"FID":94,"globalid":"43965dd5-0f1e-4736-8c02-02036e710871","uniq_id":3161,"timestamp":"Fri, 02 Feb 2018 00:00:00 GMT","editor":"adanna.alex","scdy_edtor":" ","wardname":"Oguta B","wardcode":"IMSGUA10","lganame":"Oguta","lgacode":"17017","statename":"Imo","statecode":"IM","source":"GRID","plc_st_nam":"Police Station"}},{"type":"Feature","id":95,"geometry":{"type":"Point","coordinates":[7.33175136423409,5.83522465239582]},"properties":{"FID":95,"globalid":"b23522df-7b67-4c04-addd-63919abec2a3","uniq_id":3160,"timestamp":"Fri, 02 Feb 2018 00:00:00 GMT","editor":"adanna.alex","scdy_edtor":" ","wardname":"Ihube 1 and 2","wardcode":"IMSKGE07","lganame":"Okigwe","lgacode":"17019","statename":"Imo","statecode":"IM","source":"GRID","plc_st_nam":"34 Arty Bde Fob Okigwe"}},{"type":"Feature","id":96,"geometry":{"type":"Point","coordinates":[7.27032624216241,5.78381498497362]},"properties":{"FID":96,"globalid":"61a0f446-a1df-4416-af5e-e4bed4fecca1","uniq_id":3159,"timestamp":"Fri, 02 Feb 2018 00:00:00 GMT","editor":"adanna.alex","scdy_edtor":" ","wardname":"Umucheke 1 and 2","wardcode":"IMSKWE13","lganame":"Onuimo","lgacode":"17027","statename":"Imo","statecode":"IM","source":"GRID","plc_st_nam":"The Nigeria Police Station Umuna"}},{"type":"Feature","id":97,"geometry":{"type":"Point","coordinates":[7.18266575831814,5.74566097557363]},"properties":{"FID":97,"globalid":"6ae06367-48f5-4440-9ca0-8fb61a80a745","uniq_id":3158,"timestamp":"Fri, 02 Feb 2018 00:00:00 GMT","editor":"adanna.alex","scdy_edtor":" ","wardname":"Umuma / Isiaku / Umulewe","wardcode":"IMSDFB15","lganame":"Ideato South","lgacode":"17006","statename":"Imo","statecode":"IM","source":"GRID","plc_st_nam":"Okwelle Police Divisoon Head Quarter"}},{"type":"Feature","id":98,"geometry":{"type":"Point","coordinates":[7.01308696908842,5.47624347905338]},"properties":{"FID":98,"globalid":"3d0caef3-11b1-45e7-b261-8a344e263738","uniq_id":3157,"timestamp":"Fri, 02 Feb 2018 00:00:00 GMT","editor":"adanna.alex","scdy_edtor":" ","wardname":"Azuzi 1","wardcode":"IMSWER03","lganame":"Owerri Municipal","lgacode":"17024","statename":"Imo","statecode":"IM","source":"GRID","plc_st_nam":"The Nigeria Police Divisional Headquaters"}},{"type":"Feature","id":99,"geometry":{"type":"Point","coordinates":[7.21552718193396,5.87443199094366]},"properties":{"FID":99,"globalid":"0f8db6d8-e83d-49ac-a9c0-d95e006952ae","uniq_id":3156,"timestamp":"Fri, 02 Feb 2018 00:00:00 GMT","editor":"adanna.alex","scdy_edtor":" ","wardname":"Iheme 2","wardcode":"IMSURU04","lganame":"Ideato North","lgacode":"17005","statename":"Imo","statecode":"IM","source":"GRID","plc_st_nam":"The Nigeria Police Ndiejezie Police Post"}},{"type":"Feature","id":100,"geometry":{"type":"Point","coordinates":[6.95040860667189,5.64214839832999]},"properties":{"FID":100,"globalid":"d63a1ba9-3540-42a5-a8db-ee930d145caa","uniq_id":3155,"timestamp":"Fri, 02 Feb 2018 00:00:00 GMT","editor":"adanna.alex","scdy_edtor":" ","wardname":"Awo 2","wardcode":"IMSMGD08","lganame":"Oru East","lgacode":"17022","statename":"Imo","statecode":"IM","source":"GRID","plc_st_nam":"Njeaba Police Station"}},{"type":"Feature","id":101,"geometry":{"type":"Point","coordinates":[6.77020500016067,5.36301000031131]},"properties":{"FID":101,"globalid":"ed24a4c1-fd40-4155-afc2-3c7069fa76e9","uniq_id":3154,"timestamp":"Fri, 02 Feb 2018 00:00:00 GMT","editor":"adanna.alex","scdy_edtor":" ","wardname":"Awara / Ikwerede","wardcode":"IMSEBM02","lganame":"Ohaji/Egbema","lgacode":"17018","statename":"Imo","statecode":"IM","source":"GRID","plc_st_nam":"Awara Police Station"}},{"type":"Feature","id":102,"geometry":{"type":"Point","coordinates":[6.65559697871765,5.24344569276457]},"properties":{"FID":102,"globalid":"a2f04a13-08a2-4c5a-a1a0-064ea395cd8f","uniq_id":3153,"timestamp":"Fri, 02 Feb 2018 00:00:00 GMT","editor":"racheal.olarewaju","scdy_edtor":" ","wardname":"Eji Central","wardcode":"RVSRGM14","lganame":"Ogba/Egbema/Ndoni","lgacode":"33016","statename":"Rivers","statecode":"RI","source":"GRID","plc_st_nam":"Obite Police Station"}},{"type":"Feature","id":103,"geometry":{"type":"Point","coordinates":[10.4495753751035,8.53926648805805]},"properties":{"FID":103,"globalid":"f9274406-82ec-4714-9d67-56914d9ab347","uniq_id":3152,"timestamp":"Fri, 02 Feb 2018 00:00:00 GMT","editor":"racheal.olarewaju","scdy_edtor":" ","wardname":"Gassol","wardcode":"TRSGAS01","lganame":"Gassol","lgacode":"35005","statename":"Taraba","statecode":"TA","source":"GRID","plc_st_nam":"Gassol Police Station"}},{"type":"Feature","id":104,"geometry":{"type":"Point","coordinates":[6.87402053202197,6.04603770457646]},"properties":{"FID":104,"globalid":"dea63ffc-6137-4d82-939f-99efb727fcdf","uniq_id":3150,"timestamp":"Fri, 02 Feb 2018 00:00:00 GMT","editor":"racheal.olarewaju","scdy_edtor":" ","wardname":"Uruagu 2","wardcode":"ANSNNE09","lganame":"Nnewi North","lgacode":"4014","statename":"Anambra","statecode":"AN","source":"GRID","plc_st_nam":"Police Head Quarters Ichi"}},{"type":"Feature","id":105,"geometry":{"type":"Point","coordinates":[7.04753683825453,6.19667956391078]},"properties":{"FID":105,"globalid":"90b118af-a5d8-492f-9724-9d9a8933c6ae","uniq_id":3149,"timestamp":"Fri, 02 Feb 2018 00:00:00 GMT","editor":"racheal.olarewaju","scdy_edtor":" ","wardname":"Amawbia 2","wardcode":"ANSAWK02","lganame":"Awka South","lgacode":"4006","statename":"Anambra","statecode":"AN","source":"GRID","plc_st_nam":"Base 15 Special Protection Unit Ukpo"}},{"type":"Feature","id":106,"geometry":{"type":"Point","coordinates":[7.31006669702049,6.01097126201415]},"properties":{"FID":106,"globalid":"16268312-ea33-4b67-b8d1-ef975c9c844d","uniq_id":3148,"timestamp":"Fri, 02 Feb 2018 00:00:00 GMT","editor":"racheal.olarewaju","scdy_edtor":" ","wardname":"Owelle-Ezukala 1","wardcode":"ANSUMZ12","lganame":"Orumba South","lgacode":"4020","statename":"Anambra","statecode":"AN","source":"GRID","plc_st_nam":"The Nigeria Police Divisional Headquarters Umuchukwu"}},{"type":"Feature","id":107,"geometry":{"type":"Point","coordinates":[7.00100147114102,6.08767536832363]},"properties":{"FID":107,"globalid":"a2bdd768-a41a-4bdb-a7ca-841d16ed2a41","uniq_id":3147,"timestamp":"Fri, 02 Feb 2018 00:00:00 GMT","editor":"racheal.olarewaju","scdy_edtor":" ","wardname":"Adazi Nnukwu 2","wardcode":"ANSNEN02","lganame":"Anaocha","lgacode":"4004","statename":"Anambra","statecode":"AN","source":"GRID","plc_st_nam":"Neni Police Station"}},{"type":"Feature","id":108,"geometry":{"type":"Point","coordinates":[4.64509999956539,7.98118499958809]},"properties":{"FID":108,"globalid":"d5027e6d-1b5c-40a1-9e2d-2c3a59ddd066","uniq_id":3146,"timestamp":"Fri, 02 Feb 2018 00:00:00 GMT","editor":"racheal.olarewaju","scdy_edtor":" ","wardname":"Olukotun Inisha","wardcode":"OSSODN13","lganame":"Odo Otin","lgacode":"30025","statename":"Osun","statecode":"OS","source":"GRID","plc_st_nam":"Police Station Inisa"}},{"type":"Feature","id":109,"geometry":{"type":"Point","coordinates":[7.3764849998829,5.11640499999078]},"properties":{"FID":109,"globalid":"d2487f8a-7de8-4c93-9b5b-775ca3cdfe17","uniq_id":3144,"timestamp":"Fri, 02 Feb 2018 00:00:00 GMT","editor":"racheal.olarewaju","scdy_edtor":" ","wardname":"Industrial","wardcode":"ABSEZA05","lganame":"Aba North","lgacode":"1001","statename":"Abia","statecode":"AB","source":"GRID","plc_st_nam":"Eziama Police Station"}},{"type":"Feature","id":110,"geometry":{"type":"Point","coordinates":[4.76618333309438,8.04871333295398]},"properties":{"FID":110,"globalid":"ccf88c6a-3021-4ea3-93ff-89f0db6e32e7","uniq_id":3143,"timestamp":"Fri, 02 Feb 2018 00:00:00 GMT","editor":"racheal.olarewaju","scdy_edtor":" ","wardname":"Osolo / Oparimo","wardcode":"OSSODN15","lganame":"Odo Otin","lgacode":"30025","statename":"Osun","statecode":"OS","source":"GRID","plc_st_nam":"The Nigeria Police Station Oyan"}},{"type":"Feature","id":111,"geometry":{"type":"Point","coordinates":[3.41682333293051,8.20583941215921]},"properties":{"FID":111,"globalid":"189252cf-940f-4dc4-a4dc-900b6ffdda64","uniq_id":2504,"timestamp":"Fri, 02 Feb 2018 00:00:00 GMT","editor":"racheal.olarewaju","scdy_edtor":" ","wardname":"Otuilesan","wardcode":"OYSIWU09","lganame":"Itesiwaju","lgacode":"31017","statename":"Oyo","statecode":"OY","source":"GRID","plc_st_nam":"Police Divisional Headquarters Otu"}},{"type":"Feature","id":112,"geometry":{"type":"Point","coordinates":[3.88662499964408,7.33743166663817]},"properties":{"FID":112,"globalid":"51caf5dc-faa7-49e8-a929-f1c3bd6b3459","uniq_id":2503,"timestamp":"Fri, 02 Feb 2018 00:00:00 GMT","editor":"racheal.olarewaju","scdy_edtor":" ","wardname":"Challenge","wardcode":"OYSISE04","lganame":"Ibadan South East","lgacode":"31009","statename":"Oyo","statecode":"OY","source":"GRID","plc_st_nam":"Felele Divisional Headquarters"}},{"type":"Feature","id":113,"geometry":{"type":"Point","coordinates":[7.94604999990764,6.47971999977824]},"properties":{"FID":113,"globalid":"f529ec27-e832-4f91-a4d7-04c05445ce29","uniq_id":2502,"timestamp":"Fri, 02 Feb 2018 00:00:00 GMT","editor":"racheal.olarewaju","scdy_edtor":" ","wardname":"Ijinike Amin","wardcode":"EBSHKW11","lganame":"Ohaukwu","lgacode":"11012","statename":"Ebonyi","statecode":"EB","source":"GRID","plc_st_nam":"Nigerian Police Ngbo West Police Station Ijinike"}},{"type":"Feature","id":114,"geometry":{"type":"Point","coordinates":[5.71723865773794,7.74636995301097]},"properties":{"FID":114,"globalid":"d78caf49-d7a5-47c8-b117-e9be0c1ecc3d","uniq_id":3142,"timestamp":"Fri, 02 Feb 2018 00:00:00 GMT","editor":"racheal.olarewaju","scdy_edtor":" ","wardname":"Araromi Omuo","wardcode":"EKSEKE01","lganame":"Ekiti East","lgacode":"13003","statename":"Ekiti","statecode":"EK","source":"GRID","plc_st_nam":"Omuo Ekiti Divisional Police Station"}},{"type":"Feature","id":115,"geometry":{"type":"Point","coordinates":[5.22928785824809,7.50562562402337]},"properties":{"FID":115,"globalid":"5817c238-76bb-458d-b8c3-a415f888fcb1","uniq_id":3141,"timestamp":"Fri, 02 Feb 2018 00:00:00 GMT","editor":"racheal.olarewaju","scdy_edtor":" ","wardname":"Ogbojano","wardcode":"EKSIKR08","lganame":"Ikere","lgacode":"13010","statename":"Ekiti","statecode":"EK","source":"GRID","plc_st_nam":"Afao Police Station"}},{"type":"Feature","id":116,"geometry":{"type":"Point","coordinates":[5.25066447168808,7.61011599725549]},"properties":{"FID":116,"globalid":"dd8f754b-b77f-4ef5-89d0-4786fc8acd20","uniq_id":3140,"timestamp":"Fri, 02 Feb 2018 00:00:00 GMT","editor":"racheal.olarewaju","scdy_edtor":" ","wardname":"Odo Ado","wardcode":"EKSADO08","lganame":"Ado-Ekiti","lgacode":"13001","statename":"Ekiti","statecode":"EK","source":"GRID","plc_st_nam":"Odo Ado Divisional Police Head Quarter"}},{"type":"Feature","id":117,"geometry":{"type":"Point","coordinates":[5.54691329361367,7.6383327588498]},"properties":{"FID":117,"globalid":"5af3ad8c-84c6-4c96-9209-8a2eadacb588","uniq_id":3139,"timestamp":"Fri, 02 Feb 2018 00:00:00 GMT","editor":"racheal.olarewaju","scdy_edtor":" ","wardname":"Ode 3","wardcode":"EKSGBN10","lganame":"Gbonyin","lgacode":"13007","statename":"Ekiti","statecode":"EK","source":"GRID","plc_st_nam":"Ode Divisional Headquarter"}},{"type":"Feature","id":118,"geometry":{"type":"Point","coordinates":[7.96648499978295,5.96319666689271]},"properties":{"FID":118,"globalid":"3d0298bd-a34c-4bdd-b003-b7a8ae1bf47e","uniq_id":2501,"timestamp":"Fri, 02 Feb 2018 00:00:00 GMT","editor":"racheal.olarewaju","scdy_edtor":" ","wardname":"Amogu Akpoha / Ibii","wardcode":"EBSAFK25","lganame":"Afikpo North","lgacode":"11002","statename":"Ebonyi","statecode":"EB","source":"GRID","plc_st_nam":"Ogwu Eze Police Station"}},{"type":"Feature","id":119,"geometry":{"type":"Point","coordinates":[5.22152666042706,7.48943110566103]},"properties":{"FID":119,"globalid":"98da2911-9e61-4265-94f1-60b6b75f5425","uniq_id":3138,"timestamp":"Fri, 02 Feb 2018 00:00:00 GMT","editor":"racheal.olarewaju","scdy_edtor":" ","wardname":"Ugele","wardcode":"EKSIKR11","lganame":"Ikere","lgacode":"13010","statename":"Ekiti","statecode":"EK","source":"GRID","plc_st_nam":"Ikere Divisional Head Quarter Police Station"}},{"type":"Feature","id":120,"geometry":{"type":"Point","coordinates":[5.20723333315186,7.4948316667481]},"properties":{"FID":120,"globalid":"24cdd25e-98fd-40d6-9044-da72dd2bba93","uniq_id":3137,"timestamp":"Fri, 02 Feb 2018 00:00:00 GMT","editor":"racheal.olarewaju","scdy_edtor":" ","wardname":"Ugele","wardcode":"EKSIKR11","lganame":"Ikere","lgacode":"13010","statename":"Ekiti","statecode":"EK","source":"GRID","plc_st_nam":"Ikere Area Command Headquarters Police Station"}},{"type":"Feature","id":121,"geometry":{"type":"Point","coordinates":[5.39259884226283,7.74256609504931]},"properties":{"FID":121,"globalid":"756b485b-9c47-4c77-834a-afbbd50bc9eb","uniq_id":3136,"timestamp":"Fri, 02 Feb 2018 00:00:00 GMT","editor":"racheal.olarewaju","scdy_edtor":" ","wardname":"Ire 2","wardcode":"EKSOYE06","lganame":"Oye","lgacode":"13016","statename":"Ekiti","statecode":"EK","source":"GRID","plc_st_nam":"Ire Police Station"}},{"type":"Feature","id":122,"geometry":{"type":"Point","coordinates":[5.29563947638076,7.79276769777107]},"properties":{"FID":122,"globalid":"447ed798-86cc-4f93-854f-e81c414ffd31","uniq_id":3135,"timestamp":"Fri, 02 Feb 2018 00:00:00 GMT","editor":"racheal.olarewaju","scdy_edtor":" ","wardname":"Ilupeju 1","wardcode":"EKSOYE03","lganame":"Oye","lgacode":"13016","statename":"Ekiti","statecode":"EK","source":"GRID","plc_st_nam":"Ayegbaju Eliti Police Station"}},{"type":"Feature","id":123,"geometry":{"type":"Point","coordinates":[5.333895000354,7.89249999997509]},"properties":{"FID":123,"globalid":"bc821cbd-f438-4ef3-840c-a2fc66e03127","uniq_id":3134,"timestamp":"Fri, 02 Feb 2018 00:00:00 GMT","editor":"racheal.olarewaju","scdy_edtor":" ","wardname":"Ayegbaju","wardcode":"EKSOYE02","lganame":"Oye","lgacode":"13016","statename":"Ekiti","statecode":"EK","source":"GRID","plc_st_nam":"Ayede Town Police Station"}},{"type":"Feature","id":124,"geometry":{"type":"Point","coordinates":[5.32822718413729,7.90492058891408]},"properties":{"FID":124,"globalid":"f3aa6556-c112-4888-8931-7cf09f06f0aa","uniq_id":3133,"timestamp":"Fri, 02 Feb 2018 00:00:00 GMT","editor":"racheal.olarewaju","scdy_edtor":" ","wardname":"Ayegbaju","wardcode":"EKSOYE02","lganame":"Oye","lgacode":"13016","statename":"Ekiti","statecode":"EK","source":"GRID","plc_st_nam":"Ayede Police Station"}},{"type":"Feature","id":125,"geometry":{"type":"Point","coordinates":[8.2783183002494,5.19564500021664]},"properties":{"FID":125,"globalid":"7662d740-f6c1-43e6-9dd1-eda0767f75b7","uniq_id":3131,"timestamp":"Fri, 02 Feb 2018 00:00:00 GMT","editor":"racheal.olarewaju","scdy_edtor":" ","wardname":"Onimankiong","wardcode":"CRSDUK11","lganame":"Odukpani","lgacode":"9015","statename":"Cross River","statecode":"CR","source":"GRID","plc_st_nam":"Okoyong Police Post"}},{"type":"Feature","id":126,"geometry":{"type":"Point","coordinates":[4.76278166724018,7.52079666713252]},"properties":{"FID":126,"globalid":"bd63a066-ddae-4b83-9dca-a9f7f1525bd9","uniq_id":3127,"timestamp":"Fri, 02 Feb 2018 00:00:00 GMT","editor":"racheal.olarewaju","scdy_edtor":" ","wardname":"Ifelodun","wardcode":"OSSAMW02","lganame":"Atakunmosa West","lgacode":"30004","statename":"Osun","statecode":"OS","source":"GRID","plc_st_nam":"Odogbo Ijesha Police Station"}},{"type":"Feature","id":127,"geometry":{"type":"Point","coordinates":[4.77995999985416,7.94544166699939]},"properties":{"FID":127,"globalid":"77538951-a60c-4464-9df8-2c3204841b68","uniq_id":3126,"timestamp":"Fri, 02 Feb 2018 00:00:00 GMT","editor":"racheal.olarewaju","scdy_edtor":" ","wardname":"Oke Omi","wardcode":"OSSBOLUW08","lganame":"Boluwaduro","lgacode":"30005","statename":"Osun","statecode":"OS","source":"GRID","plc_st_nam":"The Nigeria Police Force B"}},{"type":"Feature","id":128,"geometry":{"type":"Point","coordinates":[8.09679833267694,6.32543500032506]},"properties":{"FID":128,"globalid":"aa76c341-2146-406b-a668-7fb76e03d09d","uniq_id":2500,"timestamp":"Fri, 02 Feb 2018 00:00:00 GMT","editor":"racheal.olarewaju","scdy_edtor":" ","wardname":"Kpiri-Kpiri","wardcode":"EBSUGB10","lganame":"Ebonyi","lgacode":"11004","statename":"Ebonyi","statecode":"EB","source":"GRID","plc_st_nam":"Area Command Headquaters Abakaliki"}},{"type":"Feature","id":129,"geometry":{"type":"Point","coordinates":[7.55777833290381,5.92779333289604]},"properties":{"FID":129,"globalid":"a2df1b30-ae77-4238-b378-115b1a77a5d5","uniq_id":2499,"timestamp":"Fri, 02 Feb 2018 00:00:00 GMT","editor":"racheal.olarewaju","scdy_edtor":" ","wardname":"Ogwor","wardcode":"EBSSKA15","lganame":"Ivo","lgacode":"11009","statename":"Ebonyi","statecode":"EB","source":"GRID","plc_st_nam":"Ivo Divisional Police Headquarters Akanu"}},{"type":"Feature","id":130,"geometry":{"type":"Point","coordinates":[8.20440499979094,6.6435516669759]},"properties":{"FID":130,"globalid":"bd4a6877-76e7-404f-811e-2318e2ae5202","uniq_id":2498,"timestamp":"Fri, 02 Feb 2018 00:00:00 GMT","editor":"racheal.olarewaju","scdy_edtor":" ","wardname":"Igweledoha","wardcode":"EBSBKL08","lganame":"Izzi","lgacode":"11010","statename":"Ebonyi","statecode":"EB","source":"GRID","plc_st_nam":"Iziogo Police Station"}},{"type":"Feature","id":131,"geometry":{"type":"Point","coordinates":[9.9564499997677,9.08937333271319]},"properties":{"FID":131,"globalid":"cff74614-d297-4afd-a552-29ad2d315b2a","uniq_id":3125,"timestamp":"Fri, 02 Feb 2018 00:00:00 GMT","editor":"racheal.olarewaju","scdy_edtor":" ","wardname":"Kuyanbana","wardcode":"PLSWAS11","lganame":"Wase","lgacode":"32017","statename":"Plateau","statecode":"PL","source":"GRID","plc_st_nam":"Police Divisional Head Quarters"}},{"type":"Feature","id":132,"geometry":{"type":"Point","coordinates":[5.1343418316103,7.97750341884773]},"properties":{"FID":132,"globalid":"f86c6a83-b41b-4db4-b99a-634f7433f98d","uniq_id":3123,"timestamp":"Fri, 02 Feb 2018 00:00:00 GMT","editor":"racheal.olarewaju","scdy_edtor":" ","wardname":"Otun 1","wardcode":"EKSMBA09","lganame":"Moba","lgacode":"13015","statename":"Ekiti","statecode":"EK","source":"GRID","plc_st_nam":"The Nigeria Police Divisional Headquarters"}},{"type":"Feature","id":133,"geometry":{"type":"Point","coordinates":[5.21754188495009,7.54789513165503]},"properties":{"FID":133,"globalid":"ed5b3b41-783d-4335-9ea0-9f9b1abca1af","uniq_id":3122,"timestamp":"Fri, 02 Feb 2018 00:00:00 GMT","editor":"racheal.olarewaju","scdy_edtor":" ","wardname":"Ureje","wardcode":"EKSADO13","lganame":"Ado-Ekiti","lgacode":"13001","statename":"Ekiti","statecode":"EK","source":"GRID","plc_st_nam":"Fagbohun Police Station"}},{"type":"Feature","id":134,"geometry":{"type":"Point","coordinates":[5.52444727741994,7.5782622091337]},"properties":{"FID":134,"globalid":"a8f7847a-492f-4723-af10-a940aa594400","uniq_id":3121,"timestamp":"Fri, 02 Feb 2018 00:00:00 GMT","editor":"racheal.olarewaju","scdy_edtor":" ","wardname":"Ode 3","wardcode":"EKSGBN10","lganame":"Gbonyin","lgacode":"13007","statename":"Ekiti","statecode":"EK","source":"GRID","plc_st_nam":"Agbado Police Station"}},{"type":"Feature","id":135,"geometry":{"type":"Point","coordinates":[5.20588714427635,7.66177279387938]},"properties":{"FID":135,"globalid":"9a7fc768-9e9e-40c3-9e32-e16143cf6eaa","uniq_id":3120,"timestamp":"Fri, 02 Feb 2018 00:00:00 GMT","editor":"racheal.olarewaju","scdy_edtor":" ","wardname":"Iyin B","wardcode":"EKSIPN11","lganame":"Irepodun/Ifelodun","lgacode":"13013","statename":"Ekiti","statecode":"EK","source":"GRID","plc_st_nam":"The Nigeria Police State Headquarters Ado Ekiti"}},{"type":"Feature","id":136,"geometry":{"type":"Point","coordinates":[5.23814828661421,7.64488108329539]},"properties":{"FID":136,"globalid":"97157224-0c4d-40e7-8c63-45331011a903","uniq_id":3119,"timestamp":"Fri, 02 Feb 2018 00:00:00 GMT","editor":"racheal.olarewaju","scdy_edtor":" ","wardname":"Opopogboro","wardcode":"EKSADO12","lganame":"Ado-Ekiti","lgacode":"13001","statename":"Ekiti","statecode":"EK","source":"GRID","plc_st_nam":"Nigerian Police Force"}},{"type":"Feature","id":137,"geometry":{"type":"Point","coordinates":[5.40546315939736,7.46447722384488]},"properties":{"FID":137,"globalid":"3d93fc33-f0d8-424e-bb2e-a33305adedd3","uniq_id":3118,"timestamp":"Fri, 02 Feb 2018 00:00:00 GMT","editor":"racheal.olarewaju","scdy_edtor":" ","wardname":"Oraye 1","wardcode":"EKSIEN06","lganame":"Ise/Orun","lgacode":"13014","statename":"Ekiti","statecode":"EK","source":"GRID","plc_st_nam":"Olele PolicePost"}},{"type":"Feature","id":138,"geometry":{"type":"Point","coordinates":[5.10723295833441,7.84467885684381]},"properties":{"FID":138,"globalid":"47d4294e-5905-47d8-9533-727690d806e1","uniq_id":3117,"timestamp":"Fri, 02 Feb 2018 00:00:00 GMT","editor":"racheal.olarewaju","scdy_edtor":" ","wardname":"Ilogbo","wardcode":"EKSIDO01","lganame":"Ido-Osi","lgacode":"13008","statename":"Ekiti","statecode":"EK","source":"GRID","plc_st_nam":"Ayegunle Police Station"}},{"type":"Feature","id":139,"geometry":{"type":"Point","coordinates":[7.3794116672147,5.34628499975298]},"properties":{"FID":139,"globalid":"3136ba59-3c6f-448f-b0da-14edfea3effe","uniq_id":3116,"timestamp":"Fri, 02 Feb 2018 00:00:00 GMT","editor":"racheal.olarewaju","scdy_edtor":" ","wardname":"Isiala Nsulu / Isiala Amapu","wardcode":"ABSKPU13","lganame":"Isiala-Ngwa North","lgacode":"1006","statename":"Abia","statecode":"AB","source":"GRID","plc_st_nam":"Nigeria Police Divisional Headquarters Okpuala Ngwa"}},{"type":"Feature","id":140,"geometry":{"type":"Point","coordinates":[7.63655166682599,5.55873999995106]},"properties":{"FID":140,"globalid":"fbb89846-2283-4f64-9203-4d8842d63d5a","uniq_id":3115,"timestamp":"Fri, 02 Feb 2018 00:00:00 GMT","editor":"racheal.olarewaju","scdy_edtor":" ","wardname":"Ohaeke","wardcode":"ABSACH14","lganame":"Arochukwu","lgacode":"1003","statename":"Abia","statecode":"AB","source":"GRID","plc_st_nam":"Bends Divisional Police Headquarters"}},{"type":"Feature","id":141,"geometry":{"type":"Point","coordinates":[7.16777666705957,4.88752666692221]},"properties":{"FID":141,"globalid":"f9e10fcc-7e2a-4a36-b6a8-40e62fd1e09a","uniq_id":3114,"timestamp":"Fri, 02 Feb 2018 00:00:00 GMT","editor":"racheal.olarewaju","scdy_edtor":" ","wardname":"Ipu East","wardcode":"ABSKKE18","lganame":"Ukwa West","lgacode":"1014","statename":"Abia","statecode":"AB","source":"GRID","plc_st_nam":"Imo River Police Post"}},{"type":"Feature","id":142,"geometry":{"type":"Point","coordinates":[4.43736500029456,7.51538999964879]},"properties":{"FID":142,"globalid":"f68973a2-fead-4b08-8563-31fe388c66dc","uniq_id":3113,"timestamp":"Fri, 02 Feb 2018 00:00:00 GMT","editor":"racheal.olarewaju","scdy_edtor":" ","wardname":"Edunabon 2","wardcode":"OSSINH03","lganame":"Ife North","lgacode":"30013","statename":"Osun","statecode":"OS","source":"GRID","plc_st_nam":"Ipetumodu Police Station"}},{"type":"Feature","id":143,"geometry":{"type":"Point","coordinates":[4.74639333328577,7.62755500016317]},"properties":{"FID":143,"globalid":"603e38df-6e81-4caa-918c-14ccd597e488","uniq_id":3112,"timestamp":"Fri, 02 Feb 2018 00:00:00 GMT","editor":"racheal.olarewaju","scdy_edtor":" ","wardname":"Egbe-Idi","wardcode":"OSSIEW03","lganame":"Ilesha West","lgacode":"30019","statename":"Osun","statecode":"OS","source":"GRID","plc_st_nam":"Police Division HQ Ijamo Ilesha"}},{"type":"Feature","id":144,"geometry":{"type":"Point","coordinates":[4.69431333279414,7.54201666723543]},"properties":{"FID":144,"globalid":"2e491e77-5121-4383-bba9-1d08dde88b82","uniq_id":3111,"timestamp":"Fri, 02 Feb 2018 00:00:00 GMT","editor":"racheal.olarewaju","scdy_edtor":" ","wardname":"Ifelodun","wardcode":"OSSAMW02","lganame":"Atakunmosa West","lgacode":"30004","statename":"Osun","statecode":"OS","source":"GRID","plc_st_nam":"Epe Police Post"}},{"type":"Feature","id":145,"geometry":{"type":"Point","coordinates":[4.7232733327981,7.53314666738481]},"properties":{"FID":145,"globalid":"0caa5e57-de1d-4d55-899a-68765ce91cb8","uniq_id":3110,"timestamp":"Fri, 02 Feb 2018 00:00:00 GMT","editor":"racheal.olarewaju","scdy_edtor":" ","wardname":"Ifelodun","wardcode":"OSSAMW02","lganame":"Atakunmosa West","lgacode":"30004","statename":"Osun","statecode":"OS","source":"GRID","plc_st_nam":"Police Station"}},{"type":"Feature","id":146,"geometry":{"type":"Point","coordinates":[3.92216338842968,7.70801226785193]},"properties":{"FID":146,"globalid":"2951bca9-2775-4319-82d1-928ce7bbd2a0","uniq_id":3107,"timestamp":"Fri, 02 Feb 2018 00:00:00 GMT","editor":"racheal.olarewaju","scdy_edtor":" ","wardname":"Fiditi 1","wardcode":"OYSAFO04","lganame":"Afijio","lgacode":"31001","statename":"Oyo","statecode":"OY","source":"GRID","plc_st_nam":"Fiditi Police Station"}},{"type":"Feature","id":147,"geometry":{"type":"Point","coordinates":[7.78304166743902,6.55065333278515]},"properties":{"FID":147,"globalid":"7cd58676-ae41-4a24-aeec-333ca74499a6","uniq_id":3106,"timestamp":"Fri, 02 Feb 2018 00:00:00 GMT","editor":"racheal.olarewaju","scdy_edtor":" ","wardname":"Amaezu / Amaelu","wardcode":"EBSZLL03","lganame":"Ishielu","lgacode":"11008","statename":"Ebonyi","statecode":"EB","source":"GRID","plc_st_nam":"Niger Cem Police Station"}},{"type":"Feature","id":148,"geometry":{"type":"Point","coordinates":[7.8205683331621,6.034253332925]},"properties":{"FID":148,"globalid":"cd9869d5-27fd-4fe8-8e27-1cfbb7718c58","uniq_id":3103,"timestamp":"Fri, 02 Feb 2018 00:00:00 GMT","editor":"racheal.olarewaju","scdy_edtor":" ","wardname":"Mgbom Okposi / Obioha","wardcode":"EBSBZR08","lganame":"Ohaozara","lgacode":"11011","statename":"Ebonyi","statecode":"EB","source":"GRID","plc_st_nam":"Court Area Station"}},{"type":"Feature","id":149,"geometry":{"type":"Point","coordinates":[7.80810166655874,5.86726999971074]},"properties":{"FID":149,"globalid":"6dc64405-6154-49ae-83bf-8a02456e8eda","uniq_id":3102,"timestamp":"Fri, 02 Feb 2018 00:00:00 GMT","editor":"racheal.olarewaju","scdy_edtor":" ","wardname":"Oso","wardcode":"EBSEDA11","lganame":"Afikpo South","lgacode":"11003","statename":"Ebonyi","statecode":"EB","source":"GRID","plc_st_nam":"Oso Police Station"}},{"type":"Feature","id":150,"geometry":{"type":"Point","coordinates":[3.71444575866485,6.86653934711325]},"properties":{"FID":150,"globalid":"c0fc6be0-10d7-4d82-b22f-e19e462dde3c","uniq_id":3100,"timestamp":"Fri, 02 Feb 2018 00:00:00 GMT","editor":"najib.adam","scdy_edtor":" ","wardname":"Ilisan 2","wardcode":"OGSIKE04","lganame":"Ikenne","lgacode":"28012","statename":"Ogun","statecode":"OG","source":"GRID","plc_st_nam":"Ikenne Police Station"}},{"type":"Feature","id":151,"geometry":{"type":"Point","coordinates":[3.67337333321279,6.96337000022538]},"properties":{"FID":151,"globalid":"9082caec-b04a-49d0-a2f2-d3bfe0c6f611","uniq_id":3099,"timestamp":"Fri, 02 Feb 2018 00:00:00 GMT","editor":"najib.adam","scdy_edtor":" ","wardname":"Ogere 1","wardcode":"OGSIKE09","lganame":"Ikenne","lgacode":"28012","statename":"Ogun","statecode":"OG","source":"GRID","plc_st_nam":"The Nigeria Police Ode Remo Ogun State"}},{"type":"Feature","id":152,"geometry":{"type":"Point","coordinates":[3.63536499959508,6.93456166728714]},"properties":{"FID":152,"globalid":"4976cad9-33c9-433f-b614-5cdf86782213","uniq_id":3098,"timestamp":"Fri, 02 Feb 2018 00:00:00 GMT","editor":"najib.adam","scdy_edtor":" ","wardname":"Iperu 2","wardcode":"OGSIKE06","lganame":"Ikenne","lgacode":"28012","statename":"Ogun","statecode":"OG","source":"GRID","plc_st_nam":"The Nigeria Police Divisional Headquarters Ogere Remo"}},{"type":"Feature","id":153,"geometry":{"type":"Point","coordinates":[3.73299564283468,6.8078342047848]},"properties":{"FID":153,"globalid":"b9ab100c-2258-4872-9520-c9b85c75e795","uniq_id":3094,"timestamp":"Fri, 02 Feb 2018 00:00:00 GMT","editor":"najib.adam","scdy_edtor":" ","wardname":"Odogbolu 1","wardcode":"OGSOGU11","lganame":"Odogbolu","lgacode":"28017","statename":"Ogun","statecode":"OG","source":"GRID","plc_st_nam":"Ayepe Police Station"}},{"type":"Feature","id":154,"geometry":{"type":"Point","coordinates":[3.71502833319107,6.89579666658295]},"properties":{"FID":154,"globalid":"5336114c-1b00-4812-a21a-eaafe160edd4","uniq_id":3093,"timestamp":"Fri, 02 Feb 2018 00:00:00 GMT","editor":"najib.adam","scdy_edtor":" ","wardname":"Ilisan 2","wardcode":"OGSIKE04","lganame":"Ikenne","lgacode":"28012","statename":"Ogun","statecode":"OG","source":"GRID","plc_st_nam":"The Nigeria Police Station Ilishan Remo"}},{"type":"Feature","id":155,"geometry":{"type":"Point","coordinates":[3.81091999965832,6.72711499965754]},"properties":{"FID":155,"globalid":"83e5324d-5143-483a-9d85-20debcc6183b","uniq_id":3092,"timestamp":"Fri, 02 Feb 2018 00:00:00 GMT","editor":"najib.adam","scdy_edtor":" ","wardname":"Ilado","wardcode":"OGSOGU06","lganame":"Odogbolu","lgacode":"28017","statename":"Ogun","statecode":"OG","source":"GRID","plc_st_nam":"Police Station Ibefun"}},{"type":"Feature","id":156,"geometry":{"type":"Point","coordinates":[3.7690183327299,6.84717166713875]},"properties":{"FID":156,"globalid":"fd009c9b-16f7-4fe9-94de-1f9f88f7aa40","uniq_id":3091,"timestamp":"Fri, 02 Feb 2018 00:00:00 GMT","editor":"najib.adam","scdy_edtor":" ","wardname":"Okun Owa","wardcode":"OGSOGU14","lganame":"Odogbolu","lgacode":"28017","statename":"Ogun","statecode":"OG","source":"GRID","plc_st_nam":"Odogbolu Police Station Traffic Department"}},{"type":"Feature","id":157,"geometry":{"type":"Point","coordinates":[3.51084999972772,6.70351500041699]},"properties":{"FID":157,"globalid":"6ab50415-22b2-4f29-978c-42785f068538","uniq_id":3090,"timestamp":"Fri, 02 Feb 2018 00:00:00 GMT","editor":"najib.adam","scdy_edtor":" ","wardname":"Ijagba","wardcode":"OGSSAU07","lganame":"Shagamu","lgacode":"28020","statename":"Ogun","statecode":"OG","source":"GRID","plc_st_nam":"Ogijo Police Station"}},{"type":"Feature","id":158,"geometry":{"type":"Point","coordinates":[4.00613499983041,6.89283166744752]},"properties":{"FID":158,"globalid":"ea3824f1-72f9-4a12-b26f-a24e7dac1daa","uniq_id":3089,"timestamp":"Fri, 02 Feb 2018 00:00:00 GMT","editor":"najib.adam","scdy_edtor":" ","wardname":"Odosenbora","wardcode":"OGSINE08","lganame":"Ijebu North East","lgacode":"28010","statename":"Ogun","statecode":"OG","source":"GRID","plc_st_nam":"Atan Police Station"}},{"type":"Feature","id":159,"geometry":{"type":"Point","coordinates":[8.10200666727394,6.64305666663194]},"properties":{"FID":159,"globalid":"b987e278-1e4b-4b7f-9ea0-5a4be9f55291","uniq_id":2497,"timestamp":"Fri, 02 Feb 2018 00:00:00 GMT","editor":"racheal.olarewaju","scdy_edtor":" ","wardname":"Ndiagu","wardcode":"EBSUGB13","lganame":"Ebonyi","lgacode":"11004","statename":"Ebonyi","statecode":"EB","source":"GRID","plc_st_nam":"Mbeke Police Station"}},{"type":"Feature","id":160,"geometry":{"type":"Point","coordinates":[8.10766166725222,6.24854166676454]},"properties":{"FID":160,"globalid":"dfe4f4b7-66aa-44ef-bb47-0d6a327a846d","uniq_id":2496,"timestamp":"Fri, 02 Feb 2018 00:00:00 GMT","editor":"racheal.olarewaju","scdy_edtor":" ","wardname":"Edda Ndiebor","wardcode":"EBSAKL11","lganame":"Abakaliki","lgacode":"11001","statename":"Ebonyi","statecode":"EB","source":"GRID","plc_st_nam":"Nigeria Police Force Nkwagu"}},{"type":"Feature","id":161,"geometry":{"type":"Point","coordinates":[8.16157999981721,6.51280999958186]},"properties":{"FID":161,"globalid":"c0a73fcd-2741-432e-a54f-3f8a98f348b5","uniq_id":2495,"timestamp":"Fri, 02 Feb 2018 00:00:00 GMT","editor":"racheal.olarewaju","scdy_edtor":" ","wardname":"Enyibichiri 1 / Ukpachacha / Oguzoronweya","wardcode":"EBSUGB09","lganame":"Ebonyi","lgacode":"11004","statename":"Ebonyi","statecode":"EB","source":"GRID","plc_st_nam":"Okpoduma Police Station"}},{"type":"Feature","id":162,"geometry":{"type":"Point","coordinates":[3.85457628706604,6.80084379070843]},"properties":{"FID":162,"globalid":"89806fc9-b5b5-4ac2-bc12-5afa72f26ecd","uniq_id":3088,"timestamp":"Fri, 02 Feb 2018 00:00:00 GMT","editor":"najib.adam","scdy_edtor":" ","wardname":"Ijada / Imepe 2","wardcode":"OGSIUE01","lganame":"Ijebu Ode","lgacode":"28011","statename":"Ogun","statecode":"OG","source":"GRID","plc_st_nam":"Nigeria Police Post Ososa"}},{"type":"Feature","id":163,"geometry":{"type":"Point","coordinates":[3.85454148690013,6.80097529137663]},"properties":{"FID":163,"globalid":"45728105-610f-48f4-9a99-d28061870ffa","uniq_id":3086,"timestamp":"Fri, 02 Feb 2018 00:00:00 GMT","editor":"najib.adam","scdy_edtor":" ","wardname":"Ijada / Imepe 2","wardcode":"OGSIUE01","lganame":"Ijebu Ode","lgacode":"28011","statename":"Ogun","statecode":"OG","source":"GRID","plc_st_nam":"Police Post Ososa"}},{"type":"Feature","id":164,"geometry":{"type":"Point","coordinates":[3.67339833256705,6.9632833325598]},"properties":{"FID":164,"globalid":"b2e4cead-ccfc-4e1a-af83-141e9e86ac82","uniq_id":3085,"timestamp":"Fri, 02 Feb 2018 00:00:00 GMT","editor":"najib.adam","scdy_edtor":" ","wardname":"Ogere 1","wardcode":"OGSIKE09","lganame":"Ikenne","lgacode":"28012","statename":"Ogun","statecode":"OG","source":"GRID","plc_st_nam":"Ode Remo Police Station"}},{"type":"Feature","id":165,"geometry":{"type":"Point","coordinates":[7.32310063078955,6.60150742602696]},"properties":{"FID":165,"globalid":"43aec62d-852b-46ef-9b9c-a6c7d03c0561","uniq_id":3084,"timestamp":"Fri, 02 Feb 2018 00:00:00 GMT","editor":"adanna.alex","scdy_edtor":" ","wardname":"Affa / Oghu","wardcode":"ENSUDD03","lganame":"Udi","lgacode":"14016","statename":"Enugu","statecode":"EN","source":"GRID","plc_st_nam":"Affa Police Station"}},{"type":"Feature","id":166,"geometry":{"type":"Point","coordinates":[7.52664018209879,6.1325777320767]},"properties":{"FID":166,"globalid":"de6202f9-d736-4d55-8d8b-9ff0b911f195","uniq_id":3083,"timestamp":"Fri, 02 Feb 2018 00:00:00 GMT","editor":"adanna.alex","scdy_edtor":" ","wardname":"Nnenwe 3 / Emudo / Uhueze","wardcode":"ENSDBR11","lganame":"Aninri","lgacode":"14001","statename":"Enugu","statecode":"EN","source":"GRID","plc_st_nam":"Nenwe Police Post"}},{"type":"Feature","id":167,"geometry":{"type":"Point","coordinates":[11.5777482358924,8.892595629185]},"properties":{"FID":167,"globalid":"68f1a893-aa14-4206-80ca-c3b65c6aa309","uniq_id":3082,"timestamp":"Fri, 02 Feb 2018 00:00:00 GMT","editor":"adanna.alex","scdy_edtor":" ","wardname":"Kassa","wardcode":"TRSYRR04","lganame":"Yorro","lgacode":"35015","statename":"Taraba","statecode":"TA","source":"GRID","plc_st_nam":"Kungana Police Station"}},{"type":"Feature","id":168,"geometry":{"type":"Point","coordinates":[11.6759027755926,9.07082992186344]},"properties":{"FID":168,"globalid":"0df42847-bcf5-4504-a351-c23e59cd59f6","uniq_id":3081,"timestamp":"Fri, 02 Feb 2018 00:00:00 GMT","editor":"adanna.alex","scdy_edtor":" ","wardname":"Pupule","wardcode":"TRSYRR10","lganame":"Yorro","lgacode":"35015","statename":"Taraba","statecode":"TA","source":"GRID","plc_st_nam":"Manang Lakware Police Station"}},{"type":"Feature","id":169,"geometry":{"type":"Point","coordinates":[10.7424378529246,6.98774561616727]},"properties":{"FID":169,"globalid":"cedaa070-42f6-4a83-bcb5-8a6cf19020d6","uniq_id":2938,"timestamp":"Fri, 02 Feb 2018 00:00:00 GMT","editor":"racheal.olarewaju","scdy_edtor":" ","wardname":"Abong","wardcode":"TRSKRM01","lganame":"Kurmi","lgacode":"35009","statename":"Taraba","statecode":"TA","source":"GRID","plc_st_nam":"Road Abpng"}},{"type":"Feature","id":170,"geometry":{"type":"Point","coordinates":[11.521004181298,8.94226637289484]},"properties":{"FID":170,"globalid":"09853c00-d320-4e15-8def-5d0766c0dc7e","uniq_id":3080,"timestamp":"Fri, 02 Feb 2018 00:00:00 GMT","editor":"adanna.alex","scdy_edtor":" ","wardname":"Pantisawa","wardcode":"TRSYRR09","lganame":"Yorro","lgacode":"35015","statename":"Taraba","statecode":"TA","source":"GRID","plc_st_nam":"Divisional Police Pantisawa Yorro LGA"}},{"type":"Feature","id":171,"geometry":{"type":"Point","coordinates":[11.6047299998896,9.03211666725042]},"properties":{"FID":171,"globalid":"1df67e61-5c34-4796-ae08-b253d9ac9a7f","uniq_id":3079,"timestamp":"Fri, 02 Feb 2018 00:00:00 GMT","editor":"adanna.alex","scdy_edtor":" ","wardname":"Mannang","wardcode":"TRSYRR06","lganame":"Yorro","lgacode":"35015","statename":"Taraba","statecode":"TA","source":"GRID","plc_st_nam":"Ankuwa Kashi Police Station"}},{"type":"Feature","id":172,"geometry":{"type":"Point","coordinates":[11.4218621320318,9.00831492489391]},"properties":{"FID":172,"globalid":"6bbdf618-a322-43b7-8eec-5e16f1872b6a","uniq_id":3078,"timestamp":"Fri, 02 Feb 2018 00:00:00 GMT","editor":"adanna.alex","scdy_edtor":" ","wardname":"Lankaviri","wardcode":"TRSYRR05","lganame":"Yorro","lgacode":"35015","statename":"Taraba","statecode":"TA","source":"GRID","plc_st_nam":"Police Station 19"}},{"type":"Feature","id":173,"geometry":{"type":"Point","coordinates":[11.2889735589826,9.20453672688848]},"properties":{"FID":173,"globalid":"33f3848f-c324-471b-89ba-29ab6f0ca832","uniq_id":3077,"timestamp":"Fri, 02 Feb 2018 00:00:00 GMT","editor":"adanna.alex","scdy_edtor":" ","wardname":"Lau","wardcode":"TRSLAU08","lganame":"Lau","lgacode":"35010","statename":"Taraba","statecode":"TA","source":"GRID","plc_st_nam":"Divisional Headquarters"}},{"type":"Feature","id":174,"geometry":{"type":"Point","coordinates":[6.71180703926348,9.85383712858066]},"properties":{"FID":174,"globalid":"9432cb18-5768-408b-957e-2ce1cb15c4e9","uniq_id":3076,"timestamp":"Fri, 02 Feb 2018 00:00:00 GMT","editor":"adanna.alex","scdy_edtor":" ","wardname":"Ubandoma","wardcode":"NISKUT15","lganame":"Shiroro","lgacode":"27022","statename":"Niger","statecode":"NI","source":"GRID","plc_st_nam":"Kuta Division Police Station Kobwa"}},{"type":"Feature","id":175,"geometry":{"type":"Point","coordinates":[4.62833681469232,9.85677761039847]},"properties":{"FID":175,"globalid":"3ee048de-1e5a-4dd0-ba6b-ab1772e467a4","uniq_id":3075,"timestamp":"Fri, 02 Feb 2018 00:00:00 GMT","editor":"adanna.alex","scdy_edtor":" ","wardname":"Nassarawa","wardcode":"NISNAS08","lganame":"Magama","lgacode":"27014","statename":"Niger","statecode":"NI","source":"GRID","plc_st_nam":"Out Post Police Station Nassarawa"}},{"type":"Feature","id":176,"geometry":{"type":"Point","coordinates":[6.7803846332443,9.29544776979878]},"properties":{"FID":176,"globalid":"18d1d453-7384-4014-abd8-3c44f83ae528","uniq_id":3074,"timestamp":"Fri, 02 Feb 2018 00:00:00 GMT","editor":"adanna.alex","scdy_edtor":" ","wardname":"Lefu","wardcode":"NISGWU09","lganame":"Gurara","lgacode":"27009","statename":"Niger","statecode":"NI","source":"GRID","plc_st_nam":"Police Out Post Lefu"}},{"type":"Feature","id":177,"geometry":{"type":"Point","coordinates":[7.1804043941475,9.40917689729605]},"properties":{"FID":177,"globalid":"4a05a802-74a5-46d6-adad-c7ab4504c40c","uniq_id":3073,"timestamp":"Fri, 02 Feb 2018 00:00:00 GMT","editor":"adanna.alex","scdy_edtor":" ","wardname":"Kabo","wardcode":"NISGWU06","lganame":"Gurara","lgacode":"27009","statename":"Niger","statecode":"NI","source":"GRID","plc_st_nam":"Kabo Police Station"}},{"type":"Feature","id":178,"geometry":{"type":"Point","coordinates":[5.64276169999249,9.92705920112127]},"properties":{"FID":178,"globalid":"58cce4a1-34b0-41fd-8650-235fbc003b49","uniq_id":3072,"timestamp":"Fri, 02 Feb 2018 00:00:00 GMT","editor":"adanna.alex","scdy_edtor":" ","wardname":"Mashegu","wardcode":"NISMSG08","lganame":"Mashegu","lgacode":"27016","statename":"Niger","statecode":"NI","source":"GRID","plc_st_nam":"Mashegu Police Division"}},{"type":"Feature","id":179,"geometry":{"type":"Point","coordinates":[5.22579602906353,9.14886115501832]},"properties":{"FID":179,"globalid":"5d12a388-a406-4d00-9c95-99c941fb904b","uniq_id":3071,"timestamp":"Fri, 02 Feb 2018 00:00:00 GMT","editor":"adanna.alex","scdy_edtor":" ","wardname":"Jaagi","wardcode":"NISMKW03","lganame":"Mokwa","lgacode":"27017","statename":"Niger","statecode":"NI","source":"GRID","plc_st_nam":"Police Out Post Jaagi"}},{"type":"Feature","id":180,"geometry":{"type":"Point","coordinates":[5.59066499998983,9.20305166740059]},"properties":{"FID":180,"globalid":"086e8002-c61f-49d7-a0b0-bbf58400d4d1","uniq_id":3070,"timestamp":"Fri, 02 Feb 2018 00:00:00 GMT","editor":"adanna.alex","scdy_edtor":" ","wardname":"Kutigi","wardcode":"NISKUG10","lganame":"Lavun","lgacode":"27013","statename":"Niger","statecode":"NI","source":"GRID","plc_st_nam":"Lagun Police Station"}},{"type":"Feature","id":181,"geometry":{"type":"Point","coordinates":[6.51219499999928,8.71884500009674]},"properties":{"FID":181,"globalid":"26206ac0-a33f-4697-8299-8f26983a9f0a","uniq_id":3069,"timestamp":"Fri, 02 Feb 2018 00:00:00 GMT","editor":"adanna.alex","scdy_edtor":" ","wardname":"Tagagi","wardcode":"NISAGA11","lganame":"Agaie","lgacode":"27001","statename":"Niger","statecode":"NI","source":"GRID","plc_st_nam":"Fogbe Police Out Post"}},{"type":"Feature","id":182,"geometry":{"type":"Point","coordinates":[4.90215833264097,10.4943183331246]},"properties":{"FID":182,"globalid":"0e069df7-afd2-4e1f-94ca-7c04b30b0b68","uniq_id":3068,"timestamp":"Fri, 02 Feb 2018 00:00:00 GMT","editor":"adanna.alex","scdy_edtor":" ","wardname":"Nasko","wardcode":"NISNAS07","lganame":"Magama","lgacode":"27014","statename":"Niger","statecode":"NI","source":"GRID","plc_st_nam":"Nasko Police Station"}},{"type":"Feature","id":183,"geometry":{"type":"Point","coordinates":[7.03520333336718,5.7985633332313]},"properties":{"FID":183,"globalid":"ca6c2415-a331-4dc6-a81e-24612623b6c1","uniq_id":3067,"timestamp":"Fri, 02 Feb 2018 00:00:00 GMT","editor":"adanna.alex","scdy_edtor":" ","wardname":"Amaifeke Ofeahia","wardcode":"IMSRLU02","lganame":"Orlu","lgacode":"17020","statename":"Imo","statecode":"IM","source":"GRID","plc_st_nam":"Nigeria Police Station Area Command Divisional Headquarters"}},{"type":"Feature","id":184,"geometry":{"type":"Point","coordinates":[7.93592666708207,5.8978233330804]},"properties":{"FID":184,"globalid":"a5e846c0-e4c2-4fd0-9a07-f7b65fd1c558","uniq_id":2494,"timestamp":"Fri, 02 Feb 2018 00:00:00 GMT","editor":"racheal.olarewaju","scdy_edtor":" ","wardname":"Ohaisu A","wardcode":"EBSAFK32","lganame":"Afikpo North","lgacode":"11002","statename":"Ebonyi","statecode":"EB","source":"GRID","plc_st_nam":"Divisional Head Quaters Police Station"}},{"type":"Feature","id":185,"geometry":{"type":"Point","coordinates":[6.95331920042082,5.83194600030771]},"properties":{"FID":185,"globalid":"c52c0354-3726-4cb8-9579-27cbc0f2a237","uniq_id":3066,"timestamp":"Fri, 02 Feb 2018 00:00:00 GMT","editor":"adanna.alex","scdy_edtor":" ","wardname":"Okwufuruaku","wardcode":"IMSAWD11","lganame":"Orsu","lgacode":"17021","statename":"Imo","statecode":"IM","source":"GRID","plc_st_nam":"Divisional Headquarters Awo Idemili"}},{"type":"Feature","id":186,"geometry":{"type":"Point","coordinates":[7.105510182449,5.71663874338333]},"properties":{"FID":186,"globalid":"da02ae0d-d24e-47bc-a777-7fd4c094bb3f","uniq_id":3065,"timestamp":"Fri, 02 Feb 2018 00:00:00 GMT","editor":"adanna.alex","scdy_edtor":" ","wardname":"Amaigbo 5","wardcode":"IMSAMG10","lganame":"Nwangele","lgacode":"17015","statename":"Imo","statecode":"IM","source":"GRID","plc_st_nam":"Divisional Police Headquarters Amaigbo"}},{"type":"Feature","id":187,"geometry":{"type":"Point","coordinates":[7.13815884895178,5.69004394866937]},"properties":{"FID":187,"globalid":"334d05f0-4b27-4793-802c-143f5b3c8da3","uniq_id":3064,"timestamp":"Fri, 02 Feb 2018 00:00:00 GMT","editor":"adanna.alex","scdy_edtor":" ","wardname":"Abajah 1","wardcode":"IMSAMG01","lganame":"Nwangele","lgacode":"17015","statename":"Imo","statecode":"IM","source":"GRID","plc_st_nam":"Abajah Police Station"}},{"type":"Feature","id":188,"geometry":{"type":"Point","coordinates":[7.37950999998657,5.5703264281222]},"properties":{"FID":188,"globalid":"cc2996bc-73dd-448b-aaec-574d03436bc6","uniq_id":3063,"timestamp":"Fri, 02 Feb 2018 00:00:00 GMT","editor":"adanna.alex","scdy_edtor":" ","wardname":"Umungwa","wardcode":"IMSTTK12","lganame":"Obowo","lgacode":"17016","statename":"Imo","statecode":"IM","source":"GRID","plc_st_nam":"Umuoke Police Post"}},{"type":"Feature","id":189,"geometry":{"type":"Point","coordinates":[7.21497627163768,5.51563691341289]},"properties":{"FID":189,"globalid":"3ac05bc1-e21c-4e4c-b1eb-7a3e7937d22b","uniq_id":3062,"timestamp":"Fri, 02 Feb 2018 00:00:00 GMT","editor":"adanna.alex","scdy_edtor":" ","wardname":"Obodo-Ahiara / Ihennworie","wardcode":"IMSAFR06","lganame":"Ahiazu-Mbaise","lgacode":"17002","statename":"Imo","statecode":"IM","source":"GRID","plc_st_nam":"Amuzi Police Station Ahiazu Mbaise"}},{"type":"Feature","id":190,"geometry":{"type":"Point","coordinates":[7.01186666731292,5.41789166686698]},"properties":{"FID":190,"globalid":"0e615405-25b1-4f2f-8ae6-be658f7ccea7","uniq_id":3061,"timestamp":"Fri, 02 Feb 2018 00:00:00 GMT","editor":"adanna.alex","scdy_edtor":" ","wardname":"Ihiagwa","wardcode":"IMSUMG05","lganame":"Owerri West","lgacode":"17026","statename":"Imo","statecode":"IM","source":"GRID","plc_st_nam":"Divisional Police Head Quaters"}},{"type":"Feature","id":191,"geometry":{"type":"Point","coordinates":[7.01191666692068,5.51244500003679]},"properties":{"FID":191,"globalid":"eb54fa53-8af4-40c6-bdc5-3835e3585659","uniq_id":3060,"timestamp":"Fri, 02 Feb 2018 00:00:00 GMT","editor":"adanna.alex","scdy_edtor":" ","wardname":"Gra","wardcode":"IMSWER09","lganame":"Owerri Municipal","lgacode":"17024","statename":"Imo","statecode":"IM","source":"GRID","plc_st_nam":"Federal Housing Police Post"}},{"type":"Feature","id":192,"geometry":{"type":"Point","coordinates":[6.92804281812158,5.42230635875148]},"properties":{"FID":192,"globalid":"054c909a-d13c-4800-8161-56b6a864afeb","uniq_id":3059,"timestamp":"Fri, 02 Feb 2018 00:00:00 GMT","editor":"adanna.alex","scdy_edtor":" ","wardname":"Oforola","wardcode":"IMSUMG10","lganame":"Owerri West","lgacode":"17026","statename":"Imo","statecode":"IM","source":"GRID","plc_st_nam":"Ofolora Police Station"}},{"type":"Feature","id":193,"geometry":{"type":"Point","coordinates":[6.88689166691694,5.42816166742705]},"properties":{"FID":193,"globalid":"829addb7-90ce-4b5f-acab-b7deace3e001","uniq_id":3058,"timestamp":"Fri, 02 Feb 2018 00:00:00 GMT","editor":"adanna.alex","scdy_edtor":" ","wardname":"Ohoba / Umunwaku","wardcode":"IMSEBM12","lganame":"Ohaji/Egbema","lgacode":"17018","statename":"Imo","statecode":"IM","source":"GRID","plc_st_nam":"Police Post"}},{"type":"Feature","id":194,"geometry":{"type":"Point","coordinates":[6.90330999955688,5.35157829959888]},"properties":{"FID":194,"globalid":"538e808d-2024-413d-a563-d8d4f3f62647","uniq_id":3057,"timestamp":"Fri, 02 Feb 2018 00:00:00 GMT","editor":"adanna.alex","scdy_edtor":" ","wardname":"Ekwuato","wardcode":"IMSEBM09","lganame":"Ohaji/Egbema","lgacode":"17018","statename":"Imo","statecode":"IM","source":"GRID","plc_st_nam":"Umuokanne Police Station"}},{"type":"Feature","id":195,"geometry":{"type":"Point","coordinates":[7.21897224187552,5.70732297837282]},"properties":{"FID":195,"globalid":"5217dd30-df4b-46d2-bb60-07b466f5e5bb","uniq_id":3056,"timestamp":"Fri, 02 Feb 2018 00:00:00 GMT","editor":"adanna.alex","scdy_edtor":" ","wardname":"Osu-Owerre 2","wardcode":"IMSUML13","lganame":"Isiala Mbano","lgacode":"17009","statename":"Imo","statecode":"IM","source":"GRID","plc_st_nam":"Divisional Police Headquarters Isiebu"}},{"type":"Feature","id":196,"geometry":{"type":"Point","coordinates":[11.1916219456963,8.93333862307907]},"properties":{"FID":196,"globalid":"60de0190-61d8-4dc8-9fdc-048f0fbf8554","uniq_id":3055,"timestamp":"Fri, 02 Feb 2018 00:00:00 GMT","editor":"racheal.olarewaju","scdy_edtor":" ","wardname":"Alin Gora","wardcode":"TRSARD01","lganame":"Ardo-Kola","lgacode":"35001","statename":"Taraba","statecode":"TA","source":"GRID","plc_st_nam":"Serti Police Station"}},{"type":"Feature","id":197,"geometry":{"type":"Point","coordinates":[9.46160970182632,7.88583660637431]},"properties":{"FID":197,"globalid":"b9df2c69-c6b1-4a51-9c49-c773d1a91ce7","uniq_id":3054,"timestamp":"Fri, 02 Feb 2018 00:00:00 GMT","editor":"racheal.olarewaju","scdy_edtor":" ","wardname":"Kente","wardcode":"TRSWKR07","lganame":"Wukari","lgacode":"35014","statename":"Taraba","statecode":"TA","source":"GRID","plc_st_nam":"Gbeji Divisional Headquarters"}},{"type":"Feature","id":198,"geometry":{"type":"Point","coordinates":[9.78771111797374,8.07806737990569]},"properties":{"FID":198,"globalid":"cc528332-343a-4ef7-870c-7c946b64351a","uniq_id":3053,"timestamp":"Fri, 02 Feb 2018 00:00:00 GMT","editor":"racheal.olarewaju","scdy_edtor":" ","wardname":"Chonku","wardcode":"TRSWKR04","lganame":"Wukari","lgacode":"35014","statename":"Taraba","statecode":"TA","source":"GRID","plc_st_nam":"Nigeria Police Gindin Waya Out Station"}},{"type":"Feature","id":199,"geometry":{"type":"Point","coordinates":[9.87056594676108,7.93017075057975]},"properties":{"FID":199,"globalid":"14d5f597-79c2-4241-8ff1-c467647f5916","uniq_id":3052,"timestamp":"Fri, 02 Feb 2018 00:00:00 GMT","editor":"racheal.olarewaju","scdy_edtor":" ","wardname":"Jibu","wardcode":"TRSWKR06","lganame":"Wukari","lgacode":"35014","statename":"Taraba","statecode":"TA","source":"GRID","plc_st_nam":"Low Enforcement"}},{"type":"Feature","id":200,"geometry":{"type":"Point","coordinates":[9.79375192531114,7.6657656911338]},"properties":{"FID":200,"globalid":"6832f0f2-64af-434b-afe4-6f264a83f96b","uniq_id":3051,"timestamp":"Fri, 02 Feb 2018 00:00:00 GMT","editor":"racheal.olarewaju","scdy_edtor":" ","wardname":"Rafin Kada","wardcode":"TRSWKR09","lganame":"Wukari","lgacode":"35014","statename":"Taraba","statecode":"TA","source":"GRID","plc_st_nam":"Dajo Police Station"}},{"type":"Feature","id":201,"geometry":{"type":"Point","coordinates":[11.1919618615507,9.31487163581738]},"properties":{"FID":201,"globalid":"641a185f-f11d-4627-bf4c-5c4d25c3cbe5","uniq_id":3050,"timestamp":"Fri, 02 Feb 2018 00:00:00 GMT","editor":"racheal.olarewaju","scdy_edtor":" ","wardname":"Karim A","wardcode":"TRSKLD06","lganame":"Karim Lamido","lgacode":"35008","statename":"Taraba","statecode":"TA","source":"GRID","plc_st_nam":"Karim Lamido Police Station"}},{"type":"Feature","id":202,"geometry":{"type":"Point","coordinates":[10.6903808067289,9.24659320940913]},"properties":{"FID":202,"globalid":"9ef5ca30-a131-42eb-a4f3-b5346985bb5a","uniq_id":3048,"timestamp":"Fri, 02 Feb 2018 00:00:00 GMT","editor":"racheal.olarewaju","scdy_edtor":" ","wardname":"Muri B","wardcode":"TRSKLD10","lganame":"Karim Lamido","lgacode":"35008","statename":"Taraba","statecode":"TA","source":"GRID","plc_st_nam":"Jab Jab Police Station"}},{"type":"Feature","id":203,"geometry":{"type":"Point","coordinates":[10.0507001346036,7.72214061629643]},"properties":{"FID":203,"globalid":"56976d80-a567-4738-a5b9-bb12800d5220","uniq_id":3047,"timestamp":"Fri, 02 Feb 2018 00:00:00 GMT","editor":"racheal.olarewaju","scdy_edtor":" ","wardname":"Asibiti","wardcode":"TRSDGA02","lganame":"Donga","lgacode":"35003","statename":"Taraba","statecode":"TA","source":"GRID","plc_st_nam":"Nigeria Police Divisional HQ Donga"}},{"type":"Feature","id":204,"geometry":{"type":"Point","coordinates":[6.93746942907092,9.64795192773931]},"properties":{"FID":204,"globalid":"14bde3d5-2bf7-48a2-951d-ed4921fa7222","uniq_id":3046,"timestamp":"Fri, 02 Feb 2018 00:00:00 GMT","editor":"racheal.olarewaju","scdy_edtor":" ","wardname":"Fuka","wardcode":"NISSRP05","lganame":"Munya","lgacode":"27018","statename":"Niger","statecode":"NI","source":"GRID","plc_st_nam":"Fuka Police"}},{"type":"Feature","id":205,"geometry":{"type":"Point","coordinates":[6.10715921642475,7.28159537692517]},"properties":{"FID":205,"globalid":"c359f9b5-13f7-4544-b064-f6c207c893d0","uniq_id":3045,"timestamp":"Fri, 02 Feb 2018 00:00:00 GMT","editor":"racheal.olarewaju","scdy_edtor":" ","wardname":"Uffa-Akuku","wardcode":"EDSGAR01","lganame":"Akoko-Edo","lgacode":"12001","statename":"Edo","statecode":"ED","source":"GRID","plc_st_nam":"The Nigeria Police Divisional Headquarters Igarra"}},{"type":"Feature","id":206,"geometry":{"type":"Point","coordinates":[6.23265822030066,6.75956455985659]},"properties":{"FID":206,"globalid":"e893b737-7ed1-43f0-b878-d24986d547f4","uniq_id":3044,"timestamp":"Fri, 02 Feb 2018 00:00:00 GMT","editor":"racheal.olarewaju","scdy_edtor":" ","wardname":"Ikekato","wardcode":"EDSRRU10","lganame":"Esan Central","lgacode":"12004","statename":"Edo","statecode":"ED","source":"GRID","plc_st_nam":"Agua Police Station"}},{"type":"Feature","id":207,"geometry":{"type":"Point","coordinates":[4.39820709028504,8.08358662632179]},"properties":{"FID":207,"globalid":"072c5ea2-49a3-4e40-b66f-d9f91a91708f","uniq_id":3041,"timestamp":"Fri, 02 Feb 2018 00:00:00 GMT","editor":"racheal.olarewaju","scdy_edtor":" ","wardname":"Iresaadu","wardcode":"OYSSUR06","lganame":"Surulere","lgacode":"31033","statename":"Oyo","statecode":"OY","source":"GRID","plc_st_nam":"Iresaadu Police"}},{"type":"Feature","id":208,"geometry":{"type":"Point","coordinates":[4.3982783876375,8.08276904365647]},"properties":{"FID":208,"globalid":"725f198f-24b7-4399-a43a-cde1ee9b0339","uniq_id":3040,"timestamp":"Fri, 02 Feb 2018 00:00:00 GMT","editor":"racheal.olarewaju","scdy_edtor":" ","wardname":"Iresaadu","wardcode":"OYSSUR06","lganame":"Surulere","lgacode":"31033","statename":"Oyo","statecode":"OY","source":"GRID","plc_st_nam":"Civil Defence"}},{"type":"Feature","id":209,"geometry":{"type":"Point","coordinates":[2.89085615179005,6.43410372630598]},"properties":{"FID":209,"globalid":"0703534c-da99-4dca-a017-8121e7409de9","uniq_id":3039,"timestamp":"Fri, 02 Feb 2018 00:00:00 GMT","editor":"racheal.olarewaju","scdy_edtor":" ","wardname":"Ajara Vetho","wardcode":"LASBDY03","lganame":"Badagry","lgacode":"25006","statename":"Lagos","statecode":"LA","source":"GRID","plc_st_nam":"Ajara Police Post"}},{"type":"Feature","id":210,"geometry":{"type":"Point","coordinates":[3.39060354381854,6.53404603909348]},"properties":{"FID":210,"globalid":"3d5e6f4d-985e-4feb-a9f9-a28da7c0ffd3","uniq_id":3038,"timestamp":"Fri, 02 Feb 2018 00:00:00 GMT","editor":"racheal.olarewaju","scdy_edtor":" ","wardname":"Owode  / Orile Bariga","wardcode":"LASSMU14","lganame":"Shomolu","lgacode":"25017","statename":"Lagos","statecode":"LA","source":"GRID","plc_st_nam":"Baroda Divisional Police Statoin"}},{"type":"Feature","id":211,"geometry":{"type":"Point","coordinates":[3.3975858199297,6.45621010541208]},"properties":{"FID":211,"globalid":"26ec3b0d-32b3-44fc-879d-6c1c9ee52cec","uniq_id":3037,"timestamp":"Fri, 02 Feb 2018 00:00:00 GMT","editor":"racheal.olarewaju","scdy_edtor":" ","wardname":"Okepopo East","wardcode":"LASLID16","lganame":"Lagos Island","lgacode":"25020","statename":"Lagos","statecode":"LA","source":"GRID","plc_st_nam":"Central Police Station Adeniji Adele"}},{"type":"Feature","id":212,"geometry":{"type":"Point","coordinates":[3.56451719481277,6.62407483628471]},"properties":{"FID":212,"globalid":"b548d3c6-1473-464f-a32c-959570e4db64","uniq_id":3036,"timestamp":"Fri, 02 Feb 2018 00:00:00 GMT","editor":"racheal.olarewaju","scdy_edtor":" ","wardname":"Agura / Gberigbe","wardcode":"LASIKU04","lganame":"Ikorodu","lgacode":"25012","statename":"Lagos","statecode":"LA","source":"GRID","plc_st_nam":"Ladegboye Police Post"}},{"type":"Feature","id":213,"geometry":{"type":"Point","coordinates":[3.17038411903189,6.50080928432106]},"properties":{"FID":213,"globalid":"f58b4d2a-9fb5-4b22-b7de-8a036b2bcdef","uniq_id":3035,"timestamp":"Fri, 02 Feb 2018 00:00:00 GMT","editor":"racheal.olarewaju","scdy_edtor":" ","wardname":"Igbo-Elerin","wardcode":"LASOJO05","lganame":"Ojo","lgacode":"25015","statename":"Lagos","statecode":"LA","source":"GRID","plc_st_nam":"NPF Divisional HQ Isasi Town"}},{"type":"Feature","id":214,"geometry":{"type":"Point","coordinates":[3.32556882184372,6.48820530473108]},"properties":{"FID":214,"globalid":"edb1e0a9-7c6a-4a1c-9bb5-2041a14c9261","uniq_id":3034,"timestamp":"Fri, 02 Feb 2018 00:00:00 GMT","editor":"racheal.olarewaju","scdy_edtor":" ","wardname":"Airways","wardcode":"LASSUE03","lganame":"Surulere","lgacode":"25018","statename":"Lagos","statecode":"LA","source":"GRID","plc_st_nam":"Erekusu Police Post Salami Street"}},{"type":"Feature","id":215,"geometry":{"type":"Point","coordinates":[3.32579335917626,6.49606089899135]},"properties":{"FID":215,"globalid":"c8304b99-0984-4a7e-b840-e02185d77ed7","uniq_id":3033,"timestamp":"Fri, 02 Feb 2018 00:00:00 GMT","editor":"racheal.olarewaju","scdy_edtor":" ","wardname":"Odo-Olowu","wardcode":"LASSUE17","lganame":"Surulere","lgacode":"25018","statename":"Lagos","statecode":"LA","source":"GRID","plc_st_nam":"Ijeshatado Police Station"}},{"type":"Feature","id":216,"geometry":{"type":"Point","coordinates":[3.60427321963346,6.61644780112516]},"properties":{"FID":216,"globalid":"5da40101-abe1-42e5-835f-b8bc2cd48fb4","uniq_id":3032,"timestamp":"Fri, 02 Feb 2018 00:00:00 GMT","editor":"racheal.olarewaju","scdy_edtor":" ","wardname":"Agura / Gberigbe","wardcode":"LASIKU04","lganame":"Ikorodu","lgacode":"25012","statename":"Lagos","statecode":"LA","source":"GRID","plc_st_nam":"Imowo Nla Police Station"}},{"type":"Feature","id":217,"geometry":{"type":"Point","coordinates":[3.18705800212513,6.47202321140213]},"properties":{"FID":217,"globalid":"b9d29579-adfa-42f3-a4ac-e76de24fcca0","uniq_id":3031,"timestamp":"Fri, 02 Feb 2018 00:00:00 GMT","editor":"racheal.olarewaju","scdy_edtor":" ","wardname":"Kemberi","wardcode":"LASOJO10","lganame":"Ojo","lgacode":"25015","statename":"Lagos","statecode":"LA","source":"GRID","plc_st_nam":"Okokomaiko"}},{"type":"Feature","id":218,"geometry":{"type":"Point","coordinates":[3.85724478062218,6.48365795025427]},"properties":{"FID":218,"globalid":"c0b8a094-5717-4c94-83ad-fe8850ef30f9","uniq_id":3030,"timestamp":"Fri, 02 Feb 2018 00:00:00 GMT","editor":"racheal.olarewaju","scdy_edtor":" ","wardname":"Ibeju 2","wardcode":"LASIUI02","lganame":"Ibeju Lekki","lgacode":"25009","statename":"Lagos","statecode":"LA","source":"GRID","plc_st_nam":"Pan Atlantic Police Post"}},{"type":"Feature","id":219,"geometry":{"type":"Point","coordinates":[3.32950571561634,6.48506088994816]},"properties":{"FID":219,"globalid":"8b3428cc-792e-40d5-b8d3-851a016f03e7","uniq_id":3029,"timestamp":"Fri, 02 Feb 2018 00:00:00 GMT","editor":"racheal.olarewaju","scdy_edtor":" ","wardname":"Airways","wardcode":"LASSUE03","lganame":"Surulere","lgacode":"25018","statename":"Lagos","statecode":"LA","source":"GRID","plc_st_nam":"Sanya Police Station 98"}},{"type":"Feature","id":220,"geometry":{"type":"Point","coordinates":[3.32315191992524,6.46935954630607]},"properties":{"FID":220,"globalid":"6c3e8d6c-f396-4cf9-9678-a0797255164a","uniq_id":3028,"timestamp":"Fri, 02 Feb 2018 00:00:00 GMT","editor":"racheal.olarewaju","scdy_edtor":" ","wardname":"Coker","wardcode":"LASSUE09","lganame":"Surulere","lgacode":"25018","statename":"Lagos","statecode":"LA","source":"GRID","plc_st_nam":"Amuwo Odofin Police Station"}},{"type":"Feature","id":221,"geometry":{"type":"Point","coordinates":[3.34861267043846,6.49267746059638]},"properties":{"FID":221,"globalid":"12f85d11-ca15-45bf-bb29-45541d78cbe5","uniq_id":3027,"timestamp":"Fri, 02 Feb 2018 00:00:00 GMT","editor":"racheal.olarewaju","scdy_edtor":" ","wardname":"Jinadu Aiyetoro","wardcode":"LASSUE13","lganame":"Surulere","lgacode":"25018","statename":"Lagos","statecode":"LA","source":"GRID","plc_st_nam":"F SARS Annex Bode Thomas"}},{"type":"Feature","id":222,"geometry":{"type":"Point","coordinates":[3.75514334309088,6.47527720228112]},"properties":{"FID":222,"globalid":"21811f2c-8fff-4093-8e2b-4f69cf51b282","uniq_id":3026,"timestamp":"Fri, 02 Feb 2018 00:00:00 GMT","editor":"racheal.olarewaju","scdy_edtor":" ","wardname":"Iwerekun 2","wardcode":"LASIUI05","lganame":"Ibeju Lekki","lgacode":"25009","statename":"Lagos","statecode":"LA","source":"GRID","plc_st_nam":"Elemoro Police Station"}},{"type":"Feature","id":223,"geometry":{"type":"Point","coordinates":[3.22943320258031,6.4595194585562]},"properties":{"FID":223,"globalid":"848f0864-14b2-4b38-9cd5-9c7282c8d707","uniq_id":3025,"timestamp":"Fri, 02 Feb 2018 00:00:00 GMT","editor":"racheal.olarewaju","scdy_edtor":" ","wardname":"Ira","wardcode":"LASOJO08","lganame":"Ojo","lgacode":"25015","statename":"Lagos","statecode":"LA","source":"GRID","plc_st_nam":"Onireke Police Station"}},{"type":"Feature","id":224,"geometry":{"type":"Point","coordinates":[7.99618333329425,6.22457166664913]},"properties":{"FID":224,"globalid":"4879ed01-299e-4c15-b677-13b194ab1071","uniq_id":2493,"timestamp":"Fri, 02 Feb 2018 00:00:00 GMT","editor":"racheal.olarewaju","scdy_edtor":" ","wardname":"Umuoghara 2","wardcode":"EBSEBJ15","lganame":"Ezza North","lgacode":"11005","statename":"Ebonyi","statecode":"EB","source":"GRID","plc_st_nam":"Ezza North Council Police Post Ebiaji"}},{"type":"Feature","id":225,"geometry":{"type":"Point","coordinates":[8.02843166658818,6.1712283327214]},"properties":{"FID":225,"globalid":"6a029383-e6da-4b23-88a0-b9eb0e0776e6","uniq_id":2492,"timestamp":"Fri, 02 Feb 2018 00:00:00 GMT","editor":"racheal.olarewaju","scdy_edtor":" ","wardname":"Onueke","wardcode":"EBSNKE18","lganame":"Ezza South","lgacode":"11006","statename":"Ebonyi","statecode":"EB","source":"GRID","plc_st_nam":"Anticrim Patrol Base Onunworie Onueke"}},{"type":"Feature","id":226,"geometry":{"type":"Point","coordinates":[3.34094543558342,6.49338351563676]},"properties":{"FID":226,"globalid":"823e51b1-b5bc-4658-ac37-319057ac6290","uniq_id":3024,"timestamp":"Fri, 02 Feb 2018 00:00:00 GMT","editor":"racheal.olarewaju","scdy_edtor":" ","wardname":"Jinadu Aiyetoro","wardcode":"LASSUE13","lganame":"Surulere","lgacode":"25018","statename":"Lagos","statecode":"LA","source":"GRID","plc_st_nam":"Aguda Police Station"}},{"type":"Feature","id":227,"geometry":{"type":"Point","coordinates":[3.29458527888755,6.46202968582139]},"properties":{"FID":227,"globalid":"44cc989a-83bf-4fe2-b80b-2507550d4c44","uniq_id":3023,"timestamp":"Fri, 02 Feb 2018 00:00:00 GMT","editor":"racheal.olarewaju","scdy_edtor":" ","wardname":"Ifelodun","wardcode":"LASAON07","lganame":"Amuwo Odofin","lgacode":"25004","statename":"Lagos","statecode":"LA","source":"GRID","plc_st_nam":"Area E Command Headquarters Festac Town"}},{"type":"Feature","id":228,"geometry":{"type":"Point","coordinates":[3.28012167667407,6.63183133514804]},"properties":{"FID":228,"globalid":"a05c6ec9-d3c6-4f7b-ab04-4d7f2bc43920","uniq_id":3022,"timestamp":"Fri, 02 Feb 2018 00:00:00 GMT","editor":"racheal.olarewaju","scdy_edtor":" ","wardname":"Oke-Odo","wardcode":"LASAMO31","lganame":"Alimosho","lgacode":"25003","statename":"Lagos","statecode":"LA","source":"GRID","plc_st_nam":"Aboru Police Station"}},{"type":"Feature","id":229,"geometry":{"type":"Point","coordinates":[3.50311130923956,6.43348540192983]},"properties":{"FID":229,"globalid":"f5102d60-efc0-42fd-9578-3988b812e9c8","uniq_id":3021,"timestamp":"Fri, 02 Feb 2018 00:00:00 GMT","editor":"racheal.olarewaju","scdy_edtor":" ","wardname":"Ilasan / Orile","wardcode":"LASEOA13","lganame":"Eti Osa","lgacode":"25008","statename":"Lagos","statecode":"LA","source":"GRID","plc_st_nam":"Ilasan Police Station"}},{"type":"Feature","id":230,"geometry":{"type":"Point","coordinates":[3.36369436320433,6.52173500826405]},"properties":{"FID":230,"globalid":"11c7fa58-a920-495c-82cd-1397d1fa9ac4","uniq_id":3020,"timestamp":"Fri, 02 Feb 2018 00:00:00 GMT","editor":"racheal.olarewaju","scdy_edtor":" ","wardname":"Idi-Araba","wardcode":"LASMUN05","lganame":"Mushin","lgacode":"25014","statename":"Lagos","statecode":"LA","source":"GRID","plc_st_nam":"Alakara Police Station"}},{"type":"Feature","id":231,"geometry":{"type":"Point","coordinates":[3.37601499969253,6.49779999987015]},"properties":{"FID":231,"globalid":"31ca308b-b620-418b-a8e4-80a780f8e7a5","uniq_id":3019,"timestamp":"Fri, 02 Feb 2018 00:00:00 GMT","editor":"racheal.olarewaju","scdy_edtor":" ","wardname":"Iponri / Olaleye","wardcode":"LASLMD11","lganame":"Lagos Mainland","lgacode":"25019","statename":"Lagos","statecode":"LA","source":"GRID","plc_st_nam":"Nigerian Railway Hospital Police Station"}},{"type":"Feature","id":232,"geometry":{"type":"Point","coordinates":[3.48245600334195,6.57014421358463]},"properties":{"FID":232,"globalid":"41644232-ecae-49b9-a204-600f27c107e9","uniq_id":3018,"timestamp":"Fri, 02 Feb 2018 00:00:00 GMT","editor":"racheal.olarewaju","scdy_edtor":" ","wardname":"Abosan","wardcode":"LASIKU01","lganame":"Ikorodu","lgacode":"25012","statename":"Lagos","statecode":"LA","source":"GRID","plc_st_nam":"Nichemtex Police Station"}},{"type":"Feature","id":233,"geometry":{"type":"Point","coordinates":[3.13729712925914,6.45986067213238]},"properties":{"FID":233,"globalid":"db2ad0a2-71d2-45cb-bbc5-2e809b4b3fa6","uniq_id":3017,"timestamp":"Fri, 02 Feb 2018 00:00:00 GMT","editor":"racheal.olarewaju","scdy_edtor":" ","wardname":"Ilogbo- Elegba","wardcode":"LASOJO07","lganame":"Ojo","lgacode":"25015","statename":"Lagos","statecode":"LA","source":"GRID","plc_st_nam":"Shibiri Ekunpa Police Station"}},{"type":"Feature","id":234,"geometry":{"type":"Point","coordinates":[3.32382895294387,6.60538856003404]},"properties":{"FID":234,"globalid":"3285feea-7fc6-4857-aeba-a254a0bed30b","uniq_id":2983,"timestamp":"Fri, 02 Feb 2018 00:00:00 GMT","editor":"racheal.olarewaju","scdy_edtor":" ","wardname":"Onilekere","wardcode":"LASIKA13","lganame":"Ikeja","lgacode":"25011","statename":"Lagos","statecode":"LA","source":"GRID","plc_st_nam":"Onipetesi Police Post"}},{"type":"Feature","id":235,"geometry":{"type":"Point","coordinates":[3.34023753873146,6.57642973814194]},"properties":{"FID":235,"globalid":"906cce39-d6a6-4ca4-9412-5872965d35eb","uniq_id":2982,"timestamp":"Fri, 02 Feb 2018 00:00:00 GMT","editor":"racheal.olarewaju","scdy_edtor":" ","wardname":"Shogunle","wardcode":"LASOIO20","lganame":"Oshodi/Isolo","lgacode":"25016","statename":"Lagos","statecode":"LA","source":"GRID","plc_st_nam":"Shogunle Police Station"}},{"type":"Feature","id":236,"geometry":{"type":"Point","coordinates":[3.2265556885942,6.44527397881114]},"properties":{"FID":236,"globalid":"6d43c2f8-0e8e-4fa8-b837-52496ae8e81c","uniq_id":2981,"timestamp":"Fri, 02 Feb 2018 00:00:00 GMT","editor":"racheal.olarewaju","scdy_edtor":" ","wardname":"Ira","wardcode":"LASOJO08","lganame":"Ojo","lgacode":"25015","statename":"Lagos","statecode":"LA","source":"GRID","plc_st_nam":"Tedi Town Plover Station"}},{"type":"Feature","id":237,"geometry":{"type":"Point","coordinates":[3.53533843921764,6.67916760520086]},"properties":{"FID":237,"globalid":"be72e8ba-e972-4d29-8070-5ed7b1c695fe","uniq_id":2980,"timestamp":"Fri, 02 Feb 2018 00:00:00 GMT","editor":"racheal.olarewaju","scdy_edtor":" ","wardname":"Agbala /  Lasunwon","wardcode":"LASIKU03","lganame":"Ikorodu","lgacode":"25012","statename":"Lagos","statecode":"LA","source":"GRID","plc_st_nam":"Industrial Police Post"}},{"type":"Feature","id":238,"geometry":{"type":"Point","coordinates":[2.72884845988858,6.38418885713008]},"properties":{"FID":238,"globalid":"66228a0f-bf67-4c22-a89c-2131b3263bd0","uniq_id":2979,"timestamp":"Fri, 02 Feb 2018 00:00:00 GMT","editor":"racheal.olarewaju","scdy_edtor":" ","wardname":"Gbethrome","wardcode":"LASBDY10","lganame":"Badagry","lgacode":"25006","statename":"Lagos","statecode":"LA","source":"GRID","plc_st_nam":"Seme Police Station"}},{"type":"Feature","id":239,"geometry":{"type":"Point","coordinates":[4.2119474608067,6.41714752174079]},"properties":{"FID":239,"globalid":"9c44fd72-b0c8-41aa-a5b9-1aa10fa02354","uniq_id":2977,"timestamp":"Fri, 02 Feb 2018 00:00:00 GMT","editor":"racheal.olarewaju","scdy_edtor":" ","wardname":"Olugbokere / Abomiti","wardcode":"LASEPE16","lganame":"Epe","lgacode":"25007","statename":"Lagos","statecode":"LA","source":"GRID","plc_st_nam":"Police Station 9"}},{"type":"Feature","id":240,"geometry":{"type":"Point","coordinates":[3.32023000011446,6.56512666656243]},"properties":{"FID":240,"globalid":"174cdab0-438c-4041-8e47-8a04eb122e53","uniq_id":2976,"timestamp":"Fri, 02 Feb 2018 00:00:00 GMT","editor":"racheal.olarewaju","scdy_edtor":" ","wardname":"Ilamoshe","wardcode":"LASOIO12","lganame":"Oshodi/Isolo","lgacode":"25016","statename":"Lagos","statecode":"LA","source":"GRID","plc_st_nam":"Airport Police Command"}},{"type":"Feature","id":241,"geometry":{"type":"Point","coordinates":[3.66614728596852,6.45294594320075]},"properties":{"FID":241,"globalid":"b03decba-dde3-40ff-9c0e-1796413fa654","uniq_id":2975,"timestamp":"Fri, 02 Feb 2018 00:00:00 GMT","editor":"racheal.olarewaju","scdy_edtor":" ","wardname":"Iwerekun 1","wardcode":"LASIUI04","lganame":"Ibeju Lekki","lgacode":"25009","statename":"Lagos","statecode":"LA","source":"GRID","plc_st_nam":"Abijo Police Station"}},{"type":"Feature","id":242,"geometry":{"type":"Point","coordinates":[6.67568933689341,5.39114853887401]},"properties":{"FID":242,"globalid":"77c671a9-9dfc-4d49-ab02-154deb3156ac","uniq_id":2974,"timestamp":"Fri, 02 Feb 2018 00:00:00 GMT","editor":"racheal.olarewaju","scdy_edtor":" ","wardname":"Omoku 2","wardcode":"RVSRGM11","lganame":"Ogba/Egbema/Ndoni","lgacode":"33016","statename":"Rivers","statecode":"RI","source":"GRID","plc_st_nam":"Obie Police Station Obie Community"}},{"type":"Feature","id":243,"geometry":{"type":"Point","coordinates":[7.5786380124344,6.03436702341946]},"properties":{"FID":243,"globalid":"7a6d7646-2b1c-4213-82cc-f243be345066","uniq_id":2973,"timestamp":"Fri, 02 Feb 2018 00:00:00 GMT","editor":"racheal.olarewaju","scdy_edtor":" ","wardname":"Ndeaboh","wardcode":"ENSDBR08","lganame":"Aninri","lgacode":"14001","statename":"Enugu","statecode":"EN","source":"GRID","plc_st_nam":"Nigeria Police Ndeaboh Aninri LGA"}},{"type":"Feature","id":244,"geometry":{"type":"Point","coordinates":[7.75866109803133,6.67359468005048]},"properties":{"FID":244,"globalid":"279b3388-96f1-4a20-bf56-4c2ca0df963a","uniq_id":2971,"timestamp":"Fri, 02 Feb 2018 00:00:00 GMT","editor":"racheal.olarewaju","scdy_edtor":" ","wardname":"Eha Amufu 3","wardcode":"ENSKEM03","lganame":"Isi-Uzo","lgacode":"14010","statename":"Enugu","statecode":"EN","source":"GRID","plc_st_nam":"Ihe Enyi Old Police Post"}},{"type":"Feature","id":245,"geometry":{"type":"Point","coordinates":[7.64824182819785,5.98660833280837]},"properties":{"FID":245,"globalid":"e58bca41-8dbb-47c5-80c3-417bf3c04078","uniq_id":2970,"timestamp":"Fri, 02 Feb 2018 00:00:00 GMT","editor":"racheal.olarewaju","scdy_edtor":" ","wardname":"Mpu","wardcode":"ENSDBR07","lganame":"Aninri","lgacode":"14001","statename":"Enugu","statecode":"EN","source":"GRID","plc_st_nam":"Police Quarter Mpu"}},{"type":"Feature","id":246,"geometry":{"type":"Point","coordinates":[7.64862371900949,5.98618249662496]},"properties":{"FID":246,"globalid":"d33607e8-c558-4e9c-b829-48af1b63b4a9","uniq_id":2969,"timestamp":"Fri, 02 Feb 2018 00:00:00 GMT","editor":"racheal.olarewaju","scdy_edtor":" ","wardname":"Mpu","wardcode":"ENSDBR07","lganame":"Aninri","lgacode":"14001","statename":"Enugu","statecode":"EN","source":"GRID","plc_st_nam":"The Nigeria Police Post Mpu"}},{"type":"Feature","id":247,"geometry":{"type":"Point","coordinates":[7.40712784007781,6.42493310288046]},"properties":{"FID":247,"globalid":"d6d8b3aa-b16a-43f2-b1e3-2ec58f46af16","uniq_id":2965,"timestamp":"Fri, 02 Feb 2018 00:00:00 GMT","editor":"racheal.olarewaju","scdy_edtor":" ","wardname":"Ngwo Uno","wardcode":"ENSUDD11","lganame":"Udi","lgacode":"14016","statename":"Enugu","statecode":"EN","source":"GRID","plc_st_nam":"9th Mile Police Station"}},{"type":"Feature","id":248,"geometry":{"type":"Point","coordinates":[7.38485666740132,6.62513833316757]},"properties":{"FID":248,"globalid":"257d7587-4b82-4a9d-ad65-6e2b4f794f33","uniq_id":2964,"timestamp":"Fri, 02 Feb 2018 00:00:00 GMT","editor":"racheal.olarewaju","scdy_edtor":" ","wardname":"Egede / Umoka","wardcode":"ENSUDD07","lganame":"Udi","lgacode":"14016","statename":"Enugu","statecode":"EN","source":"GRID","plc_st_nam":"Umuoka Police Station"}},{"type":"Feature","id":249,"geometry":{"type":"Point","coordinates":[11.364525742569,8.89433964665744]},"properties":{"FID":249,"globalid":"de3717c2-5bf4-4d0e-b0b1-d6925e32a09c","uniq_id":2963,"timestamp":"Fri, 02 Feb 2018 00:00:00 GMT","editor":"racheal.olarewaju","scdy_edtor":" ","wardname":"Sintali A","wardcode":"TRSJAL06","lganame":"Jalingo","lgacode":"35007","statename":"Taraba","statecode":"TA","source":"GRID","plc_st_nam":"The Nigeria Police Force Jalingo"}},{"type":"Feature","id":250,"geometry":{"type":"Point","coordinates":[3.94361166704482,6.79070500033555]},"properties":{"FID":250,"globalid":"32eb126a-fd52-44ed-924e-e7403dd36d60","uniq_id":2962,"timestamp":"Fri, 02 Feb 2018 00:00:00 GMT","editor":"racheal.olarewaju","scdy_edtor":" ","wardname":"Odo Esa","wardcode":"OGSIUE08","lganame":"Ijebu Ode","lgacode":"28011","statename":"Ogun","statecode":"OG","source":"GRID","plc_st_nam":"Police Station"}},{"type":"Feature","id":251,"geometry":{"type":"Point","coordinates":[11.1694866695742,10.2748699996508]},"properties":{"FID":251,"globalid":"4c392825-08ac-4d06-9c45-3ae054016ea9","uniq_id":2961,"timestamp":"Fri, 02 Feb 2018 00:00:00 GMT","editor":"racheal.olarewaju","scdy_edtor":" ","wardname":"Bolari West","wardcode":"GMSGME04","lganame":"Gombe","lgacode":"16006","statename":"Gombe","statecode":"GO","source":"GRID","plc_st_nam":"Divisional Police Station Pantami"}},{"type":"Feature","id":252,"geometry":{"type":"Point","coordinates":[11.1671450004415,10.2903549996835]},"properties":{"FID":252,"globalid":"688bed74-5453-4613-a544-f846605248a6","uniq_id":2960,"timestamp":"Fri, 02 Feb 2018 00:00:00 GMT","editor":"racheal.olarewaju","scdy_edtor":" ","wardname":"Jekadafari","wardcode":"GMSGME07","lganame":"Gombe","lgacode":"16006","statename":"Gombe","statecode":"GO","source":"GRID","plc_st_nam":"Gombe Divisional Police Station"}},{"type":"Feature","id":253,"geometry":{"type":"Point","coordinates":[10.5449002447505,7.32866981206223]},"properties":{"FID":253,"globalid":"0cd4017b-a09b-4e73-ab76-b117d949a9e5","uniq_id":2958,"timestamp":"Fri, 02 Feb 2018 00:00:00 GMT","editor":"racheal.olarewaju","scdy_edtor":" ","wardname":"Didan","wardcode":"TRSKRM08","lganame":"Kurmi","lgacode":"35009","statename":"Taraba","statecode":"TA","source":"GRID","plc_st_nam":"Kashimbila Police Station"}},{"type":"Feature","id":254,"geometry":{"type":"Point","coordinates":[11.3517803589764,7.49737497917198]},"properties":{"FID":254,"globalid":"3ca3c675-6d15-4d48-83ea-d60febaa2070","uniq_id":2957,"timestamp":"Fri, 02 Feb 2018 00:00:00 GMT","editor":"racheal.olarewaju","scdy_edtor":" ","wardname":"Serti A","wardcode":"TRSGKA09","lganame":"Gashaka","lgacode":"35004","statename":"Taraba","statecode":"TA","source":"GRID","plc_st_nam":"Police Station Alingora Ward"}},{"type":"Feature","id":255,"geometry":{"type":"Point","coordinates":[9.67239369241503,6.87234497723898]},"properties":{"FID":255,"globalid":"1c12d792-f8b8-4b66-8b3a-0c35c06348f9","uniq_id":2955,"timestamp":"Fri, 02 Feb 2018 00:00:00 GMT","editor":"racheal.olarewaju","scdy_edtor":" ","wardname":"Kashimbila","wardcode":"TRSTTM06","lganame":"Takum","lgacode":"35012","statename":"Taraba","statecode":"TA","source":"GRID","plc_st_nam":"Police Station Didan"}},{"type":"Feature","id":256,"geometry":{"type":"Point","coordinates":[11.4221509511056,6.57826616005531]},"properties":{"FID":256,"globalid":"294eed0d-a02d-4870-8cf6-6fe124d1e4d3","uniq_id":2954,"timestamp":"Fri, 02 Feb 2018 00:00:00 GMT","editor":"racheal.olarewaju","scdy_edtor":" ","wardname":"Kabri","wardcode":"TRSSDA03","lganame":"Sardauna","lgacode":"35011","statename":"Taraba","statecode":"TA","source":"GRID","plc_st_nam":"Police Station 38"}},{"type":"Feature","id":257,"geometry":{"type":"Point","coordinates":[10.7820516670508,8.64122166704635]},"properties":{"FID":257,"globalid":"f9b2ec8d-bde4-49e1-8c11-fded291b08f4","uniq_id":2953,"timestamp":"Fri, 02 Feb 2018 00:00:00 GMT","editor":"racheal.olarewaju","scdy_edtor":" ","wardname":"Mutum Biyu B","wardcode":"TRSGAS04","lganame":"Gassol","lgacode":"35005","statename":"Taraba","statecode":"TA","source":"GRID","plc_st_nam":"Juro Mamu"}},{"type":"Feature","id":258,"geometry":{"type":"Point","coordinates":[10.19251166678,8.43098000002703]},"properties":{"FID":258,"globalid":"55c9d23a-97c9-46d2-8520-0e1e7db85b7c","uniq_id":2952,"timestamp":"Fri, 02 Feb 2018 00:00:00 GMT","editor":"racheal.olarewaju","scdy_edtor":" ","wardname":"Wuro Jam","wardcode":"TRSGAS10","lganame":"Gassol","lgacode":"35005","statename":"Taraba","statecode":"TA","source":"GRID","plc_st_nam":"Sansani Police Station"}},{"type":"Feature","id":259,"geometry":{"type":"Point","coordinates":[9.94331699038685,7.39534388930912]},"properties":{"FID":259,"globalid":"e9759f50-3068-4258-b29b-db088af8bf88","uniq_id":2951,"timestamp":"Fri, 02 Feb 2018 00:00:00 GMT","editor":"racheal.olarewaju","scdy_edtor":" ","wardname":"Chanchangi","wardcode":"TRSTTM02","lganame":"Takum","lgacode":"35012","statename":"Taraba","statecode":"TA","source":"GRID","plc_st_nam":"Nigerian Police Station Kuffai Ahmadu"}},{"type":"Feature","id":260,"geometry":{"type":"Point","coordinates":[10.5725164984377,7.31761626278035]},"properties":{"FID":260,"globalid":"cc3e39d6-2c59-4212-8d0a-5d41eea72f66","uniq_id":2950,"timestamp":"Fri, 02 Feb 2018 00:00:00 GMT","editor":"racheal.olarewaju","scdy_edtor":" ","wardname":"Didan","wardcode":"TRSKRM08","lganame":"Kurmi","lgacode":"35009","statename":"Taraba","statecode":"TA","source":"GRID","plc_st_nam":"Nigeria Police Force Out Post Danbeki"}},{"type":"Feature","id":261,"geometry":{"type":"Point","coordinates":[10.8251082784244,8.01026175497606]},"properties":{"FID":261,"globalid":"8790eab6-a4b6-4783-ac32-18053641ce43","uniq_id":2949,"timestamp":"Fri, 02 Feb 2018 00:00:00 GMT","editor":"racheal.olarewaju","scdy_edtor":" ","wardname":"Takalafiya","wardcode":"TRSBAL11","lganame":"Bali","lgacode":"35002","statename":"Taraba","statecode":"TA","source":"GRID","plc_st_nam":"Wurbo Police Station"}},{"type":"Feature","id":262,"geometry":{"type":"Point","coordinates":[11.3294754374415,8.97863213616421]},"properties":{"FID":262,"globalid":"b1406d8b-2d3f-4486-911c-ceacb56eb0ae","uniq_id":2948,"timestamp":"Fri, 02 Feb 2018 00:00:00 GMT","editor":"racheal.olarewaju","scdy_edtor":" ","wardname":"Kona","wardcode":"TRSJAL03","lganame":"Jalingo","lgacode":"35007","statename":"Taraba","statecode":"TA","source":"GRID","plc_st_nam":"Kona Police Station"}},{"type":"Feature","id":263,"geometry":{"type":"Point","coordinates":[3.12320149275473,6.83453904324227]},"properties":{"FID":263,"globalid":"1e01211b-dc50-4697-8d02-febad0c46240","uniq_id":2462,"timestamp":"Fri, 02 Feb 2018 00:00:00 GMT","editor":"najib.adam","scdy_edtor":" ","wardname":"Ibogun","wardcode":"OGSIFO04","lganame":"Ifo","lgacode":"28007","statename":"Ogun","statecode":"OG","source":"GRID","plc_st_nam":"The Nigeria Police Divisional Headquarters Ibogun Olagun"}},{"type":"Feature","id":264,"geometry":{"type":"Point","coordinates":[3.34091666717052,7.12285666670186]},"properties":{"FID":264,"globalid":"1ac92a60-c1a5-441b-aa97-25befea0d9ef","uniq_id":2461,"timestamp":"Fri, 02 Feb 2018 00:00:00 GMT","editor":"najib.adam","scdy_edtor":" ","wardname":"Ibara 1","wardcode":"OGSABS05","lganame":"Abeokuta South","lgacode":"28002","statename":"Ogun","statecode":"OG","source":"GRID","plc_st_nam":"Ibara Gra Police Post Ibara Housing"}},{"type":"Feature","id":265,"geometry":{"type":"Point","coordinates":[3.24334247077843,6.93231910434326]},"properties":{"FID":265,"globalid":"41b76b82-7295-42d4-81f2-7feb9f3ba453","uniq_id":2460,"timestamp":"Fri, 02 Feb 2018 00:00:00 GMT","editor":"najib.adam","scdy_edtor":" ","wardname":"Itori","wardcode":"OGSEWO05","lganame":"Ewekoro","lgacode":"28006","statename":"Ogun","statecode":"OG","source":"GRID","plc_st_nam":"Proposed Police Post"}},{"type":"Feature","id":266,"geometry":{"type":"Point","coordinates":[10.6281950002991,8.27872833264649]},"properties":{"FID":266,"globalid":"ff3b0bbb-64a5-4cca-9868-5ba7d9852fc1","uniq_id":2947,"timestamp":"Fri, 02 Feb 2018 00:00:00 GMT","editor":"racheal.olarewaju","scdy_edtor":" ","wardname":"Wuryo","wardcode":"TRSGAS11","lganame":"Gassol","lgacode":"35005","statename":"Taraba","statecode":"TA","source":"GRID","plc_st_nam":"Garwa Police Post"}},{"type":"Feature","id":267,"geometry":{"type":"Point","coordinates":[11.3642133333787,6.7289400001809]},"properties":{"FID":267,"globalid":"37082623-442b-4417-a8a9-26d4f9ba5c10","uniq_id":2946,"timestamp":"Fri, 02 Feb 2018 00:00:00 GMT","editor":"racheal.olarewaju","scdy_edtor":" ","wardname":"Kabri","wardcode":"TRSSDA03","lganame":"Sardauna","lgacode":"35011","statename":"Taraba","statecode":"TA","source":"GRID","plc_st_nam":"The Nigeria Police Force Kara Out Station"}},{"type":"Feature","id":268,"geometry":{"type":"Point","coordinates":[10.0688964673981,8.25522197171665]},"properties":{"FID":268,"globalid":"310d61e5-6e9f-461b-817b-2115f94387ac","uniq_id":2945,"timestamp":"Fri, 02 Feb 2018 00:00:00 GMT","editor":"racheal.olarewaju","scdy_edtor":" ","wardname":"Wuro Jam","wardcode":"TRSGAS10","lganame":"Gassol","lgacode":"35005","statename":"Taraba","statecode":"TA","source":"GRID","plc_st_nam":"Gwiwan Kogi Police Station"}},{"type":"Feature","id":269,"geometry":{"type":"Point","coordinates":[9.85211425866618,6.86424273941094]},"properties":{"FID":269,"globalid":"1b61cf0f-4b7f-446c-ab16-8a21b50785d8","uniq_id":2944,"timestamp":"Fri, 02 Feb 2018 00:00:00 GMT","editor":"racheal.olarewaju","scdy_edtor":" ","wardname":"Shibong","wardcode":"TRSTTM09","lganame":"Takum","lgacode":"35012","statename":"Taraba","statecode":"TA","source":"GRID","plc_st_nam":"Police Post Shibong"}},{"type":"Feature","id":270,"geometry":{"type":"Point","coordinates":[10.285412056821,7.17822920391467]},"properties":{"FID":270,"globalid":"c336ec99-066e-4df9-bbc2-af2f393143a9","uniq_id":2943,"timestamp":"Fri, 02 Feb 2018 00:00:00 GMT","editor":"racheal.olarewaju","scdy_edtor":" ","wardname":"Nyido-Tosso","wardcode":"TRSKRM10","lganame":"Kurmi","lgacode":"35009","statename":"Taraba","statecode":"TA","source":"GRID","plc_st_nam":"Nyido Police Station"}},{"type":"Feature","id":271,"geometry":{"type":"Point","coordinates":[11.4630062577327,6.64631271785771]},"properties":{"FID":271,"globalid":"4079f7e2-0a6d-4a8c-832f-4a4da9a5da6a","uniq_id":2942,"timestamp":"Fri, 02 Feb 2018 00:00:00 GMT","editor":"racheal.olarewaju","scdy_edtor":" ","wardname":"Kabri","wardcode":"TRSSDA03","lganame":"Sardauna","lgacode":"35011","statename":"Taraba","statecode":"TA","source":"GRID","plc_st_nam":"Mayo Dulle Police Station"}},{"type":"Feature","id":272,"geometry":{"type":"Point","coordinates":[10.5788974032926,8.44841364927055]},"properties":{"FID":272,"globalid":"0943f3b5-79f7-4047-b8e4-a2cec03f2391","uniq_id":2941,"timestamp":"Fri, 02 Feb 2018 00:00:00 GMT","editor":"racheal.olarewaju","scdy_edtor":" ","wardname":"Yerima","wardcode":"TRSGAS12","lganame":"Gassol","lgacode":"35005","statename":"Taraba","statecode":"TA","source":"GRID","plc_st_nam":"Yerima Police Station"}},{"type":"Feature","id":273,"geometry":{"type":"Point","coordinates":[11.4334199401782,6.91568145583454]},"properties":{"FID":273,"globalid":"5cb87061-dc14-4e5a-9ad3-a3a98dd01706","uniq_id":2940,"timestamp":"Fri, 02 Feb 2018 00:00:00 GMT","editor":"racheal.olarewaju","scdy_edtor":" ","wardname":"Mayo-Ndaga","wardcode":"TRSSDA06","lganame":"Sardauna","lgacode":"35011","statename":"Taraba","statecode":"TA","source":"GRID","plc_st_nam":"Mayo Ndaga Police Station"}},{"type":"Feature","id":274,"geometry":{"type":"Point","coordinates":[10.6535118017283,7.90469602370257]},"properties":{"FID":274,"globalid":"4c952741-f629-4ce2-87a2-37508f9dc2f6","uniq_id":2939,"timestamp":"Fri, 02 Feb 2018 00:00:00 GMT","editor":"racheal.olarewaju","scdy_edtor":" ","wardname":"Takalafiya","wardcode":"TRSBAL11","lganame":"Bali","lgacode":"35002","statename":"Taraba","statecode":"TA","source":"GRID","plc_st_nam":"Jatau Police Station"}},{"type":"Feature","id":275,"geometry":{"type":"Point","coordinates":[11.4238951349525,6.69531366269541]},"properties":{"FID":275,"globalid":"7f0bc6b2-fa14-4bbd-bd31-a371211d1b54","uniq_id":2937,"timestamp":"Fri, 02 Feb 2018 00:00:00 GMT","editor":"racheal.olarewaju","scdy_edtor":" ","wardname":"Kabri","wardcode":"TRSSDA03","lganame":"Sardauna","lgacode":"35011","statename":"Taraba","statecode":"TA","source":"GRID","plc_st_nam":"Nigeria Police Kabri Song Barki"}},{"type":"Feature","id":276,"geometry":{"type":"Point","coordinates":[10.7192869517315,8.57538909892781]},"properties":{"FID":276,"globalid":"02b948c2-91d2-442c-a5f7-f88b1a777931","uniq_id":2936,"timestamp":"Fri, 02 Feb 2018 00:00:00 GMT","editor":"racheal.olarewaju","scdy_edtor":" ","wardname":"Tutare","wardcode":"TRSGAS09","lganame":"Gassol","lgacode":"35005","statename":"Taraba","statecode":"TA","source":"GRID","plc_st_nam":"Chindo Bako Adamu"}},{"type":"Feature","id":277,"geometry":{"type":"Point","coordinates":[10.6507656912837,7.1008706006977]},"properties":{"FID":277,"globalid":"6e8cdd2f-4819-4965-a66b-7e6d0caf7202","uniq_id":2935,"timestamp":"Fri, 02 Feb 2018 00:00:00 GMT","editor":"racheal.olarewaju","scdy_edtor":" ","wardname":"Ashuku","wardcode":"TRSKRM04","lganame":"Kurmi","lgacode":"35009","statename":"Taraba","statecode":"TA","source":"GRID","plc_st_nam":"Eneme Police Out Post"}},{"type":"Feature","id":278,"geometry":{"type":"Point","coordinates":[11.1503977182801,6.5110044603876]},"properties":{"FID":278,"globalid":"41a6cded-a584-4f6a-b7a2-ce7ba6d96e08","uniq_id":2933,"timestamp":"Fri, 02 Feb 2018 00:00:00 GMT","editor":"racheal.olarewaju","scdy_edtor":" ","wardname":"Mbamnga","wardcode":"TRSSDA07","lganame":"Sardauna","lgacode":"35011","statename":"Taraba","statecode":"TA","source":"GRID","plc_st_nam":"Lip Police Post"}},{"type":"Feature","id":279,"geometry":{"type":"Point","coordinates":[10.6778683331571,7.14280166736313]},"properties":{"FID":279,"globalid":"469b765a-8637-45b4-b528-c0bf3a168503","uniq_id":2932,"timestamp":"Fri, 02 Feb 2018 00:00:00 GMT","editor":"racheal.olarewaju","scdy_edtor":" ","wardname":"Ashuku","wardcode":"TRSKRM04","lganame":"Kurmi","lgacode":"35009","statename":"Taraba","statecode":"TA","source":"GRID","plc_st_nam":"Police Out Post Ashuku"}},{"type":"Feature","id":280,"geometry":{"type":"Point","coordinates":[4.4936098430199,10.0701324992155]},"properties":{"FID":280,"globalid":"c64780dd-5c53-4b23-9dbb-aed2a34c8602","uniq_id":2931,"timestamp":"Fri, 02 Feb 2018 00:00:00 GMT","editor":"racheal.olarewaju","scdy_edtor":" ","wardname":"Malale","wardcode":"NISNBS05","lganame":"Borgu","lgacode":"27004","statename":"Niger","statecode":"NI","source":"GRID","plc_st_nam":"Malale Police Out Post"}},{"type":"Feature","id":281,"geometry":{"type":"Point","coordinates":[6.64216333317131,9.43081833319957]},"properties":{"FID":281,"globalid":"5d51db25-d4f3-4dbe-82cb-d53005baeba9","uniq_id":2930,"timestamp":"Fri, 02 Feb 2018 00:00:00 GMT","editor":"racheal.olarewaju","scdy_edtor":" ","wardname":"Paiko","wardcode":"NISPAK09","lganame":"Paikoro","lgacode":"27019","statename":"Niger","statecode":"NI","source":"GRID","plc_st_nam":"Paiko Police Station"}},{"type":"Feature","id":282,"geometry":{"type":"Point","coordinates":[5.81763050024745,10.8245531997704]},"properties":{"FID":282,"globalid":"d7eb166e-d845-4200-bb4a-9f27425414bf","uniq_id":2929,"timestamp":"Fri, 02 Feb 2018 00:00:00 GMT","editor":"racheal.olarewaju","scdy_edtor":" ","wardname":"Bangi","wardcode":"NISBMG01","lganame":"Mariga","lgacode":"27015","statename":"Niger","statecode":"NI","source":"GRID","plc_st_nam":"Bangi Police Station"}},{"type":"Feature","id":283,"geometry":{"type":"Point","coordinates":[7.19073167342805,9.64953052391462]},"properties":{"FID":283,"globalid":"254a95b1-5e45-4320-9507-3a75607c851d","uniq_id":2928,"timestamp":"Fri, 02 Feb 2018 00:00:00 GMT","editor":"racheal.olarewaju","scdy_edtor":" ","wardname":"Adono","wardcode":"NISPAK01","lganame":"Paikoro","lgacode":"27019","statename":"Niger","statecode":"NI","source":"GRID","plc_st_nam":"Beni Police Station"}},{"type":"Feature","id":284,"geometry":{"type":"Point","coordinates":[5.42471190043392,9.06272389968825]},"properties":{"FID":284,"globalid":"b0d1546e-e830-46d9-bab2-26fc184154f7","uniq_id":2927,"timestamp":"Fri, 02 Feb 2018 00:00:00 GMT","editor":"racheal.olarewaju","scdy_edtor":" ","wardname":"Rokota","wardcode":"NISENG09","lganame":"Edati","lgacode":"27007","statename":"Niger","statecode":"NI","source":"GRID","plc_st_nam":"Kpanbo Police Out Post"}},{"type":"Feature","id":285,"geometry":{"type":"Point","coordinates":[6.83822330036509,9.39594999959286]},"properties":{"FID":285,"globalid":"77b47252-7834-4447-973c-e57c872f1c0b","uniq_id":2926,"timestamp":"Fri, 02 Feb 2018 00:00:00 GMT","editor":"racheal.olarewaju","scdy_edtor":" ","wardname":"Kwakuti","wardcode":"NISPAK08","lganame":"Paikoro","lgacode":"27019","statename":"Niger","statecode":"NI","source":"GRID","plc_st_nam":"Far Doki Police Station"}},{"type":"Feature","id":286,"geometry":{"type":"Point","coordinates":[4.90563390028433,11.2350887999082]},"properties":{"FID":286,"globalid":"54c42a25-e5e7-4aac-a9a4-4f752206e235","uniq_id":2925,"timestamp":"Fri, 02 Feb 2018 00:00:00 GMT","editor":"racheal.olarewaju","scdy_edtor":" ","wardname":"Dukku","wardcode":"NISRJA03","lganame":"Rijau","lgacode":"27021","statename":"Niger","statecode":"NI","source":"GRID","plc_st_nam":"Dukku Central Police Station"}},{"type":"Feature","id":287,"geometry":{"type":"Point","coordinates":[3.34586832536297,6.47817897008343]},"properties":{"FID":287,"globalid":"c8d5a8b3-06d8-4946-8e98-95ea35e6ac47","uniq_id":2924,"timestamp":"Fri, 02 Feb 2018 00:00:00 GMT","editor":"racheal.olarewaju","scdy_edtor":" ","wardname":"Sari","wardcode":"LASAPA12","lganame":"Apapa","lgacode":"25005","statename":"Lagos","statecode":"LA","source":"GRID","plc_st_nam":"Orile Police Stationsari Iganmu"}},{"type":"Feature","id":288,"geometry":{"type":"Point","coordinates":[3.30208732986642,6.58951623009]},"properties":{"FID":288,"globalid":"2f5ab920-3916-46be-8a44-e24260f08d8f","uniq_id":2923,"timestamp":"Fri, 02 Feb 2018 00:00:00 GMT","editor":"racheal.olarewaju","scdy_edtor":" ","wardname":"Oguntade / Bameke","wardcode":"LASAMO30","lganame":"Alimosho","lgacode":"25003","statename":"Lagos","statecode":"LA","source":"GRID","plc_st_nam":"Shasha"}},{"type":"Feature","id":289,"geometry":{"type":"Point","coordinates":[3.41167802821849,6.42290379617333]},"properties":{"FID":289,"globalid":"2a13a13e-ea6c-48d4-9528-a9968eda47f9","uniq_id":2922,"timestamp":"Fri, 02 Feb 2018 00:00:00 GMT","editor":"racheal.olarewaju","scdy_edtor":" ","wardname":"Victoria Island","wardcode":"LASEOA20","lganame":"Eti Osa","lgacode":"25008","statename":"Lagos","statecode":"LA","source":"GRID","plc_st_nam":"NPF Divisional HQ Victoria Island"}},{"type":"Feature","id":290,"geometry":{"type":"Point","coordinates":[3.4689930722725,6.4332273819382]},"properties":{"FID":290,"globalid":"7e6c9a10-1611-4406-8733-4f769084cb5d","uniq_id":2921,"timestamp":"Fri, 02 Feb 2018 00:00:00 GMT","editor":"racheal.olarewaju","scdy_edtor":" ","wardname":"Ikate / Lekki","wardcode":"LASEOA10","lganame":"Eti Osa","lgacode":"25008","statename":"Lagos","statecode":"LA","source":"GRID","plc_st_nam":"Maruwa Police Station"}},{"type":"Feature","id":291,"geometry":{"type":"Point","coordinates":[3.08367629962157,6.4948718063888]},"properties":{"FID":291,"globalid":"be72bb7d-ffb5-4fa5-aa9c-6f5fec5b58cf","uniq_id":2920,"timestamp":"Fri, 02 Feb 2018 00:00:00 GMT","editor":"racheal.olarewaju","scdy_edtor":" ","wardname":"Araromi-Ale","wardcode":"LASBDY08","lganame":"Badagry","lgacode":"25006","statename":"Lagos","statecode":"LA","source":"GRID","plc_st_nam":"Morogbo Police Station"}},{"type":"Feature","id":292,"geometry":{"type":"Point","coordinates":[3.19480115235137,6.47008810598135]},"properties":{"FID":292,"globalid":"6f6bd55b-48f2-49a2-83d9-7afbbd42b237","uniq_id":2919,"timestamp":"Fri, 02 Feb 2018 00:00:00 GMT","editor":"racheal.olarewaju","scdy_edtor":" ","wardname":"Okokomaiko","wardcode":"LASOJO12","lganame":"Ojo","lgacode":"25015","statename":"Lagos","statecode":"LA","source":"GRID","plc_st_nam":"New Layout Police Station"}},{"type":"Feature","id":293,"geometry":{"type":"Point","coordinates":[3.38048015703367,6.45547462365499]},"properties":{"FID":293,"globalid":"2cd956f0-9bcf-4f5f-ab77-3b33ad24fc4e","uniq_id":2918,"timestamp":"Fri, 02 Feb 2018 00:00:00 GMT","editor":"racheal.olarewaju","scdy_edtor":" ","wardname":"Oke-Olowogbowo","wardcode":"LASLID15","lganame":"Lagos Island","lgacode":"25020","statename":"Lagos","statecode":"LA","source":"GRID","plc_st_nam":"Marina Leventis Police Station"}},{"type":"Feature","id":294,"geometry":{"type":"Point","coordinates":[3.32438568095444,6.50602446725543]},"properties":{"FID":294,"globalid":"971cacf7-3fa5-4f88-8816-3b59c6c5c1cb","uniq_id":2917,"timestamp":"Fri, 02 Feb 2018 00:00:00 GMT","editor":"racheal.olarewaju","scdy_edtor":" ","wardname":"Odo Eran / Ogunlana","wardcode":"LASMUN13","lganame":"Mushin","lgacode":"25014","statename":"Lagos","statecode":"LA","source":"GRID","plc_st_nam":"Cele Police Post Itire"}},{"type":"Feature","id":295,"geometry":{"type":"Point","coordinates":[3.48057646613108,6.64062664090682]},"properties":{"FID":295,"globalid":"5bc02d36-e90c-4609-b603-9595e3085282","uniq_id":2916,"timestamp":"Fri, 02 Feb 2018 00:00:00 GMT","editor":"racheal.olarewaju","scdy_edtor":" ","wardname":"Owutu","wardcode":"LASIKU28","lganame":"Ikorodu","lgacode":"25012","statename":"Lagos","statecode":"LA","source":"GRID","plc_st_nam":"Owutu Police Station"}},{"type":"Feature","id":296,"geometry":{"type":"Point","coordinates":[3.35829253767054,6.64015900693266]},"properties":{"FID":296,"globalid":"1ab483b5-13d3-47ad-90a2-88b454d3721d","uniq_id":2915,"timestamp":"Fri, 02 Feb 2018 00:00:00 GMT","editor":"racheal.olarewaju","scdy_edtor":" ","wardname":"Ojodu","wardcode":"LASIKA08","lganame":"Ikeja","lgacode":"25011","statename":"Lagos","statecode":"LA","source":"GRID","plc_st_nam":"Ojodu Police Station"}},{"type":"Feature","id":297,"geometry":{"type":"Point","coordinates":[3.20576043559566,6.45659698116577]},"properties":{"FID":297,"globalid":"70853bdf-0b9e-4dde-b425-0ea79a427910","uniq_id":2914,"timestamp":"Fri, 02 Feb 2018 00:00:00 GMT","editor":"racheal.olarewaju","scdy_edtor":" ","wardname":"Ojo Town","wardcode":"LASOJO11","lganame":"Ojo","lgacode":"25015","statename":"Lagos","statecode":"LA","source":"GRID","plc_st_nam":"NPF Divisional HQ Ojo"}},{"type":"Feature","id":298,"geometry":{"type":"Point","coordinates":[2.81485269559545,6.42973763468416]},"properties":{"FID":298,"globalid":"bd8148ee-d000-4cf2-8ad2-fcfd2a51208d","uniq_id":2913,"timestamp":"Fri, 02 Feb 2018 00:00:00 GMT","editor":"racheal.olarewaju","scdy_edtor":" ","wardname":"Apa","wardcode":"LASBDY06","lganame":"Badagry","lgacode":"25006","statename":"Lagos","statecode":"LA","source":"GRID","plc_st_nam":"Apa Police Station"}},{"type":"Feature","id":299,"geometry":{"type":"Point","coordinates":[3.27290664072893,6.45400015728148]},"properties":{"FID":299,"globalid":"5bd4e708-0413-4afd-8a27-b8e5ce3ca692","uniq_id":2912,"timestamp":"Fri, 02 Feb 2018 00:00:00 GMT","editor":"racheal.olarewaju","scdy_edtor":" ","wardname":"Ijegun","wardcode":"LASAON08","lganame":"Amuwo Odofin","lgacode":"25004","statename":"Lagos","statecode":"LA","source":"GRID","plc_st_nam":"Area L Police Command Headquarters"}},{"type":"Feature","id":300,"geometry":{"type":"Point","coordinates":[3.29316557762934,6.45864138569146]},"properties":{"FID":300,"globalid":"f348393d-4e17-4c6a-9377-25f5a6e37d48","uniq_id":2911,"timestamp":"Fri, 02 Feb 2018 00:00:00 GMT","editor":"racheal.olarewaju","scdy_edtor":" ","wardname":"Kuje","wardcode":"LASAON12","lganame":"Amuwo Odofin","lgacode":"25004","statename":"Lagos","statecode":"LA","source":"GRID","plc_st_nam":"Police Station 78"}},{"type":"Feature","id":301,"geometry":{"type":"Point","coordinates":[3.58901636141599,6.56621792281891]},"properties":{"FID":301,"globalid":"fbdf2d0b-1c9f-408d-93f0-f1b6eb9a2343","uniq_id":2910,"timestamp":"Fri, 02 Feb 2018 00:00:00 GMT","editor":"racheal.olarewaju","scdy_edtor":" ","wardname":"Oke-Oyinbo /  Aiyetoro","wardcode":"LASIKU25","lganame":"Ikorodu","lgacode":"25012","statename":"Lagos","statecode":"LA","source":"GRID","plc_st_nam":"Area N Command Ijede Police Station"}},{"type":"Feature","id":302,"geometry":{"type":"Point","coordinates":[3.27066989460002,6.44906346380787]},"properties":{"FID":302,"globalid":"51a1460d-8870-4588-9084-f68476154213","uniq_id":2909,"timestamp":"Fri, 02 Feb 2018 00:00:00 GMT","editor":"racheal.olarewaju","scdy_edtor":" ","wardname":"Ijegun","wardcode":"LASAON08","lganame":"Amuwo Odofin","lgacode":"25004","statename":"Lagos","statecode":"LA","source":"GRID","plc_st_nam":"Satellite Police Post"}},{"type":"Feature","id":303,"geometry":{"type":"Point","coordinates":[3.88595833311064,6.86580999963184]},"properties":{"FID":303,"globalid":"9a7a55fc-b5ef-4cd4-bfa7-78e4888336c1","uniq_id":2458,"timestamp":"Fri, 02 Feb 2018 00:00:00 GMT","editor":"najib.adam","scdy_edtor":" ","wardname":"Imodi","wardcode":"OGSOGU07","lganame":"Odogbolu","lgacode":"28017","statename":"Ogun","statecode":"OG","source":"GRID","plc_st_nam":"Imodi Imosan Police Post"}},{"type":"Feature","id":304,"geometry":{"type":"Point","coordinates":[3.92043868209953,6.81920894243876]},"properties":{"FID":304,"globalid":"f38f6281-7537-4b26-8bcc-36329d955c36","uniq_id":2457,"timestamp":"Fri, 02 Feb 2018 00:00:00 GMT","editor":"najib.adam","scdy_edtor":" ","wardname":"Odo-Egbo / Oliworo","wardcode":"OGSIUE09","lganame":"Ijebu Ode","lgacode":"28011","statename":"Ogun","statecode":"OG","source":"GRID","plc_st_nam":"The Nigerian Police Station Etitale"}},{"type":"Feature","id":305,"geometry":{"type":"Point","coordinates":[3.3658430045511,6.88007101426592]},"properties":{"FID":305,"globalid":"3350a3f6-0254-4c7a-9333-04039a14f26a","uniq_id":2456,"timestamp":"Fri, 02 Feb 2018 00:00:00 GMT","editor":"najib.adam","scdy_edtor":" ","wardname":"Molokiki","wardcode":"OGSOBE07","lganame":"Obafemi Owode","lgacode":"28015","statename":"Ogun","statecode":"OG","source":"GRID","plc_st_nam":"Iro Police Station"}},{"type":"Feature","id":306,"geometry":{"type":"Point","coordinates":[3.34014166740405,6.60479999962035]},"properties":{"FID":306,"globalid":"641501ea-ad09-4fb0-b1de-cdf3288f354e","uniq_id":2908,"timestamp":"Fri, 02 Feb 2018 00:00:00 GMT","editor":"racheal.olarewaju","scdy_edtor":" ","wardname":"Seriki-Aro","wardcode":"LASIKA17","lganame":"Ikeja","lgacode":"25011","statename":"Lagos","statecode":"LA","source":"GRID","plc_st_nam":"Eleruwa Police Stationwemabod Estate"}},{"type":"Feature","id":307,"geometry":{"type":"Point","coordinates":[3.87585290039107,6.63739309971186]},"properties":{"FID":307,"globalid":"9e97f76c-f024-4847-b5c9-1d3cffed79b2","uniq_id":2907,"timestamp":"Fri, 02 Feb 2018 00:00:00 GMT","editor":"racheal.olarewaju","scdy_edtor":" ","wardname":"Ejirin / Ketu","wardcode":"LASEPE07","lganame":"Epe","lgacode":"25007","statename":"Lagos","statecode":"LA","source":"GRID","plc_st_nam":"Ketu Ereyun Police Post"}},{"type":"Feature","id":308,"geometry":{"type":"Point","coordinates":[3.98916826600271,6.64821562575059]},"properties":{"FID":308,"globalid":"855af846-d458-4abe-a4cb-88eb80446fa6","uniq_id":2906,"timestamp":"Fri, 02 Feb 2018 00:00:00 GMT","editor":"racheal.olarewaju","scdy_edtor":" ","wardname":"Odoragunsin","wardcode":"LASEPE15","lganame":"Epe","lgacode":"25007","statename":"Lagos","statecode":"LA","source":"GRID","plc_st_nam":"Eredo Police Station"}},{"type":"Feature","id":309,"geometry":{"type":"Point","coordinates":[3.93889576792537,6.43750021925973]},"properties":{"FID":309,"globalid":"107c1943-a126-41f7-b262-eb55de06cd75","uniq_id":2905,"timestamp":"Fri, 02 Feb 2018 00:00:00 GMT","editor":"racheal.olarewaju","scdy_edtor":" ","wardname":"Orimedu 1","wardcode":"LASIUI08","lganame":"Ibeju Lekki","lgacode":"25009","statename":"Lagos","statecode":"LA","source":"GRID","plc_st_nam":"NPF Mopol 49 Akodo Old Secteriat"}},{"type":"Feature","id":310,"geometry":{"type":"Point","coordinates":[3.61163604656633,6.44866157027531]},"properties":{"FID":310,"globalid":"3e4af346-eefc-4583-8ae2-3ef01bd0f899","uniq_id":2904,"timestamp":"Fri, 02 Feb 2018 00:00:00 GMT","editor":"racheal.olarewaju","scdy_edtor":" ","wardname":"Okun Ajah / Okunmopo","wardcode":"LASEOA17","lganame":"Eti Osa","lgacode":"25008","statename":"Lagos","statecode":"LA","source":"GRID","plc_st_nam":"Ogombo Police Station"}},{"type":"Feature","id":311,"geometry":{"type":"Point","coordinates":[3.12529148391491,6.49611514879513]},"properties":{"FID":311,"globalid":"c5db8cb8-00f8-42a9-aaaa-85c93c41444c","uniq_id":2903,"timestamp":"Fri, 02 Feb 2018 00:00:00 GMT","editor":"racheal.olarewaju","scdy_edtor":" ","wardname":"Ijanikin","wardcode":"LASOJO06","lganame":"Ojo","lgacode":"25015","statename":"Lagos","statecode":"LA","source":"GRID","plc_st_nam":"Ijanikin Divisional Police Station"}},{"type":"Feature","id":312,"geometry":{"type":"Point","coordinates":[3.09809484669984,6.50110697160949]},"properties":{"FID":312,"globalid":"206057c6-696a-4b88-ad01-c54e2a3df62c","uniq_id":3245,"timestamp":"Fri, 02 Feb 2018 00:00:00 GMT","editor":"racheal.olarewaju","scdy_edtor":" ","wardname":"Agbara","wardcode":"OGSADO03","lganame":"Ado Odo/Ota","lgacode":"28003","statename":"Ogun","statecode":"OG","source":"GRID","plc_st_nam":"Agbara Police Station"}},{"type":"Feature","id":313,"geometry":{"type":"Point","coordinates":[3.36897166680905,6.65154333315837]},"properties":{"FID":313,"globalid":"7265a80f-70fd-46a9-a376-b1a68814ab5f","uniq_id":3244,"timestamp":"Fri, 02 Feb 2018 00:00:00 GMT","editor":"racheal.olarewaju","scdy_edtor":" ","wardname":"Ojodu / Isheri","wardcode":"OGSIFO08","lganame":"Ifo","lgacode":"28007","statename":"Ogun","statecode":"OG","source":"GRID","plc_st_nam":"Police Station"}},{"type":"Feature","id":314,"geometry":{"type":"Point","coordinates":[3.09811999983816,6.50100500018067]},"properties":{"FID":314,"globalid":"dd089ac7-c93a-4587-8ec0-337295d732c3","uniq_id":3243,"timestamp":"Fri, 02 Feb 2018 00:00:00 GMT","editor":"najib.adam","scdy_edtor":" ","wardname":"Agbara","wardcode":"OGSADO03","lganame":"Ado Odo/Ota","lgacode":"28003","statename":"Ogun","statecode":"OG","source":"GRID","plc_st_nam":"Divisional Police Head Quarters Agbara"}},{"type":"Feature","id":315,"geometry":{"type":"Point","coordinates":[3.20836499994482,6.68235666682676]},"properties":{"FID":315,"globalid":"cd725f24-f39a-4178-81a3-62f7a006f381","uniq_id":3242,"timestamp":"Fri, 02 Feb 2018 00:00:00 GMT","editor":"najib.adam","scdy_edtor":" ","wardname":"Ota 2","wardcode":"OGSADO14","lganame":"Ado Odo/Ota","lgacode":"28003","statename":"Ogun","statecode":"OG","source":"GRID","plc_st_nam":"Obasanjo Farm Police Station"}},{"type":"Feature","id":316,"geometry":{"type":"Point","coordinates":[3.89946062930466,7.42500894790464]},"properties":{"FID":316,"globalid":"f3502231-0dab-42e0-bf16-8b88457b8562","uniq_id":3241,"timestamp":"Fri, 02 Feb 2018 00:00:00 GMT","editor":"racheal.olarewaju","scdy_edtor":" ","wardname":"Samonda","wardcode":"OYSIBN10","lganame":"Ibadan North","lgacode":"31006","statename":"Oyo","statecode":"OY","source":"GRID","plc_st_nam":"Sango Police Station"}},{"type":"Feature","id":317,"geometry":{"type":"Point","coordinates":[3.24814782186456,7.49356006134781]},"properties":{"FID":317,"globalid":"47b03f59-36d5-4f53-9c65-3ad09151be87","uniq_id":3240,"timestamp":"Fri, 02 Feb 2018 00:00:00 GMT","editor":"racheal.olarewaju","scdy_edtor":" ","wardname":"Tobalogbo","wardcode":"OYSICL10","lganame":"Ibarapa Central","lgacode":"31011","statename":"Oyo","statecode":"OY","source":"GRID","plc_st_nam":"Nigeria Police Idere"}},{"type":"Feature","id":318,"geometry":{"type":"Point","coordinates":[3.39211685011259,6.40140992193039]},"properties":{"FID":318,"globalid":"443106a6-5d8d-4d28-b05c-3f8c352a9576","uniq_id":3239,"timestamp":"Fri, 02 Feb 2018 00:00:00 GMT","editor":"racheal.olarewaju","scdy_edtor":" ","wardname":"Tarkwa Bay","wardcode":"LASEOA19","lganame":"Eti Osa","lgacode":"25008","statename":"Lagos","statecode":"LA","source":"GRID","plc_st_nam":"Police Station 44"}},{"type":"Feature","id":319,"geometry":{"type":"Point","coordinates":[2.83954166681451,7.43685666690169]},"properties":{"FID":319,"globalid":"56b0127f-e504-4dd4-92c8-9d98bd8da28b","uniq_id":3247,"timestamp":"Fri, 02 Feb 2018 00:00:00 GMT","editor":"najib.adam","scdy_edtor":" ","wardname":"Imeko","wardcode":"OGSION07","lganame":"Imeko Afon","lgacode":"28013","statename":"Ogun","statecode":"OG","source":"GRID","plc_st_nam":"Police Divisional Headquarters Imeko Afon"}},{"type":"Feature","id":320,"geometry":{"type":"Point","coordinates":[3.38571489482661,6.49538731217478]},"properties":{"FID":320,"globalid":"187ab5fb-384a-4ee2-aeba-70848ac653f4","uniq_id":2902,"timestamp":"Fri, 02 Feb 2018 00:00:00 GMT","editor":"racheal.olarewaju","scdy_edtor":" ","wardname":"Makoko","wardcode":"LASLMD12","lganame":"Lagos Mainland","lgacode":"25019","statename":"Lagos","statecode":"LA","source":"GRID","plc_st_nam":"Makoko Police Post"}},{"type":"Feature","id":321,"geometry":{"type":"Point","coordinates":[3.38913184106167,6.49049353434918]},"properties":{"FID":321,"globalid":"990d79bb-2bb5-4838-836e-38c976364f40","uniq_id":2901,"timestamp":"Fri, 02 Feb 2018 00:00:00 GMT","editor":"racheal.olarewaju","scdy_edtor":" ","wardname":"Okobaba","wardcode":"LASLMD14","lganame":"Lagos Mainland","lgacode":"25019","statename":"Lagos","statecode":"LA","source":"GRID","plc_st_nam":"Okobaba Police Post"}},{"type":"Feature","id":322,"geometry":{"type":"Point","coordinates":[3.37778839441893,6.48406645740113]},"properties":{"FID":322,"globalid":"1a9b72c9-ee8a-4f7f-972d-164cce02b53b","uniq_id":2900,"timestamp":"Fri, 02 Feb 2018 00:00:00 GMT","editor":"racheal.olarewaju","scdy_edtor":" ","wardname":"Ojo-Oniyun","wardcode":"LASLMD13","lganame":"Lagos Mainland","lgacode":"25019","statename":"Lagos","statecode":"LA","source":"GRID","plc_st_nam":"Odaliki Police Station"}},{"type":"Feature","id":323,"geometry":{"type":"Point","coordinates":[3.33693617786236,6.59578349031585]},"properties":{"FID":323,"globalid":"b0b264a1-33c6-4b88-a2dc-21cd914944be","uniq_id":2899,"timestamp":"Fri, 02 Feb 2018 00:00:00 GMT","editor":"racheal.olarewaju","scdy_edtor":" ","wardname":"Anifowoshe","wardcode":"LASIKA05","lganame":"Ikeja","lgacode":"25011","statename":"Lagos","statecode":"LA","source":"GRID","plc_st_nam":"Obafemi Awolowo Road Police Station"}},{"type":"Feature","id":324,"geometry":{"type":"Point","coordinates":[3.32285391787406,6.54901502612262]},"properties":{"FID":324,"globalid":"e2105d38-9fbd-4560-a3f8-d029d8c1b1d1","uniq_id":2898,"timestamp":"Fri, 02 Feb 2018 00:00:00 GMT","editor":"racheal.olarewaju","scdy_edtor":" ","wardname":"Ajao Estate","wardcode":"LASOIO04","lganame":"Oshodi/Isolo","lgacode":"25016","statename":"Lagos","statecode":"LA","source":"GRID","plc_st_nam":"Divisional Headquarters Ajao Estate"}},{"type":"Feature","id":325,"geometry":{"type":"Point","coordinates":[3.31117849369258,6.44349902286166]},"properties":{"FID":325,"globalid":"3575d029-3854-4cd0-8164-e22d5901b20c","uniq_id":2897,"timestamp":"Fri, 02 Feb 2018 00:00:00 GMT","editor":"racheal.olarewaju","scdy_edtor":" ","wardname":"Kirikiri and Environ","wardcode":"LASAON11","lganame":"Amuwo Odofin","lgacode":"25004","statename":"Lagos","statecode":"LA","source":"GRID","plc_st_nam":"NPF Kirikiri Police Post"}},{"type":"Feature","id":326,"geometry":{"type":"Point","coordinates":[3.3763281238439,6.52709948495334]},"properties":{"FID":326,"globalid":"b24568ec-e382-461c-8d38-870a9636b644","uniq_id":2896,"timestamp":"Fri, 02 Feb 2018 00:00:00 GMT","editor":"racheal.olarewaju","scdy_edtor":" ","wardname":"Abule Ijesha","wardcode":"LASLMD01","lganame":"Lagos Mainland","lgacode":"25019","statename":"Lagos","statecode":"LA","source":"GRID","plc_st_nam":"Basua Police Station"}},{"type":"Feature","id":327,"geometry":{"type":"Point","coordinates":[3.28337559290935,6.57895196775917]},"properties":{"FID":327,"globalid":"b9977235-5a24-46dc-a97b-7e587e6e75a7","uniq_id":2895,"timestamp":"Fri, 02 Feb 2018 00:00:00 GMT","editor":"racheal.olarewaju","scdy_edtor":" ","wardname":"Isheri-Olofin","wardcode":"LASAMO28","lganame":"Alimosho","lgacode":"25003","statename":"Lagos","statecode":"LA","source":"GRID","plc_st_nam":"Idimu Police Station"}},{"type":"Feature","id":328,"geometry":{"type":"Point","coordinates":[3.23893419195946,6.55106485985544]},"properties":{"FID":328,"globalid":"cc7332f1-5893-4f55-8327-5d1a74da7cdb","uniq_id":2894,"timestamp":"Fri, 02 Feb 2018 00:00:00 GMT","editor":"racheal.olarewaju","scdy_edtor":" ","wardname":"Igando","wardcode":"LASAMO23","lganame":"Alimosho","lgacode":"25003","statename":"Lagos","statecode":"LA","source":"GRID","plc_st_nam":"Igando Police Station"}},{"type":"Feature","id":329,"geometry":{"type":"Point","coordinates":[3.27806430212587,6.51645494823731]},"properties":{"FID":329,"globalid":"608b31eb-f8dd-4e27-af19-766a333d7a72","uniq_id":2893,"timestamp":"Fri, 02 Feb 2018 00:00:00 GMT","editor":"racheal.olarewaju","scdy_edtor":" ","wardname":"Isheri Oshun","wardcode":"LASAMO27","lganame":"Alimosho","lgacode":"25003","statename":"Lagos","statecode":"LA","source":"GRID","plc_st_nam":"Isheri Oshun Police Station"}},{"type":"Feature","id":330,"geometry":{"type":"Point","coordinates":[3.5134137960099,6.60849280120186]},"properties":{"FID":330,"globalid":"ec2a8db0-b0f7-4c1f-a80c-70b209af94a6","uniq_id":2892,"timestamp":"Fri, 02 Feb 2018 00:00:00 GMT","editor":"racheal.olarewaju","scdy_edtor":" ","wardname":"Aga / Ijomu","wardcode":"LASIKU02","lganame":"Ikorodu","lgacode":"25012","statename":"Lagos","statecode":"LA","source":"GRID","plc_st_nam":"Igbogbo Police Station"}},{"type":"Feature","id":331,"geometry":{"type":"Point","coordinates":[3.31842037619947,6.61011491736957]},"properties":{"FID":331,"globalid":"45045bee-c5a6-44d6-96aa-5e5ab137ba6a","uniq_id":2891,"timestamp":"Fri, 02 Feb 2018 00:00:00 GMT","editor":"racheal.olarewaju","scdy_edtor":" ","wardname":"Isale Oja","wardcode":"LASAGG05","lganame":"Agege","lgacode":"25001","statename":"Lagos","statecode":"LA","source":"GRID","plc_st_nam":"The Nigeria Police Force Dopemu Agege"}},{"type":"Feature","id":332,"geometry":{"type":"Point","coordinates":[3.37334087008514,6.58682786061735]},"properties":{"FID":332,"globalid":"297caa2b-72b7-4c59-a070-51a50a14ba6c","uniq_id":2890,"timestamp":"Fri, 02 Feb 2018 00:00:00 GMT","editor":"racheal.olarewaju","scdy_edtor":" ","wardname":"Olusosun","wardcode":"LASIKA11","lganame":"Ikeja","lgacode":"25011","statename":"Lagos","statecode":"LA","source":"GRID","plc_st_nam":"Nigeria Police Olusosun Post"}},{"type":"Feature","id":333,"geometry":{"type":"Point","coordinates":[3.36157187234409,6.46867633494497]},"properties":{"FID":333,"globalid":"05f2588c-33cc-4a80-9742-dd31a47e5178","uniq_id":2889,"timestamp":"Fri, 02 Feb 2018 00:00:00 GMT","editor":"racheal.olarewaju","scdy_edtor":" ","wardname":"Badia","wardcode":"LASAPA06","lganame":"Apapa","lgacode":"25005","statename":"Lagos","statecode":"LA","source":"GRID","plc_st_nam":"Ijora Badia Police Station Fadaini Street"}},{"type":"Feature","id":334,"geometry":{"type":"Point","coordinates":[3.36335266219567,6.60331185006186]},"properties":{"FID":334,"globalid":"da2b3ae3-c2db-497f-aa8d-d08f308653c8","uniq_id":2888,"timestamp":"Fri, 02 Feb 2018 00:00:00 GMT","editor":"racheal.olarewaju","scdy_edtor":" ","wardname":"Oregun","wardcode":"LASIKA15","lganame":"Ikeja","lgacode":"25011","statename":"Lagos","statecode":"LA","source":"GRID","plc_st_nam":"Oregun Police Post"}},{"type":"Feature","id":335,"geometry":{"type":"Point","coordinates":[3.35637848987545,6.57797947687141]},"properties":{"FID":335,"globalid":"2bb9e22d-64c5-4f94-a820-e3a444cb3068","uniq_id":2887,"timestamp":"Fri, 02 Feb 2018 00:00:00 GMT","editor":"racheal.olarewaju","scdy_edtor":" ","wardname":"G R A","wardcode":"LASIKA06","lganame":"Ikeja","lgacode":"25011","statename":"Lagos","statecode":"LA","source":"GRID","plc_st_nam":"Police Officers Mess"}},{"type":"Feature","id":336,"geometry":{"type":"Point","coordinates":[3.36197615177804,6.61499225109156]},"properties":{"FID":336,"globalid":"09e4c5f4-f74f-4c79-8153-0010b7ff53f4","uniq_id":2886,"timestamp":"Fri, 02 Feb 2018 00:00:00 GMT","editor":"racheal.olarewaju","scdy_edtor":" ","wardname":"Alausa","wardcode":"LASIKA04","lganame":"Ikeja","lgacode":"25011","statename":"Lagos","statecode":"LA","source":"GRID","plc_st_nam":"Lagos State Police Command HQ Rapid Response Squad"}},{"type":"Feature","id":337,"geometry":{"type":"Point","coordinates":[3.36099212888371,6.61823281868971]},"properties":{"FID":337,"globalid":"288e4fd4-d30a-460e-a405-93e8ea0bf822","uniq_id":2885,"timestamp":"Fri, 02 Feb 2018 00:00:00 GMT","editor":"racheal.olarewaju","scdy_edtor":" ","wardname":"Alausa","wardcode":"LASIKA04","lganame":"Ikeja","lgacode":"25011","statename":"Lagos","statecode":"LA","source":"GRID","plc_st_nam":"Alausa Divisional Headquarters"}},{"type":"Feature","id":338,"geometry":{"type":"Point","coordinates":[5.68572731976002,6.43531171276538]},"properties":{"FID":338,"globalid":"bd7c8a0e-a685-4a9f-8c11-a8293ffe68f3","uniq_id":2884,"timestamp":"Fri, 02 Feb 2018 00:00:00 GMT","editor":"racheal.olarewaju","scdy_edtor":" ","wardname":"Umagbae South","wardcode":"EDSEHR03","lganame":"Uhunmwonde","lgacode":"12018","statename":"Edo","statecode":"ED","source":"GRID","plc_st_nam":"Ute Police Station"}},{"type":"Feature","id":339,"geometry":{"type":"Point","coordinates":[6.31556290570359,4.68883344520737]},"properties":{"FID":339,"globalid":"7f12de38-a409-4c85-b950-a55f3b025a69","uniq_id":2883,"timestamp":"Fri, 02 Feb 2018 00:00:00 GMT","editor":"racheal.olarewaju","scdy_edtor":" ","wardname":"Ogbia-Ward 1","wardcode":"BYSGBB05","lganame":"Ogbia","lgacode":"6005","statename":"Bayelsa","statecode":"BY","source":"GRID","plc_st_nam":"Nigeria Police Ogbia Div HQ"}},{"type":"Feature","id":340,"geometry":{"type":"Point","coordinates":[6.93943571398705,6.0719148888611]},"properties":{"FID":340,"globalid":"e95fb8ed-3812-48e6-9bf3-c063b1ec8c37","uniq_id":2881,"timestamp":"Fri, 02 Feb 2018 00:00:00 GMT","editor":"racheal.olarewaju","scdy_edtor":" ","wardname":"Nnobi 1","wardcode":"ANSJJT05","lganame":"Idemili South","lgacode":"4011","statename":"Anambra","statecode":"AN","source":"GRID","plc_st_nam":"Nigerian Police Station Umuagu Nnobi"}},{"type":"Feature","id":341,"geometry":{"type":"Point","coordinates":[6.92243050716223,5.93774656705045]},"properties":{"FID":341,"globalid":"d9eb5eff-bcc4-4121-8276-e16e8a3fedd1","uniq_id":2879,"timestamp":"Fri, 02 Feb 2018 00:00:00 GMT","editor":"racheal.olarewaju","scdy_edtor":" ","wardname":"Ukpor 3","wardcode":"ANSUKP15","lganame":"Nnewi South","lgacode":"4015","statename":"Anambra","statecode":"AN","source":"GRID","plc_st_nam":"Divisional Headquarters Ukpor"}},{"type":"Feature","id":342,"geometry":{"type":"Point","coordinates":[6.86529041542036,6.1775793171318]},"properties":{"FID":342,"globalid":"316e4cc1-18a7-4597-9b4d-09b0f2c83ce1","uniq_id":2878,"timestamp":"Fri, 02 Feb 2018 00:00:00 GMT","editor":"racheal.olarewaju","scdy_edtor":" ","wardname":"Ogbuike 2","wardcode":"ANSHTE13","lganame":"Oyi","lgacode":"4021","statename":"Anambra","statecode":"AN","source":"GRID","plc_st_nam":"Ogbunike Police Station"}},{"type":"Feature","id":343,"geometry":{"type":"Point","coordinates":[7.06419644640891,6.21077554395623]},"properties":{"FID":343,"globalid":"c2f3ee2a-a015-4410-9d1c-25789f784da0","uniq_id":2877,"timestamp":"Fri, 02 Feb 2018 00:00:00 GMT","editor":"racheal.olarewaju","scdy_edtor":" ","wardname":"Awka 6","wardcode":"ANSAWK04","lganame":"Awka South","lgacode":"4006","statename":"Anambra","statecode":"AN","source":"GRID","plc_st_nam":"The Nigeria Police"}},{"type":"Feature","id":344,"geometry":{"type":"Point","coordinates":[7.08241952234312,6.23594075925865]},"properties":{"FID":344,"globalid":"6c604001-3f5e-49d8-b8b6-3372dc1c16e3","uniq_id":2876,"timestamp":"Fri, 02 Feb 2018 00:00:00 GMT","editor":"racheal.olarewaju","scdy_edtor":" ","wardname":"Awka 5","wardcode":"ANSAWK10","lganame":"Awka South","lgacode":"4006","statename":"Anambra","statecode":"AN","source":"GRID","plc_st_nam":"The Nigeria Police B Division Awka"}},{"type":"Feature","id":345,"geometry":{"type":"Point","coordinates":[6.76453364870895,6.10756243735665]},"properties":{"FID":345,"globalid":"6cddb141-ecb0-484f-9ff2-76c85d40f7d7","uniq_id":2875,"timestamp":"Fri, 02 Feb 2018 00:00:00 GMT","editor":"racheal.olarewaju","scdy_edtor":" ","wardname":"Iyiowa / Od / Ohi","wardcode":"ANSATN05","lganame":"Ogbaru","lgacode":"4016","statename":"Anambra","statecode":"AN","source":"GRID","plc_st_nam":"Iyiowa Odekpe Police Station"}},{"type":"Feature","id":346,"geometry":{"type":"Point","coordinates":[6.90901296217851,6.09119806314015]},"properties":{"FID":346,"globalid":"189e5bdf-5f79-4c15-854a-f76eea8240b0","uniq_id":2874,"timestamp":"Fri, 02 Feb 2018 00:00:00 GMT","editor":"racheal.olarewaju","scdy_edtor":" ","wardname":"Ojojouno / Obiofia","wardcode":"ANSJJT12","lganame":"Idemili South","lgacode":"4011","statename":"Anambra","statecode":"AN","source":"GRID","plc_st_nam":"Ojoto Police Station"}},{"type":"Feature","id":347,"geometry":{"type":"Point","coordinates":[7.08937930371195,5.94273420082277]},"properties":{"FID":347,"globalid":"09ea9702-5834-425d-86dc-dfdedab6e664","uniq_id":2873,"timestamp":"Fri, 02 Feb 2018 00:00:00 GMT","editor":"racheal.olarewaju","scdy_edtor":" ","wardname":"Uga 2","wardcode":"ANSAGU17","lganame":"Aguata","lgacode":"4001","statename":"Anambra","statecode":"AN","source":"GRID","plc_st_nam":"Aguata Area Command 2"}},{"type":"Feature","id":348,"geometry":{"type":"Point","coordinates":[7.0884141710772,5.94419654793239]},"properties":{"FID":348,"globalid":"ea1fdfec-ce73-4629-93f0-2b58c002ed77","uniq_id":2872,"timestamp":"Fri, 02 Feb 2018 00:00:00 GMT","editor":"racheal.olarewaju","scdy_edtor":" ","wardname":"Uga 2","wardcode":"ANSAGU17","lganame":"Aguata","lgacode":"4001","statename":"Anambra","statecode":"AN","source":"GRID","plc_st_nam":"Aguata Area Command 1"}},{"type":"Feature","id":349,"geometry":{"type":"Point","coordinates":[6.81698582733412,6.09909794721256]},"properties":{"FID":349,"globalid":"51509844-c924-48f2-a025-d4479072efd9","uniq_id":2871,"timestamp":"Fri, 02 Feb 2018 00:00:00 GMT","editor":"racheal.olarewaju","scdy_edtor":" ","wardname":"Obosi 1","wardcode":"ANSGDD08","lganame":"Idemili North","lgacode":"4010","statename":"Anambra","statecode":"AN","source":"GRID","plc_st_nam":"The Nigerian Police Force Divisional Headquarters Obosi"}},{"type":"Feature","id":350,"geometry":{"type":"Point","coordinates":[6.92702771735532,5.86286023611103]},"properties":{"FID":350,"globalid":"dac4c252-37e8-460d-b975-22f9d3539c1c","uniq_id":2870,"timestamp":"Fri, 02 Feb 2018 00:00:00 GMT","editor":"racheal.olarewaju","scdy_edtor":" ","wardname":"Orsumogha","wardcode":"ANSHAL13","lganame":"Ihiala","lgacode":"4012","statename":"Anambra","statecode":"AN","source":"GRID","plc_st_nam":"Orsumoghu Police Station"}},{"type":"Feature","id":351,"geometry":{"type":"Point","coordinates":[5.199897007441,7.99422333284059]},"properties":{"FID":351,"globalid":"338cd95b-9b3d-4501-9580-9b84ab1d86de","uniq_id":2869,"timestamp":"Fri, 02 Feb 2018 00:00:00 GMT","editor":"racheal.olarewaju","scdy_edtor":" ","wardname":"Ikun 1","wardcode":"EKSMBA05","lganame":"Moba","lgacode":"13015","statename":"Ekiti","statecode":"EK","source":"GRID","plc_st_nam":"Police Post Ikun Ekiti"}},{"type":"Feature","id":352,"geometry":{"type":"Point","coordinates":[7.56664166697942,5.40781833274991]},"properties":{"FID":352,"globalid":"8ed23896-dbd9-490e-bd2c-90c1183d229b","uniq_id":2868,"timestamp":"Fri, 02 Feb 2018 00:00:00 GMT","editor":"racheal.olarewaju","scdy_edtor":" ","wardname":"Oboro 4","wardcode":"ABSKWU13","lganame":"Ikwuano","lgacode":"1005","statename":"Abia","statecode":"AB","source":"GRID","plc_st_nam":"Isiala Oboro Police Station"}},{"type":"Feature","id":353,"geometry":{"type":"Point","coordinates":[8.85124669997526,9.98976330033611]},"properties":{"FID":353,"globalid":"fa6ef95e-7858-4d9d-8f55-12a5db8be8e0","uniq_id":2867,"timestamp":"Fri, 02 Feb 2018 00:00:00 GMT","editor":"racheal.olarewaju","scdy_edtor":" ","wardname":"Ahwol","wardcode":"PLSJJN02","lganame":"Jos North","lgacode":"32005","statename":"Plateau","statecode":"PL","source":"GRID","plc_st_nam":"The Nigeria Police Nepa Out station"}},{"type":"Feature","id":354,"geometry":{"type":"Point","coordinates":[3.70992997398918,7.10583127099642]},"properties":{"FID":354,"globalid":"645fcb20-31a5-4f0d-a249-5d9e2285a775","uniq_id":2454,"timestamp":"Fri, 02 Feb 2018 00:00:00 GMT","editor":"najib.adam","scdy_edtor":" ","wardname":"Ajebo","wardcode":"OGSOBE01","lganame":"Obafemi Owode","lgacode":"28015","statename":"Ogun","statecode":"OG","source":"GRID","plc_st_nam":"Ajebo Police Station"}},{"type":"Feature","id":355,"geometry":{"type":"Point","coordinates":[9.38058999992859,8.69022333314035]},"properties":{"FID":355,"globalid":"0e511e3c-a78a-4a32-82e9-53d5853a4d0d","uniq_id":2866,"timestamp":"Fri, 02 Feb 2018 00:00:00 GMT","editor":"racheal.olarewaju","scdy_edtor":" ","wardname":"Ngotlong","wardcode":"PLSSHD11","lganame":"Shendam","lgacode":"32016","statename":"Plateau","statecode":"PL","source":"GRID","plc_st_nam":"The Nigeria Police Out post Turniang 2"}},{"type":"Feature","id":356,"geometry":{"type":"Point","coordinates":[9.38043166708781,8.69023500004528]},"properties":{"FID":356,"globalid":"53971b1c-e722-48fe-b000-35b5839dcd4e","uniq_id":2865,"timestamp":"Fri, 02 Feb 2018 00:00:00 GMT","editor":"racheal.olarewaju","scdy_edtor":" ","wardname":"Ngotlong","wardcode":"PLSSHD11","lganame":"Shendam","lgacode":"32016","statename":"Plateau","statecode":"PL","source":"GRID","plc_st_nam":"The Nigeria Police Out post Turniang 1"}},{"type":"Feature","id":357,"geometry":{"type":"Point","coordinates":[9.38061166729466,8.68998500020763]},"properties":{"FID":357,"globalid":"e6522206-9426-4f91-8efc-86f62b98c043","uniq_id":2864,"timestamp":"Fri, 02 Feb 2018 00:00:00 GMT","editor":"racheal.olarewaju","scdy_edtor":" ","wardname":"Ngotlong","wardcode":"PLSSHD11","lganame":"Shendam","lgacode":"32016","statename":"Plateau","statecode":"PL","source":"GRID","plc_st_nam":"The Nigeria Police Out post"}},{"type":"Feature","id":358,"geometry":{"type":"Point","coordinates":[8.31938000038673,5.0599283003508]},"properties":{"FID":358,"globalid":"70dad1f3-d8f0-4980-9d06-dee659722fd2","uniq_id":2863,"timestamp":"Fri, 02 Feb 2018 00:00:00 GMT","editor":"racheal.olarewaju","scdy_edtor":" ","wardname":"Adiabo Efut","wardcode":"CRSDUK07","lganame":"Odukpani","lgacode":"9015","statename":"Cross River","statecode":"CR","source":"GRID","plc_st_nam":"Area Command Headquarters Tinapa Calabar"}},{"type":"Feature","id":359,"geometry":{"type":"Point","coordinates":[4.4184683330472,7.58766333329623]},"properties":{"FID":359,"globalid":"e9f7e506-4c57-43bc-be4a-606568ef06b9","uniq_id":2862,"timestamp":"Fri, 02 Feb 2018 00:00:00 GMT","editor":"racheal.olarewaju","scdy_edtor":" ","wardname":"Ode Omu Rural","wardcode":"OSSADE06","lganame":"Ayedade","lgacode":"30001","statename":"Osun","statecode":"OS","source":"GRID","plc_st_nam":"Police Post Ayedaade LGA"}},{"type":"Feature","id":360,"geometry":{"type":"Point","coordinates":[4.54383666722845,7.78716166677754]},"properties":{"FID":360,"globalid":"7944df0a-2e8c-444a-b4c0-efe463abbb7c","uniq_id":2861,"timestamp":"Fri, 02 Feb 2018 00:00:00 GMT","editor":"racheal.olarewaju","scdy_edtor":" ","wardname":"Alekuwodo","wardcode":"OSSOSO02","lganame":"Osogbo","lgacode":"30030","statename":"Osun","statecode":"OS","source":"GRID","plc_st_nam":"Nigeria Police Force IGP X Squad Osun Annex"}},{"type":"Feature","id":361,"geometry":{"type":"Point","coordinates":[11.5029232998704,10.2841533000348]},"properties":{"FID":361,"globalid":"5fad63a9-e94a-41c1-83e3-1efaed485523","uniq_id":2860,"timestamp":"Fri, 02 Feb 2018 00:00:00 GMT","editor":"racheal.olarewaju","scdy_edtor":" ","wardname":"Hinna","wardcode":"GMSYDB03","lganame":"Yamaltu/Deba","lgacode":"16011","statename":"Gombe","statecode":"GO","source":"GRID","plc_st_nam":"Shinga Police Outpost"}},{"type":"Feature","id":362,"geometry":{"type":"Point","coordinates":[8.89212670018713,9.95171499994734]},"properties":{"FID":362,"globalid":"4c333faa-733c-48ee-8b52-ed092604694a","uniq_id":2859,"timestamp":"Fri, 02 Feb 2018 00:00:00 GMT","editor":"racheal.olarewaju","scdy_edtor":" ","wardname":"Naraguta B","wardcode":"PLSJJN15","lganame":"Jos North","lgacode":"32005","statename":"Plateau","statecode":"PL","source":"GRID","plc_st_nam":"Head Quarters Sector 2 Operation Save Heaven Bauchi Road"}},{"type":"Feature","id":363,"geometry":{"type":"Point","coordinates":[8.89211669972593,9.95612500006877]},"properties":{"FID":363,"globalid":"4603f5f3-ef13-468f-829e-11b63e62fcef","uniq_id":2858,"timestamp":"Fri, 02 Feb 2018 00:00:00 GMT","editor":"racheal.olarewaju","scdy_edtor":" ","wardname":"Angwan Rogo / Rimi","wardcode":"PLSJJN04","lganame":"Jos North","lgacode":"32005","statename":"Plateau","statecode":"PL","source":"GRID","plc_st_nam":"The Nigeria Police Post Bauchi Road"}},{"type":"Feature","id":364,"geometry":{"type":"Point","coordinates":[8.34980166671357,5.34959333306591]},"properties":{"FID":364,"globalid":"b5ece95b-9297-411a-bf4c-39f6a9da4572","uniq_id":2857,"timestamp":"Fri, 02 Feb 2018 00:00:00 GMT","editor":"racheal.olarewaju","scdy_edtor":" ","wardname":"Akamkpa Urban","wardcode":"CRSKAM05","lganame":"Akamkpa","lgacode":"9002","statename":"Cross River","statecode":"CR","source":"GRID","plc_st_nam":"The Nigeria Police Akamkpa Area Command Headquarters"}},{"type":"Feature","id":365,"geometry":{"type":"Point","coordinates":[8.85820910016986,6.5549221995999]},"properties":{"FID":365,"globalid":"d5cb3acd-5cfc-4fa1-9955-eb56b3a91c3c","uniq_id":2855,"timestamp":"Fri, 02 Feb 2018 00:00:00 GMT","editor":"racheal.olarewaju","scdy_edtor":" ","wardname":"Mbube West2","wardcode":"CRSGGJ01","lganame":"Ogoja","lgacode":"9016","statename":"Cross River","statecode":"CR","source":"GRID","plc_st_nam":"Odajie Mbube Police Post"}},{"type":"Feature","id":366,"geometry":{"type":"Point","coordinates":[11.4836783296912,9.97590000008501]},"properties":{"FID":366,"globalid":"65ff919d-4b52-460e-8952-21fd41a5154a","uniq_id":2854,"timestamp":"Fri, 02 Feb 2018 00:00:00 GMT","editor":"racheal.olarewaju","scdy_edtor":" ","wardname":"Awak","wardcode":"GMSKLT01","lganame":"Kaltungo","lgacode":"16007","statename":"Gombe","statecode":"GO","source":"GRID","plc_st_nam":"Nil Police Out post"}},{"type":"Feature","id":367,"geometry":{"type":"Point","coordinates":[11.3649199999581,10.7085099997367]},"properties":{"FID":367,"globalid":"5f385cf8-a0cc-4c71-9a87-195dd450ac6b","uniq_id":2853,"timestamp":"Fri, 02 Feb 2018 00:00:00 GMT","editor":"racheal.olarewaju","scdy_edtor":" ","wardname":"Tongo","wardcode":"GMSFKY09","lganame":"Funakaye","lgacode":"16005","statename":"Gombe","statecode":"GO","source":"GRID","plc_st_nam":"Tongo Police Out Post"}},{"type":"Feature","id":368,"geometry":{"type":"Point","coordinates":[11.2451216699292,9.90541666714552]},"properties":{"FID":368,"globalid":"c90ebf5b-8790-46e5-a5c6-6da75587e949","uniq_id":2852,"timestamp":"Fri, 02 Feb 2018 00:00:00 GMT","editor":"racheal.olarewaju","scdy_edtor":" ","wardname":"Kulishin","wardcode":"GMSSHM07","lganame":"Shomgom","lgacode":"16010","statename":"Gombe","statecode":"GO","source":"GRID","plc_st_nam":"Lau Iyaka Police Outpost"}},{"type":"Feature","id":369,"geometry":{"type":"Point","coordinates":[9.26402999998459,9.01973500007023]},"properties":{"FID":369,"globalid":"9ed49ae5-eb46-4400-9a56-046a0ca8713b","uniq_id":2851,"timestamp":"Fri, 02 Feb 2018 00:00:00 GMT","editor":"racheal.olarewaju","scdy_edtor":" ","wardname":"Kwa","wardcode":"PLSQAP09","lganame":"Qua'An Pan","lgacode":"32014","statename":"Plateau","statecode":"PL","source":"GRID","plc_st_nam":"Gwan Police Out post"}},{"type":"Feature","id":370,"geometry":{"type":"Point","coordinates":[8.93462669956256,9.33652169981661]},"properties":{"FID":370,"globalid":"35efc7ba-6c44-45de-8d9b-3351a5fb2e95","uniq_id":2850,"timestamp":"Fri, 02 Feb 2018 00:00:00 GMT","editor":"racheal.olarewaju","scdy_edtor":" ","wardname":"Mandar","wardcode":"PLSBKK09","lganame":"Bokkos","lgacode":"32003","statename":"Plateau","statecode":"PL","source":"GRID","plc_st_nam":"Butura Kampani Out post"}},{"type":"Feature","id":371,"geometry":{"type":"Point","coordinates":[9.60499669963804,9.01524499985692]},"properties":{"FID":371,"globalid":"0bb897ef-24f4-4fe7-b008-40b4844c662a","uniq_id":2849,"timestamp":"Fri, 02 Feb 2018 00:00:00 GMT","editor":"racheal.olarewaju","scdy_edtor":" ","wardname":"Tunkus","wardcode":"PLSTNK16","lganame":"Mikang","lgacode":"32012","statename":"Plateau","statecode":"PL","source":"GRID","plc_st_nam":"Divisional Headquarters Mikang Tunkus"}},{"type":"Feature","id":372,"geometry":{"type":"Point","coordinates":[9.28111330033857,9.25870330021718]},"properties":{"FID":372,"globalid":"51f3bcbe-9738-4258-8f1c-f5353cfb1d96","uniq_id":2799,"timestamp":"Fri, 02 Feb 2018 00:00:00 GMT","editor":"racheal.olarewaju","scdy_edtor":" ","wardname":"Jiblik","wardcode":"PLSPKN05","lganame":"Pankshin","lgacode":"32013","statename":"Plateau","statecode":"PL","source":"GRID","plc_st_nam":"Abwor Dyis Police Station"}},{"type":"Feature","id":373,"geometry":{"type":"Point","coordinates":[9.43439830044127,9.32377170000399]},"properties":{"FID":373,"globalid":"356b8a8b-b0fd-42fc-aa34-c3220c7ccd23","uniq_id":2848,"timestamp":"Fri, 02 Feb 2018 00:00:00 GMT","editor":"racheal.olarewaju","scdy_edtor":" ","wardname":"Pankshin","wardcode":"PLSPKN15","lganame":"Pankshin","lgacode":"32013","statename":"Plateau","statecode":"PL","source":"GRID","plc_st_nam":"The Nigeria Police Plateau Central Area Command Pankshin"}},{"type":"Feature","id":374,"geometry":{"type":"Point","coordinates":[8.89803499961556,9.58701499994237]},"properties":{"FID":374,"globalid":"ac36827f-9e68-43a4-8e88-cf7052d30ffe","uniq_id":2847,"timestamp":"Fri, 02 Feb 2018 00:00:00 GMT","editor":"racheal.olarewaju","scdy_edtor":" ","wardname":"Gassa","wardcode":"PLSBLD02","lganame":"Barkin Ladi","lgacode":"32001","statename":"Plateau","statecode":"PL","source":"GRID","plc_st_nam":"Kassa Out station"}},{"type":"Feature","id":375,"geometry":{"type":"Point","coordinates":[8.72932670016712,9.61444830004905]},"properties":{"FID":375,"globalid":"f5774140-b534-4f14-a7b7-8f284619bfee","uniq_id":2846,"timestamp":"Fri, 02 Feb 2018 00:00:00 GMT","editor":"racheal.olarewaju","scdy_edtor":" ","wardname":"Kwogo","wardcode":"PLSRYM08","lganame":"Riyom","lgacode":"32015","statename":"Plateau","statecode":"PL","source":"GRID","plc_st_nam":"The Nigeria Police Out post Kwogo Hoss"}},{"type":"Feature","id":376,"geometry":{"type":"Point","coordinates":[8.72925166703084,9.61446999979069]},"properties":{"FID":376,"globalid":"a6572d71-a478-4083-8752-fd766c154f81","uniq_id":2845,"timestamp":"Fri, 02 Feb 2018 00:00:00 GMT","editor":"racheal.olarewaju","scdy_edtor":" ","wardname":"Kwogo","wardcode":"PLSRYM08","lganame":"Riyom","lgacode":"32015","statename":"Plateau","statecode":"PL","source":"GRID","plc_st_nam":"Police Outpost Kwogo hoss"}},{"type":"Feature","id":377,"geometry":{"type":"Point","coordinates":[9.21529833285183,9.40872666700216]},"properties":{"FID":377,"globalid":"8661cfec-0c14-4d16-abf7-282c92d5e064","uniq_id":2844,"timestamp":"Fri, 02 Feb 2018 00:00:00 GMT","editor":"racheal.olarewaju","scdy_edtor":" ","wardname":"Panyam North","wardcode":"PLSMGU18","lganame":"Mangu","lgacode":"32011","statename":"Plateau","statecode":"PL","source":"GRID","plc_st_nam":"Panyam Out station"}},{"type":"Feature","id":378,"geometry":{"type":"Point","coordinates":[9.36758669976643,9.46175669961207]},"properties":{"FID":378,"globalid":"c8343867-dbdc-4ecc-8dc4-17b072abfafa","uniq_id":2843,"timestamp":"Fri, 02 Feb 2018 00:00:00 GMT","editor":"racheal.olarewaju","scdy_edtor":" ","wardname":"Fier","wardcode":"PLSPKN04","lganame":"Pankshin","lgacode":"32013","statename":"Plateau","statecode":"PL","source":"GRID","plc_st_nam":"Nigeria Police Out post Takkas"}},{"type":"Feature","id":379,"geometry":{"type":"Point","coordinates":[9.52381500016219,8.62846499966008]},"properties":{"FID":379,"globalid":"a5aec77a-4414-4742-9a97-b39f1411e671","uniq_id":2842,"timestamp":"Fri, 02 Feb 2018 00:00:00 GMT","editor":"racheal.olarewaju","scdy_edtor":" ","wardname":"Menkat","wardcode":"PLSSHD09","lganame":"Shendam","lgacode":"32016","statename":"Plateau","statecode":"PL","source":"GRID","plc_st_nam":"Shimankar Police Station"}},{"type":"Feature","id":380,"geometry":{"type":"Point","coordinates":[9.45721166718477,8.93691166733964]},"properties":{"FID":380,"globalid":"fb6422da-445f-465c-b994-1fac42a2efd1","uniq_id":2841,"timestamp":"Fri, 02 Feb 2018 00:00:00 GMT","editor":"racheal.olarewaju","scdy_edtor":" ","wardname":"Pangshom","wardcode":"PLSSHD13","lganame":"Shendam","lgacode":"32016","statename":"Plateau","statecode":"PL","source":"GRID","plc_st_nam":"Nigeria Police Out post Gidan Adamu 2"}},{"type":"Feature","id":381,"geometry":{"type":"Point","coordinates":[9.45733833309765,8.93695333293005]},"properties":{"FID":381,"globalid":"3630e586-48d0-44b2-8b8d-3bb1681c7bfd","uniq_id":2840,"timestamp":"Fri, 02 Feb 2018 00:00:00 GMT","editor":"racheal.olarewaju","scdy_edtor":" ","wardname":"Pangshom","wardcode":"PLSSHD13","lganame":"Shendam","lgacode":"32016","statename":"Plateau","statecode":"PL","source":"GRID","plc_st_nam":"Nigeria Police Out post Gidan Adamu 1"}},{"type":"Feature","id":382,"geometry":{"type":"Point","coordinates":[9.44532166656171,8.68963666669885]},"properties":{"FID":382,"globalid":"2a78c692-c9d7-454a-b993-ee6c372db4a7","uniq_id":2839,"timestamp":"Fri, 02 Feb 2018 00:00:00 GMT","editor":"racheal.olarewaju","scdy_edtor":" ","wardname":"Ngotlong","wardcode":"PLSSHD11","lganame":"Shendam","lgacode":"32016","statename":"Plateau","statecode":"PL","source":"GRID","plc_st_nam":"Demshin Police Out station 3"}},{"type":"Feature","id":383,"geometry":{"type":"Point","coordinates":[9.44527166695394,8.68987666697467]},"properties":{"FID":383,"globalid":"87758be0-ea53-4f50-8412-3a2f1b8170b2","uniq_id":2838,"timestamp":"Fri, 02 Feb 2018 00:00:00 GMT","editor":"racheal.olarewaju","scdy_edtor":" ","wardname":"Ngotlong","wardcode":"PLSSHD11","lganame":"Shendam","lgacode":"32016","statename":"Plateau","statecode":"PL","source":"GRID","plc_st_nam":"Demshin Police Out station 2"}},{"type":"Feature","id":384,"geometry":{"type":"Point","coordinates":[9.44548499963309,8.68995000039223]},"properties":{"FID":384,"globalid":"58100089-cf96-4cc6-9aa9-377cfa3bcc61","uniq_id":2837,"timestamp":"Fri, 02 Feb 2018 00:00:00 GMT","editor":"racheal.olarewaju","scdy_edtor":" ","wardname":"Ngotlong","wardcode":"PLSSHD11","lganame":"Shendam","lgacode":"32016","statename":"Plateau","statecode":"PL","source":"GRID","plc_st_nam":"Demshin Police Out station 1"}},{"type":"Feature","id":385,"geometry":{"type":"Point","coordinates":[8.85486669963854,9.95382500012369]},"properties":{"FID":385,"globalid":"d986b71f-d66a-431a-b920-9e852593a14c","uniq_id":2836,"timestamp":"Fri, 02 Feb 2018 00:00:00 GMT","editor":"racheal.olarewaju","scdy_edtor":" ","wardname":"Ahwol","wardcode":"PLSJJN02","lganame":"Jos North","lgacode":"32005","statename":"Plateau","statecode":"PL","source":"GRID","plc_st_nam":"Ecwa Staff Police Station"}},{"type":"Feature","id":386,"geometry":{"type":"Point","coordinates":[9.86337833294374,8.58153500014021]},"properties":{"FID":386,"globalid":"f5b84fc9-baf3-4df8-a61d-df6a49591dc2","uniq_id":2835,"timestamp":"Fri, 02 Feb 2018 00:00:00 GMT","editor":"racheal.olarewaju","scdy_edtor":" ","wardname":"Gamaki","wardcode":"PLSMBD04","lganame":"Langtang South","lgacode":"32010","statename":"Plateau","statecode":"PL","source":"GRID","plc_st_nam":"Ndingshan Police Out station"}},{"type":"Feature","id":387,"geometry":{"type":"Point","coordinates":[4.03373666741334,6.7829166672704]},"properties":{"FID":387,"globalid":"71242fcd-fd54-49b5-b59e-33b4d832a8be","uniq_id":2833,"timestamp":"Fri, 02 Feb 2018 00:00:00 GMT","editor":"racheal.olarewaju","scdy_edtor":" ","wardname":"Ife 1","wardcode":"OGSIUU02","lganame":"Ijebu East","lgacode":"28008","statename":"Ogun","statecode":"OG","source":"GRID","plc_st_nam":"Police Quarter"}},{"type":"Feature","id":388,"geometry":{"type":"Point","coordinates":[3.91147499987142,6.81784333270372]},"properties":{"FID":388,"globalid":"2fba48c6-722c-41a1-b4f4-4030e442a0d8","uniq_id":2832,"timestamp":"Fri, 02 Feb 2018 00:00:00 GMT","editor":"racheal.olarewaju","scdy_edtor":" ","wardname":"Odo-Egbo / Oliworo","wardcode":"OGSIUE09","lganame":"Ijebu Ode","lgacode":"28011","statename":"Ogun","statecode":"OG","source":"GRID","plc_st_nam":"Police Station Idomowo"}},{"type":"Feature","id":389,"geometry":{"type":"Point","coordinates":[3.16698166717026,7.10059499985942]},"properties":{"FID":389,"globalid":"8ab67d03-5d2a-46d4-ab48-f7e3adf4f45c","uniq_id":2831,"timestamp":"Fri, 02 Feb 2018 00:00:00 GMT","editor":"racheal.olarewaju","scdy_edtor":" ","wardname":"Ikereku 1","wardcode":"OGSABN07","lganame":"Abeokuta North","lgacode":"28001","statename":"Ogun","statecode":"OG","source":"GRID","plc_st_nam":"Police Post"}},{"type":"Feature","id":390,"geometry":{"type":"Point","coordinates":[4.06670492958887,6.76315220461061]},"properties":{"FID":390,"globalid":"a871b00c-fdd7-4d39-9b50-c45c04289e44","uniq_id":2830,"timestamp":"Fri, 02 Feb 2018 00:00:00 GMT","editor":"racheal.olarewaju","scdy_edtor":" ","wardname":"Owu","wardcode":"OGSIUU11","lganame":"Ijebu East","lgacode":"28008","statename":"Ogun","statecode":"OG","source":"GRID","plc_st_nam":"Police Station"}},{"type":"Feature","id":391,"geometry":{"type":"Point","coordinates":[5.21402685505535,7.58049220674997]},"properties":{"FID":391,"globalid":"a306520e-1b81-409b-b3ca-ed4aff2b8b7b","uniq_id":2828,"timestamp":"Fri, 02 Feb 2018 00:00:00 GMT","editor":"racheal.olarewaju","scdy_edtor":" ","wardname":"Ureje","wardcode":"EKSADO13","lganame":"Ado-Ekiti","lgacode":"13001","statename":"Ekiti","statecode":"EK","source":"GRID","plc_st_nam":"The Nigeria Police Ologede Divisional Police Headquarters Ikere Road"}},{"type":"Feature","id":392,"geometry":{"type":"Point","coordinates":[5.50918184686481,7.77296142473]},"properties":{"FID":392,"globalid":"c39fd5c1-9a74-40aa-8165-a2983da166c7","uniq_id":2827,"timestamp":"Fri, 02 Feb 2018 00:00:00 GMT","editor":"racheal.olarewaju","scdy_edtor":" ","wardname":"Ikole 2","wardcode":"EKSIKE03","lganame":"Ikole","lgacode":"13011","statename":"Ekiti","statecode":"EK","source":"GRID","plc_st_nam":"The Police Area Command Headquarters Ijesa Isu"}},{"type":"Feature","id":393,"geometry":{"type":"Point","coordinates":[3.28406633069665,6.73037092317963]},"properties":{"FID":393,"globalid":"ba94baa7-3cea-4d0d-a09b-63f6094520a1","uniq_id":2453,"timestamp":"Fri, 02 Feb 2018 00:00:00 GMT","editor":"najib.adam","scdy_edtor":" ","wardname":"Opeilu / Ibaragun","wardcode":"OGSIFO09","lganame":"Ifo","lgacode":"28007","statename":"Ogun","statecode":"OG","source":"GRID","plc_st_nam":"Ijoko Lemode Town Ogun State"}},{"type":"Feature","id":394,"geometry":{"type":"Point","coordinates":[2.74217666711957,7.55403166732765]},"properties":{"FID":394,"globalid":"35b403a9-a73e-4c40-bc82-3fb2ca2bcc26","uniq_id":2452,"timestamp":"Fri, 02 Feb 2018 00:00:00 GMT","editor":"najib.adam","scdy_edtor":" ","wardname":"Iwoye","wardcode":"OGSION08","lganame":"Imeko Afon","lgacode":"28013","statename":"Ogun","statecode":"OG","source":"GRID","plc_st_nam":"Post Du Police"}},{"type":"Feature","id":395,"geometry":{"type":"Point","coordinates":[5.50910012097387,7.76918204361647]},"properties":{"FID":395,"globalid":"7252294d-92c0-41e0-aafb-e82ae9814fd2","uniq_id":2826,"timestamp":"Fri, 02 Feb 2018 00:00:00 GMT","editor":"racheal.olarewaju","scdy_edtor":" ","wardname":"Ikole 2","wardcode":"EKSIKE03","lganame":"Ikole","lgacode":"13011","statename":"Ekiti","statecode":"EK","source":"GRID","plc_st_nam":"Nigeria Police Divisional Headquarter Ijesa Isu Road Ikole Ekiti"}},{"type":"Feature","id":396,"geometry":{"type":"Point","coordinates":[5.23876442743642,7.95037913388995]},"properties":{"FID":396,"globalid":"c105e67f-156e-473e-801b-5c2b2ea4653f","uniq_id":2825,"timestamp":"Fri, 02 Feb 2018 00:00:00 GMT","editor":"racheal.olarewaju","scdy_edtor":" ","wardname":"Eda Obada","wardcode":"EKSIME01","lganame":"Ilejemeje","lgacode":"13012","statename":"Ekiti","statecode":"EK","source":"GRID","plc_st_nam":"Divisional Headquarters Iye Ilejemeje"}},{"type":"Feature","id":397,"geometry":{"type":"Point","coordinates":[5.10801593598671,7.89857054069796]},"properties":{"FID":397,"globalid":"affaceb7-de37-457c-bb98-7a8b2752674c","uniq_id":2824,"timestamp":"Fri, 02 Feb 2018 00:00:00 GMT","editor":"racheal.olarewaju","scdy_edtor":" ","wardname":"Iloro","wardcode":"EKSIJO08","lganame":"Ijero","lgacode":"13009","statename":"Ekiti","statecode":"EK","source":"GRID","plc_st_nam":"Oke Owa Police Station"}},{"type":"Feature","id":398,"geometry":{"type":"Point","coordinates":[5.12299717268144,7.67808564323792]},"properties":{"FID":398,"globalid":"23098f62-ee0b-46d9-bb7a-ae8440677556","uniq_id":2823,"timestamp":"Fri, 02 Feb 2018 00:00:00 GMT","editor":"racheal.olarewaju","scdy_edtor":" ","wardname":"Igede A","wardcode":"EKSIPN05","lganame":"Irepodun/Ifelodun","lgacode":"13013","statename":"Ekiti","statecode":"EK","source":"GRID","plc_st_nam":"Igede Police Station"}},{"type":"Feature","id":399,"geometry":{"type":"Point","coordinates":[5.51260254866872,7.79208600806288]},"properties":{"FID":399,"globalid":"15580dd4-587f-4951-8801-46078b5b16ed","uniq_id":2822,"timestamp":"Fri, 02 Feb 2018 00:00:00 GMT","editor":"racheal.olarewaju","scdy_edtor":" ","wardname":"Ikole 2","wardcode":"EKSIKE03","lganame":"Ikole","lgacode":"13011","statename":"Ekiti","statecode":"EK","source":"GRID","plc_st_nam":"Nigeria A Divisions Police Station"}},{"type":"Feature","id":400,"geometry":{"type":"Point","coordinates":[5.50351300092433,7.33064892760598]},"properties":{"FID":400,"globalid":"6c8fcd3f-caf2-4623-b078-be83271158b6","uniq_id":2821,"timestamp":"Fri, 02 Feb 2018 00:00:00 GMT","editor":"racheal.olarewaju","scdy_edtor":" ","wardname":"Oke / Sasere","wardcode":"EKSEME08","lganame":"Emure","lgacode":"13006","statename":"Ekiti","statecode":"EK","source":"GRID","plc_st_nam":"Eporo Police Station"}},{"type":"Feature","id":401,"geometry":{"type":"Point","coordinates":[5.06581480830681,7.82531074879205]},"properties":{"FID":401,"globalid":"d3dbab5f-b0ee-477f-aaea-f261cefe8c83","uniq_id":2820,"timestamp":"Fri, 02 Feb 2018 00:00:00 GMT","editor":"racheal.olarewaju","scdy_edtor":" ","wardname":"Ijero A","wardcode":"EKSIJO03","lganame":"Ijero","lgacode":"13009","statename":"Ekiti","statecode":"EK","source":"GRID","plc_st_nam":"Police Divisional Headquarter Ijero Ekiti"}},{"type":"Feature","id":402,"geometry":{"type":"Point","coordinates":[5.06498609473255,7.82534741505123]},"properties":{"FID":402,"globalid":"0f736b12-bb92-40d4-9505-5cf390240c9f","uniq_id":2819,"timestamp":"Fri, 02 Feb 2018 00:00:00 GMT","editor":"racheal.olarewaju","scdy_edtor":" ","wardname":"Ijero A","wardcode":"EKSIJO03","lganame":"Ijero","lgacode":"13009","statename":"Ekiti","statecode":"EK","source":"GRID","plc_st_nam":"Area Command Police Station"}},{"type":"Feature","id":403,"geometry":{"type":"Point","coordinates":[5.14523833318259,7.66019333255628]},"properties":{"FID":403,"globalid":"6b929536-e589-4162-b859-48e7bd233f0f","uniq_id":2818,"timestamp":"Fri, 02 Feb 2018 00:00:00 GMT","editor":"racheal.olarewaju","scdy_edtor":" ","wardname":"Iyin A","wardcode":"EKSIPN10","lganame":"Irepodun/Ifelodun","lgacode":"13013","statename":"Ekiti","statecode":"EK","source":"GRID","plc_st_nam":"Iyin Police Out Post"}},{"type":"Feature","id":404,"geometry":{"type":"Point","coordinates":[5.14421166713475,8.04696166674756]},"properties":{"FID":404,"globalid":"b1abd239-5940-4374-a41f-44cc04dd00e6","uniq_id":2817,"timestamp":"Fri, 02 Feb 2018 00:00:00 GMT","editor":"racheal.olarewaju","scdy_edtor":" ","wardname":"Erinmape 2","wardcode":"EKSMBA01","lganame":"Moba","lgacode":"13015","statename":"Ekiti","statecode":"EK","source":"GRID","plc_st_nam":"Oji Police Station"}},{"type":"Feature","id":405,"geometry":{"type":"Point","coordinates":[5.37212018479875,7.80175578580094]},"properties":{"FID":405,"globalid":"fb345f09-b5ba-4ae9-8116-239470c1c286","uniq_id":2816,"timestamp":"Fri, 02 Feb 2018 00:00:00 GMT","editor":"racheal.olarewaju","scdy_edtor":" ","wardname":"Itapaosin","wardcode":"EKSOYE09","lganame":"Oye","lgacode":"13016","statename":"Ekiti","statecode":"EK","source":"GRID","plc_st_nam":"Nigerian Police Divisional Headquarters"}},{"type":"Feature","id":406,"geometry":{"type":"Point","coordinates":[7.26150333261273,4.94539166709183]},"properties":{"FID":406,"globalid":"dc1237d3-a595-4986-886d-b29a433af8ee","uniq_id":2815,"timestamp":"Fri, 02 Feb 2018 00:00:00 GMT","editor":"racheal.olarewaju","scdy_edtor":" ","wardname":"Ozaa West","wardcode":"ABSKKE27","lganame":"Ukwa West","lgacode":"1014","statename":"Abia","statecode":"AB","source":"GRID","plc_st_nam":"Obehie Police Station"}},{"type":"Feature","id":407,"geometry":{"type":"Point","coordinates":[7.49016666655848,5.54894000038075]},"properties":{"FID":407,"globalid":"d777ad06-f7c9-4fa4-99c0-dae9ab205e35","uniq_id":2814,"timestamp":"Fri, 02 Feb 2018 00:00:00 GMT","editor":"racheal.olarewaju","scdy_edtor":" ","wardname":"Urban 2","wardcode":"ABSUMA18","lganame":"Umuahia North","lgacode":"1016","statename":"Abia","statecode":"AB","source":"GRID","plc_st_nam":"State Cid Station"}},{"type":"Feature","id":408,"geometry":{"type":"Point","coordinates":[7.56173166718276,5.41534166708431]},"properties":{"FID":408,"globalid":"7f27542a-99fe-45de-94eb-83627347189e","uniq_id":2813,"timestamp":"Fri, 02 Feb 2018 00:00:00 GMT","editor":"racheal.olarewaju","scdy_edtor":" ","wardname":"Oboro 3","wardcode":"ABSKWU12","lganame":"Ikwuano","lgacode":"1005","statename":"Abia","statecode":"AB","source":"GRID","plc_st_nam":"The Nigerian Police Divisional Headquarters"}},{"type":"Feature","id":409,"geometry":{"type":"Point","coordinates":[7.48426329991139,5.48653500039001]},"properties":{"FID":409,"globalid":"af0cc603-f65d-4a61-bfb5-6d101e36e329","uniq_id":2812,"timestamp":"Fri, 02 Feb 2018 00:00:00 GMT","editor":"racheal.olarewaju","scdy_edtor":" ","wardname":"Old Umuahia","wardcode":"ABSAPR10","lganame":"Umuahia South","lgacode":"1017","statename":"Abia","statecode":"AB","source":"GRID","plc_st_nam":"Nigeria Police Force 28 Squadron Umuobia"}},{"type":"Feature","id":410,"geometry":{"type":"Point","coordinates":[7.52217999980718,5.51574000000107]},"properties":{"FID":410,"globalid":"e7c31628-275e-4b69-90f2-f2726cee84b6","uniq_id":2811,"timestamp":"Fri, 02 Feb 2018 00:00:00 GMT","editor":"racheal.olarewaju","scdy_edtor":" ","wardname":"Urban 1","wardcode":"ABSUMA17","lganame":"Umuahia North","lgacode":"1016","statename":"Abia","statecode":"AB","source":"GRID","plc_st_nam":"Divisional Headquarters World Bank Division Ehimiri"}},{"type":"Feature","id":411,"geometry":{"type":"Point","coordinates":[7.33644166684951,5.08957833307369]},"properties":{"FID":411,"globalid":"d7443ee4-e4c0-4338-8553-d521ae508c5f","uniq_id":2810,"timestamp":"Fri, 02 Feb 2018 00:00:00 GMT","editor":"racheal.olarewaju","scdy_edtor":" ","wardname":"Eziukwu 1 / 2","wardcode":"ABSABA07","lganame":"Aba South","lgacode":"1002","statename":"Abia","statecode":"AB","source":"GRID","plc_st_nam":"Uratta Police Station"}},{"type":"Feature","id":412,"geometry":{"type":"Point","coordinates":[7.47602166716626,5.26543833281283]},"properties":{"FID":412,"globalid":"dd014f71-4ae2-46b7-85b0-673e06c78362","uniq_id":2809,"timestamp":"Fri, 02 Feb 2018 00:00:00 GMT","editor":"racheal.olarewaju","scdy_edtor":" ","wardname":"Aku-Na-Ekpu","wardcode":"ABSMBA01","lganame":"Isiala-Ngwa South","lgacode":"1007","statename":"Abia","statecode":"AB","source":"GRID","plc_st_nam":"The Nigeria Police Station Ndiolumbe"}},{"type":"Feature","id":413,"geometry":{"type":"Point","coordinates":[7.49730833311315,5.73991166728968]},"properties":{"FID":413,"globalid":"e4e87e34-8b7d-40d1-ac80-6958a7304e90","uniq_id":2808,"timestamp":"Fri, 02 Feb 2018 00:00:00 GMT","editor":"racheal.olarewaju","scdy_edtor":" ","wardname":"Umuasua","wardcode":"ABSMBL18","lganame":"Isuikwuato","lgacode":"1008","statename":"Abia","statecode":"AB","source":"GRID","plc_st_nam":"Police Station Isiukwuato Divisional Headquarters"}},{"type":"Feature","id":414,"geometry":{"type":"Point","coordinates":[7.47589833324156,5.60053500009025]},"properties":{"FID":414,"globalid":"80335174-303a-412b-ab71-2249ff18cc94","uniq_id":2807,"timestamp":"Fri, 02 Feb 2018 00:00:00 GMT","editor":"racheal.olarewaju","scdy_edtor":" ","wardname":"Afugiri 2","wardcode":"ABSUMA03","lganame":"Umuahia North","lgacode":"1016","statename":"Abia","statecode":"AB","source":"GRID","plc_st_nam":"Nigerian Police Umuegwu Ohuhu"}},{"type":"Feature","id":415,"geometry":{"type":"Point","coordinates":[7.52081011739307,5.60410440839178]},"properties":{"FID":415,"globalid":"6b022669-ea82-4016-b233-38d3c0f6d8de","uniq_id":2806,"timestamp":"Fri, 02 Feb 2018 00:00:00 GMT","editor":"racheal.olarewaju","scdy_edtor":" ","wardname":"Ibeku East 2","wardcode":"ABSUMA06","lganame":"Umuahia North","lgacode":"1016","statename":"Abia","statecode":"AB","source":"GRID","plc_st_nam":"The Nigeria Police Headquaters"}},{"type":"Feature","id":416,"geometry":{"type":"Point","coordinates":[7.68172166702135,5.75297666723947]},"properties":{"FID":416,"globalid":"eb528a2b-6f6b-4fe9-828f-cfe386bc4b29","uniq_id":2805,"timestamp":"Fri, 02 Feb 2018 00:00:00 GMT","editor":"racheal.olarewaju","scdy_edtor":" ","wardname":"Item 4","wardcode":"ABSBND10","lganame":"Bende","lgacode":"1004","statename":"Abia","statecode":"AB","source":"GRID","plc_st_nam":"Amaeke Police Station"}},{"type":"Feature","id":417,"geometry":{"type":"Point","coordinates":[7.45742500026358,5.5391283330062]},"properties":{"FID":417,"globalid":"e3e9cf8b-a144-438b-a2bb-5e1d2e0effc9","uniq_id":2804,"timestamp":"Fri, 02 Feb 2018 00:00:00 GMT","editor":"racheal.olarewaju","scdy_edtor":" ","wardname":"Ibeku West","wardcode":"ABSUMA07","lganame":"Umuahia North","lgacode":"1016","statename":"Abia","statecode":"AB","source":"GRID","plc_st_nam":"Umuopara Police Station"}},{"type":"Feature","id":418,"geometry":{"type":"Point","coordinates":[7.76832333315537,5.78765333283508]},"properties":{"FID":418,"globalid":"eb421764-4fbe-4e47-9eda-05e6882aa2af","uniq_id":2803,"timestamp":"Fri, 02 Feb 2018 00:00:00 GMT","editor":"racheal.olarewaju","scdy_edtor":" ","wardname":"Ndi Etiti","wardcode":"ABSHAF13","lganame":"Ohafia","lgacode":"1010","statename":"Abia","statecode":"AB","source":"GRID","plc_st_nam":"Nigeria Police Divisioal Headquarters Nkporo"}},{"type":"Feature","id":419,"geometry":{"type":"Point","coordinates":[8.9281133002886,9.4153583001455]},"properties":{"FID":419,"globalid":"23a84046-c8c6-41ef-9058-999604314b15","uniq_id":2802,"timestamp":"Fri, 02 Feb 2018 00:00:00 GMT","editor":"racheal.olarewaju","scdy_edtor":" ","wardname":"Mazat","wardcode":"PLSBLD12","lganame":"Barkin Ladi","lgacode":"32001","statename":"Plateau","statecode":"PL","source":"GRID","plc_st_nam":"Kuba Police Station"}},{"type":"Feature","id":420,"geometry":{"type":"Point","coordinates":[8.68646830027188,9.85111670007569]},"properties":{"FID":420,"globalid":"c13902db-88c6-409c-9480-44c8f03cad37","uniq_id":2801,"timestamp":"Fri, 02 Feb 2018 00:00:00 GMT","editor":"racheal.olarewaju","scdy_edtor":" ","wardname":"Tahu","wardcode":"PLSBSA17","lganame":"Bassa","lgacode":"32002","statename":"Plateau","statecode":"PL","source":"GRID","plc_st_nam":"The Nigerian Police Station Miango Bassa Division"}},{"type":"Feature","id":421,"geometry":{"type":"Point","coordinates":[8.74942500016368,9.95414830010401]},"properties":{"FID":421,"globalid":"47f1114b-a412-4411-8513-752c4df53e11","uniq_id":2800,"timestamp":"Fri, 02 Feb 2018 00:00:00 GMT","editor":"racheal.olarewaju","scdy_edtor":" ","wardname":"Buhit","wardcode":"PLSBSA03","lganame":"Bassa","lgacode":"32002","statename":"Plateau","statecode":"PL","source":"GRID","plc_st_nam":"Jebbu Bassa Station"}},{"type":"Feature","id":422,"geometry":{"type":"Point","coordinates":[8.36070166664865,5.05179499993932]},"properties":{"FID":422,"globalid":"61e55089-08c7-44e4-9fb9-18e8ed645a3b","uniq_id":2798,"timestamp":"Fri, 02 Feb 2018 00:00:00 GMT","editor":"racheal.olarewaju","scdy_edtor":" ","wardname":"Adiabo Efut","wardcode":"CRSDUK07","lganame":"Odukpani","lgacode":"9015","statename":"Cross River","statecode":"CR","source":"GRID","plc_st_nam":"Ikot Eneobong Police Post"}},{"type":"Feature","id":423,"geometry":{"type":"Point","coordinates":[9.14507829982375,6.48372330039007]},"properties":{"FID":423,"globalid":"7889b00e-a3d8-45b7-a449-ae0b942e030d","uniq_id":2792,"timestamp":"Fri, 02 Feb 2018 00:00:00 GMT","editor":"racheal.olarewaju","scdy_edtor":" ","wardname":"Alankwu","wardcode":"CRSBJE06","lganame":"Boki","lgacode":"9007","statename":"Cross River","statecode":"CR","source":"GRID","plc_st_nam":"Batriku Police Station"}},{"type":"Feature","id":424,"geometry":{"type":"Point","coordinates":[8.7734833002142,6.71254499955211]},"properties":{"FID":424,"globalid":"236a8674-aefa-4abc-aacc-259f429668d3","uniq_id":2791,"timestamp":"Fri, 02 Feb 2018 00:00:00 GMT","editor":"racheal.olarewaju","scdy_edtor":" ","wardname":"Okuku","wardcode":"CRSCKK03","lganame":"Yala","lgacode":"9018","statename":"Cross River","statecode":"CR","source":"GRID","plc_st_nam":"The Nigeria Police Okuku"}},{"type":"Feature","id":425,"geometry":{"type":"Point","coordinates":[8.18293666719347,5.86374166704434]},"properties":{"FID":425,"globalid":"a4b9b39a-f975-485b-b432-7f474c585c86","uniq_id":2790,"timestamp":"Fri, 02 Feb 2018 00:00:00 GMT","editor":"racheal.olarewaju","scdy_edtor":" ","wardname":"Mkpolo / Ukpawen","wardcode":"CRSGEP08","lganame":"Yakurr","lgacode":"9017","statename":"Cross River","statecode":"CR","source":"GRID","plc_st_nam":"Police Station Geneva"}},{"type":"Feature","id":426,"geometry":{"type":"Point","coordinates":[2.74808522465344,7.41496811978294]},"properties":{"FID":426,"globalid":"3b9e12d9-730d-49a6-8520-b88e579da365","uniq_id":2451,"timestamp":"Fri, 02 Feb 2018 00:00:00 GMT","editor":"najib.adam","scdy_edtor":" ","wardname":"Ilara","wardcode":"OGSION06","lganame":"Imeko Afon","lgacode":"28013","statename":"Ogun","statecode":"OG","source":"GRID","plc_st_nam":"The Nigeria Police Station Ilara Yewa"}},{"type":"Feature","id":427,"geometry":{"type":"Point","coordinates":[3.52349166720671,7.2323293766994]},"properties":{"FID":427,"globalid":"5c2e1eb5-92b5-436a-bd40-019791b68b74","uniq_id":2450,"timestamp":"Fri, 02 Feb 2018 00:00:00 GMT","editor":"najib.adam","scdy_edtor":" ","wardname":"Odeda","wardcode":"OGSODA07","lganame":"Odeda","lgacode":"28016","statename":"Ogun","statecode":"OG","source":"GRID","plc_st_nam":"Police Station Odeda"}},{"type":"Feature","id":428,"geometry":{"type":"Point","coordinates":[3.07789000042322,6.51479666673282]},"properties":{"FID":428,"globalid":"9b8729c4-ad3f-4089-bf8d-598386ef1185","uniq_id":2449,"timestamp":"Fri, 02 Feb 2018 00:00:00 GMT","editor":"najib.adam","scdy_edtor":" ","wardname":"Agbara","wardcode":"OGSADO03","lganame":"Ado Odo/Ota","lgacode":"28003","statename":"Ogun","statecode":"OG","source":"GRID","plc_st_nam":"Unilever Police Post"}},{"type":"Feature","id":429,"geometry":{"type":"Point","coordinates":[3.32970829959839,7.11941390003153]},"properties":{"FID":429,"globalid":"7b866003-3947-4b91-ac5a-742779b542c1","uniq_id":2448,"timestamp":"Fri, 02 Feb 2018 00:00:00 GMT","editor":"najib.adam","scdy_edtor":" ","wardname":"Oba","wardcode":"OGSOBE08","lganame":"Obafemi Owode","lgacode":"28015","statename":"Ogun","statecode":"OG","source":"GRID","plc_st_nam":"The Nigeria Police Station Oluwo"}},{"type":"Feature","id":430,"geometry":{"type":"Point","coordinates":[8.34238169955586,5.15723000036428]},"properties":{"FID":430,"globalid":"c180f344-282e-4f08-984b-4c9824a9c35f","uniq_id":2788,"timestamp":"Fri, 02 Feb 2018 00:00:00 GMT","editor":"racheal.olarewaju","scdy_edtor":" ","wardname":"Odukpani","wardcode":"CRSDUK06","lganame":"Odukpani","lgacode":"9015","statename":"Cross River","statecode":"CR","source":"GRID","plc_st_nam":"Divisional Headquarters Odukpani"}},{"type":"Feature","id":431,"geometry":{"type":"Point","coordinates":[8.42693999988114,6.51791166738957]},"properties":{"FID":431,"globalid":"c1ed8bf9-d6f6-4421-a291-1ea573e271e1","uniq_id":2783,"timestamp":"Fri, 02 Feb 2018 00:00:00 GMT","editor":"racheal.olarewaju","scdy_edtor":" ","wardname":"Ebo","wardcode":"CRSCKK14","lganame":"Yala","lgacode":"9018","statename":"Cross River","statecode":"CR","source":"GRID","plc_st_nam":"Ezekwe Okpodon Police Station"}},{"type":"Feature","id":432,"geometry":{"type":"Point","coordinates":[8.98157333294301,6.47281166682501]},"properties":{"FID":432,"globalid":"ef1aeba5-1388-40d7-8819-d30a1d5ee47a","uniq_id":2782,"timestamp":"Fri, 02 Feb 2018 00:00:00 GMT","editor":"racheal.olarewaju","scdy_edtor":" ","wardname":"Bunyia","wardcode":"CRSBJE08","lganame":"Boki","lgacode":"9007","statename":"Cross River","statecode":"CR","source":"GRID","plc_st_nam":"Nigerian Police Station Okubuchi Irruan"}},{"type":"Feature","id":433,"geometry":{"type":"Point","coordinates":[4.70560833295826,7.69474000025087]},"properties":{"FID":433,"globalid":"e3525a8f-8db5-478d-8d7c-ee9315430d05","uniq_id":2781,"timestamp":"Fri, 02 Feb 2018 00:00:00 GMT","editor":"racheal.olarewaju","scdy_edtor":" ","wardname":"Ilase","wardcode":"OSSOBN07","lganame":"Obokun","lgacode":"30024","statename":"Osun","statecode":"OS","source":"GRID","plc_st_nam":"Idominansi Police Station"}},{"type":"Feature","id":434,"geometry":{"type":"Point","coordinates":[4.46712833320606,7.8770750000113]},"properties":{"FID":434,"globalid":"48a00df0-c6ff-4d44-b9ac-ca39e7bd8764","uniq_id":2780,"timestamp":"Fri, 02 Feb 2018 00:00:00 GMT","editor":"racheal.olarewaju","scdy_edtor":" ","wardname":"Jaleyemi","wardcode":"OSSORU05","lganame":"Orolu","lgacode":"30029","statename":"Osun","statecode":"OS","source":"GRID","plc_st_nam":"Police Divisional Headquarters Ifon"}},{"type":"Feature","id":435,"geometry":{"type":"Point","coordinates":[4.57090166707832,7.45860666716402]},"properties":{"FID":435,"globalid":"27831cf3-01d8-4b23-baa5-f326ee01d575","uniq_id":2779,"timestamp":"Fri, 02 Feb 2018 00:00:00 GMT","editor":"racheal.olarewaju","scdy_edtor":" ","wardname":"Modakeke 2","wardcode":"OSSIET04","lganame":"Ife East","lgacode":"30012","statename":"Osun","statecode":"OS","source":"GRID","plc_st_nam":"Agaun Police Station"}},{"type":"Feature","id":436,"geometry":{"type":"Point","coordinates":[4.4356333332118,7.73629333277114]},"properties":{"FID":436,"globalid":"d09e1ba7-6345-4300-8070-6f8e8498639a","uniq_id":2778,"timestamp":"Fri, 02 Feb 2018 00:00:00 GMT","editor":"racheal.olarewaju","scdy_edtor":" ","wardname":"Olusokun","wardcode":"OSSENH08","lganame":"Ede North","lgacode":"30007","statename":"Osun","statecode":"OS","source":"GRID","plc_st_nam":"Ede Police Division Ede"}},{"type":"Feature","id":437,"geometry":{"type":"Point","coordinates":[4.6849116672397,8.03545333300497]},"properties":{"FID":437,"globalid":"213cc6c9-6bc7-40a5-bad9-31cee0fa37ab","uniq_id":2775,"timestamp":"Fri, 02 Feb 2018 00:00:00 GMT","editor":"racheal.olarewaju","scdy_edtor":" ","wardname":"Ilaodo / Ijabe","wardcode":"OSSODN07","lganame":"Odo Otin","lgacode":"30025","statename":"Osun","statecode":"OS","source":"GRID","plc_st_nam":"Ijabe Police Station"}},{"type":"Feature","id":438,"geometry":{"type":"Point","coordinates":[7.45789999968531,5.15194500036154]},"properties":{"FID":438,"globalid":"63177762-f97f-42e7-8226-75275f97f13f","uniq_id":2703,"timestamp":"Fri, 02 Feb 2018 00:00:00 GMT","editor":"racheal.olarewaju","scdy_edtor":" ","wardname":"Alaukwu Ohanze","wardcode":"ABSNGK07","lganame":"Obi Nwga","lgacode":"1009","statename":"Abia","statecode":"AB","source":"GRID","plc_st_nam":"Eastern Ngwa Division Headquarters"}},{"type":"Feature","id":439,"geometry":{"type":"Point","coordinates":[7.48114999987263,4.94492833277639]},"properties":{"FID":439,"globalid":"16f870c6-d891-41dd-a219-b4750788b341","uniq_id":2702,"timestamp":"Fri, 02 Feb 2018 00:00:00 GMT","editor":"racheal.olarewaju","scdy_edtor":" ","wardname":"Azumini","wardcode":"ABSKEK03","lganame":"Ukwa East","lgacode":"1013","statename":"Abia","statecode":"AB","source":"GRID","plc_st_nam":"Azumini Police Station"}},{"type":"Feature","id":440,"geometry":{"type":"Point","coordinates":[7.55947166728367,5.63371000021641]},"properties":{"FID":440,"globalid":"6e28af19-ad46-4d05-9227-d462687ed582","uniq_id":2701,"timestamp":"Fri, 02 Feb 2018 00:00:00 GMT","editor":"racheal.olarewaju","scdy_edtor":" ","wardname":"Uzuakoli 2","wardcode":"ABSBND20","lganame":"Bende","lgacode":"1004","statename":"Abia","statecode":"AB","source":"GRID","plc_st_nam":"Nigeria Police Divisional Headquarters Uzoakoli"}},{"type":"Feature","id":441,"geometry":{"type":"Point","coordinates":[7.36258500009774,4.88809499978447]},"properties":{"FID":441,"globalid":"ad1c3389-7efe-4383-98a4-c9dd9881b5be","uniq_id":2700,"timestamp":"Fri, 02 Feb 2018 00:00:00 GMT","editor":"racheal.olarewaju","scdy_edtor":" ","wardname":"Akwete Ohandu","wardcode":"ABSKEK01","lganame":"Ukwa East","lgacode":"1013","statename":"Abia","statecode":"AB","source":"GRID","plc_st_nam":"Akwete Nigeria Police"}},{"type":"Feature","id":442,"geometry":{"type":"Point","coordinates":[7.59372833329599,5.73534666721497]},"properties":{"FID":442,"globalid":"042a7e64-4fc4-4184-ac2f-cc24b9648a4c","uniq_id":2699,"timestamp":"Fri, 02 Feb 2018 00:00:00 GMT","editor":"racheal.olarewaju","scdy_edtor":" ","wardname":"Alayi 1","wardcode":"ABSBND01","lganame":"Bende","lgacode":"1004","statename":"Abia","statecode":"AB","source":"GRID","plc_st_nam":"Agboakoli Police Station"}},{"type":"Feature","id":443,"geometry":{"type":"Point","coordinates":[7.3808616999076,5.14047999955238]},"properties":{"FID":443,"globalid":"d8a4ace0-939b-41a2-a590-43a9db59c604","uniq_id":2698,"timestamp":"Fri, 02 Feb 2018 00:00:00 GMT","editor":"racheal.olarewaju","scdy_edtor":" ","wardname":"Ahiaba / Abala","wardcode":"ABSNGK04","lganame":"Obi Nwga","lgacode":"1009","statename":"Abia","statecode":"AB","source":"GRID","plc_st_nam":"Ohuru Ishimiri Police Station"}},{"type":"Feature","id":444,"geometry":{"type":"Point","coordinates":[7.72876500000478,5.58878999985865]},"properties":{"FID":444,"globalid":"8313c324-7ae8-4be1-88e2-c7b4d3b005ad","uniq_id":2697,"timestamp":"Fri, 02 Feb 2018 00:00:00 GMT","editor":"racheal.olarewaju","scdy_edtor":" ","wardname":"Ohafor 1","wardcode":"ABSACH15","lganame":"Arochukwu","lgacode":"1003","statename":"Abia","statecode":"AB","source":"GRID","plc_st_nam":"Ozu Abam Police Station"}},{"type":"Feature","id":445,"geometry":{"type":"Point","coordinates":[8.2933149998874,5.28372499980895]},"properties":{"FID":445,"globalid":"0a112b42-8048-4948-9bc3-d3b93b894db3","uniq_id":2696,"timestamp":"Fri, 02 Feb 2018 00:00:00 GMT","editor":"racheal.olarewaju","scdy_edtor":" ","wardname":"Mbarakom","wardcode":"CRSKAM10","lganame":"Akamkpa","lgacode":"9002","statename":"Cross River","statecode":"CR","source":"GRID","plc_st_nam":"Nigeria Police Force Calaro Estate Post"}},{"type":"Feature","id":446,"geometry":{"type":"Point","coordinates":[7.98888000011198,5.32464829967932]},"properties":{"FID":446,"globalid":"ca888873-34a0-42c2-8434-7f3db77c837e","uniq_id":2695,"timestamp":"Fri, 02 Feb 2018 00:00:00 GMT","editor":"racheal.olarewaju","scdy_edtor":" ","wardname":"Ito / Idere / Ukwa","wardcode":"CRSDUK13","lganame":"Odukpani","lgacode":"9015","statename":"Cross River","statecode":"CR","source":"GRID","plc_st_nam":"Ariyo Police Station"}},{"type":"Feature","id":447,"geometry":{"type":"Point","coordinates":[8.35261333323876,5.31577166732865]},"properties":{"FID":447,"globalid":"57e794d6-8d36-4d68-aa96-9670da8f7c9f","uniq_id":2694,"timestamp":"Fri, 02 Feb 2018 00:00:00 GMT","editor":"racheal.olarewaju","scdy_edtor":" ","wardname":"Akamkpa Urban","wardcode":"CRSKAM05","lganame":"Akamkpa","lgacode":"9002","statename":"Cross River","statecode":"CR","source":"GRID","plc_st_nam":"The Nigeria Police Divisional Headquarters Akamkpa Urban"}},{"type":"Feature","id":448,"geometry":{"type":"Point","coordinates":[7.92628999968377,5.73339170026679]},"properties":{"FID":448,"globalid":"eab52917-cc20-4785-90dc-23b7f6cf364b","uniq_id":2692,"timestamp":"Fri, 02 Feb 2018 00:00:00 GMT","editor":"racheal.olarewaju","scdy_edtor":" ","wardname":"Erei South","wardcode":"CRSAKP06","lganame":"Biase","lgacode":"9006","statename":"Cross River","statecode":"CR","source":"GRID","plc_st_nam":"Urugbam Police Station"}},{"type":"Feature","id":449,"geometry":{"type":"Point","coordinates":[9.06010330042704,6.01401329977404]},"properties":{"FID":449,"globalid":"f5d2724d-f216-41c7-b685-25dfac19d5c4","uniq_id":2691,"timestamp":"Fri, 02 Feb 2018 00:00:00 GMT","editor":"racheal.olarewaju","scdy_edtor":" ","wardname":"Abo","wardcode":"CRSBJE05","lganame":"Boki","lgacode":"9007","statename":"Cross River","statecode":"CR","source":"GRID","plc_st_nam":"Danare Police Station"}},{"type":"Feature","id":450,"geometry":{"type":"Point","coordinates":[8.34980166671357,5.34959333306591]},"properties":{"FID":450,"globalid":"5497bd74-d8a9-4b98-9480-5e75d4e9b997","uniq_id":2690,"timestamp":"Fri, 02 Feb 2018 00:00:00 GMT","editor":"racheal.olarewaju","scdy_edtor":" ","wardname":"Akamkpa Urban","wardcode":"CRSKAM05","lganame":"Akamkpa","lgacode":"9002","statename":"Cross River","statecode":"CR","source":"GRID","plc_st_nam":"The Nigeria Police Akamkpa Area Command Headquarters Old Netim"}},{"type":"Feature","id":451,"geometry":{"type":"Point","coordinates":[7.92595329980497,5.58782829993612]},"properties":{"FID":451,"globalid":"42e24845-bba6-4fdc-b8c5-fb3f3c67741a","uniq_id":2689,"timestamp":"Fri, 02 Feb 2018 00:00:00 GMT","editor":"racheal.olarewaju","scdy_edtor":" ","wardname":"Biakpan","wardcode":"CRSAKP01","lganame":"Biase","lgacode":"9006","statename":"Cross River","statecode":"CR","source":"GRID","plc_st_nam":"Nigeria Police Station Biakpan"}},{"type":"Feature","id":452,"geometry":{"type":"Point","coordinates":[7.96473669973898,5.65160499987087]},"properties":{"FID":452,"globalid":"47b0a411-1a39-46fd-aa44-7b4feb7debcc","uniq_id":2688,"timestamp":"Fri, 02 Feb 2018 00:00:00 GMT","editor":"racheal.olarewaju","scdy_edtor":" ","wardname":"Ikun-Etono","wardcode":"CRSAKP04","lganame":"Biase","lgacode":"9006","statename":"Cross River","statecode":"CR","source":"GRID","plc_st_nam":"Police Station Ikun"}},{"type":"Feature","id":453,"geometry":{"type":"Point","coordinates":[8.12263670042341,5.86984170013443]},"properties":{"FID":453,"globalid":"5a161e7a-79b1-42c2-93e0-85ce03985279","uniq_id":2687,"timestamp":"Fri, 02 Feb 2018 00:00:00 GMT","editor":"racheal.olarewaju","scdy_edtor":" ","wardname":"Ajere","wardcode":"CRSGEP03","lganame":"Yakurr","lgacode":"9017","statename":"Cross River","statecode":"CR","source":"GRID","plc_st_nam":"Police Station Egana"}},{"type":"Feature","id":454,"geometry":{"type":"Point","coordinates":[8.27439170011689,4.99358500004774]},"properties":{"FID":454,"globalid":"6e486018-b490-4023-9dd0-13785564c2ba","uniq_id":2685,"timestamp":"Fri, 02 Feb 2018 00:00:00 GMT","editor":"racheal.olarewaju","scdy_edtor":" ","wardname":"Creek Town 1","wardcode":"CRSDUK03","lganame":"Odukpani","lgacode":"9015","statename":"Cross River","statecode":"CR","source":"GRID","plc_st_nam":"Nigeria Police Station Creek Town Odukpani LGA"}},{"type":"Feature","id":455,"geometry":{"type":"Point","coordinates":[9.02207419966464,6.16063840014209]},"properties":{"FID":455,"globalid":"35306abc-e796-419e-9cef-aab625f1a910","uniq_id":2684,"timestamp":"Fri, 02 Feb 2018 00:00:00 GMT","editor":"racheal.olarewaju","scdy_edtor":" ","wardname":"Abo","wardcode":"CRSBJE05","lganame":"Boki","lgacode":"9007","statename":"Cross River","statecode":"CR","source":"GRID","plc_st_nam":"Polic Station"}},{"type":"Feature","id":456,"geometry":{"type":"Point","coordinates":[8.56781830017445,4.94680829986322]},"properties":{"FID":456,"globalid":"d8b58730-4f1b-4f4c-9322-a8c2ed98d9e1","uniq_id":2682,"timestamp":"Fri, 02 Feb 2018 00:00:00 GMT","editor":"racheal.olarewaju","scdy_edtor":" ","wardname":"Eneyo","wardcode":"CRSKTA09","lganame":"Akpabuyo","lgacode":"9003","statename":"Cross River","statecode":"CR","source":"GRID","plc_st_nam":"Ikot Ekpo Edem Police Station"}},{"type":"Feature","id":457,"geometry":{"type":"Point","coordinates":[8.33763666689873,6.06683833282284]},"properties":{"FID":457,"globalid":"a69f0239-3a23-4037-ab64-9a1e5687141e","uniq_id":2681,"timestamp":"Fri, 02 Feb 2018 00:00:00 GMT","editor":"racheal.olarewaju","scdy_edtor":" ","wardname":"Obubra Urban","wardcode":"CRSBRA03","lganame":"Obubra","lgacode":"9013","statename":"Cross River","statecode":"CR","source":"GRID","plc_st_nam":"Obubra Police Station"}},{"type":"Feature","id":458,"geometry":{"type":"Point","coordinates":[8.8069817001454,6.8362133003036]},"properties":{"FID":458,"globalid":"c4e21293-6719-45b6-9e75-b69dc694dfe7","uniq_id":2680,"timestamp":"Fri, 02 Feb 2018 00:00:00 GMT","editor":"racheal.olarewaju","scdy_edtor":" ","wardname":"Yache","wardcode":"CRSCKK02","lganame":"Yala","lgacode":"9018","statename":"Cross River","statecode":"CR","source":"GRID","plc_st_nam":"Alifokpa Police Station"}},{"type":"Feature","id":459,"geometry":{"type":"Point","coordinates":[9.14525339962472,6.48380860018682]},"properties":{"FID":459,"globalid":"dd9aa715-0a05-426f-91c9-c6dd26796980","uniq_id":2678,"timestamp":"Fri, 02 Feb 2018 00:00:00 GMT","editor":"racheal.olarewaju","scdy_edtor":" ","wardname":"Alankwu","wardcode":"CRSBJE06","lganame":"Boki","lgacode":"9007","statename":"Cross River","statecode":"CR","source":"GRID","plc_st_nam":"Beteriko Police Station"}},{"type":"Feature","id":460,"geometry":{"type":"Point","coordinates":[8.60725330029959,5.35565329956017]},"properties":{"FID":460,"globalid":"72c8c697-25b4-4d2c-b1c7-e5b6f51868b5","uniq_id":2676,"timestamp":"Fri, 02 Feb 2018 00:00:00 GMT","editor":"racheal.olarewaju","scdy_edtor":" ","wardname":"Oban","wardcode":"CRSKAM02","lganame":"Akamkpa","lgacode":"9002","statename":"Cross River","statecode":"CR","source":"GRID","plc_st_nam":"Jb Farm Police Post"}},{"type":"Feature","id":461,"geometry":{"type":"Point","coordinates":[8.59568170015041,5.33143999955638]},"properties":{"FID":461,"globalid":"a5a6ba4e-6422-484c-a048-60d4c34a95c4","uniq_id":2675,"timestamp":"Fri, 02 Feb 2018 00:00:00 GMT","editor":"racheal.olarewaju","scdy_edtor":" ","wardname":"Oban","wardcode":"CRSKAM02","lganame":"Akamkpa","lgacode":"9002","statename":"Cross River","statecode":"CR","source":"GRID","plc_st_nam":"Oban Police Station"}},{"type":"Feature","id":462,"geometry":{"type":"Point","coordinates":[8.34829669983287,5.1472982995769]},"properties":{"FID":462,"globalid":"fc3342bb-6ae4-41db-8c89-148535a626a5","uniq_id":2674,"timestamp":"Fri, 02 Feb 2018 00:00:00 GMT","editor":"racheal.olarewaju","scdy_edtor":" ","wardname":"Odukpani","wardcode":"CRSDUK06","lganame":"Odukpani","lgacode":"9015","statename":"Cross River","statecode":"CR","source":"GRID","plc_st_nam":"Police Training School"}},{"type":"Feature","id":463,"geometry":{"type":"Point","coordinates":[8.78747833315862,5.90506833263748]},"properties":{"FID":463,"globalid":"3cb39135-67eb-40d4-96bb-76f1acea3a3d","uniq_id":2673,"timestamp":"Fri, 02 Feb 2018 00:00:00 GMT","editor":"racheal.olarewaju","scdy_edtor":" ","wardname":"Ekim-Effraya","wardcode":"CRSEFE06","lganame":"Etung","lgacode":"9010","statename":"Cross River","statecode":"CR","source":"GRID","plc_st_nam":"Divisional Police Headquarters Effraya Stung Lga"}},{"type":"Feature","id":464,"geometry":{"type":"Point","coordinates":[8.41905333314486,5.05427833297875]},"properties":{"FID":464,"globalid":"6e86bbee-7b87-4d30-aa56-f3eecee48ec7","uniq_id":2672,"timestamp":"Fri, 02 Feb 2018 00:00:00 GMT","editor":"racheal.olarewaju","scdy_edtor":" ","wardname":"Idundu-Anyaganse","wardcode":"CRSKTA10","lganame":"Akpabuyo","lgacode":"9003","statename":"Cross River","statecode":"CR","source":"GRID","plc_st_nam":"Nigerian Police Rifle Range Squad Station Asabanka"}},{"type":"Feature","id":465,"geometry":{"type":"Point","coordinates":[8.42465666707159,5.05521000004154]},"properties":{"FID":465,"globalid":"e55037f6-91ee-4269-9887-ad9ac8412563","uniq_id":2671,"timestamp":"Fri, 02 Feb 2018 00:00:00 GMT","editor":"racheal.olarewaju","scdy_edtor":" ","wardname":"Idundu-Anyaganse","wardcode":"CRSKTA10","lganame":"Akpabuyo","lgacode":"9003","statename":"Cross River","statecode":"CR","source":"GRID","plc_st_nam":"Nigerian Police Force Asabanka"}},{"type":"Feature","id":466,"geometry":{"type":"Point","coordinates":[8.72558170013542,6.67610330022717]},"properties":{"FID":466,"globalid":"e407716b-a86e-4076-8511-d7c8a7e1d2d5","uniq_id":2670,"timestamp":"Fri, 02 Feb 2018 00:00:00 GMT","editor":"racheal.olarewaju","scdy_edtor":" ","wardname":"Ugaga","wardcode":"CRSCKK04","lganame":"Yala","lgacode":"9018","statename":"Cross River","statecode":"CR","source":"GRID","plc_st_nam":"Igbekurikor Police Station"}},{"type":"Feature","id":467,"geometry":{"type":"Point","coordinates":[8.17194999959287,5.72413500003029]},"properties":{"FID":467,"globalid":"fc7591f0-8c82-4dc2-ba98-6d331529fb06","uniq_id":2669,"timestamp":"Fri, 02 Feb 2018 00:00:00 GMT","editor":"racheal.olarewaju","scdy_edtor":" ","wardname":"Mkpani / Agoi","wardcode":"CRSGEP13","lganame":"Yakurr","lgacode":"9017","statename":"Cross River","statecode":"CR","source":"GRID","plc_st_nam":"Ayoyoa Police Post"}},{"type":"Feature","id":468,"geometry":{"type":"Point","coordinates":[8.17210329982748,5.72420170004847]},"properties":{"FID":468,"globalid":"31a1c91b-fe77-465a-8e73-688442502b38","uniq_id":2668,"timestamp":"Fri, 02 Feb 2018 00:00:00 GMT","editor":"racheal.olarewaju","scdy_edtor":" ","wardname":"Mkpani / Agoi","wardcode":"CRSGEP13","lganame":"Yakurr","lgacode":"9017","statename":"Cross River","statecode":"CR","source":"GRID","plc_st_nam":"Police Post"}},{"type":"Feature","id":469,"geometry":{"type":"Point","coordinates":[8.84139009977332,5.67554920023542]},"properties":{"FID":469,"globalid":"144c56b5-3199-4fb8-abe3-fb0a1aa73124","uniq_id":2667,"timestamp":"Fri, 02 Feb 2018 00:00:00 GMT","editor":"racheal.olarewaju","scdy_edtor":" ","wardname":"Ikpai","wardcode":"CRSKAM07","lganame":"Akamkpa","lgacode":"9002","statename":"Cross River","statecode":"CR","source":"GRID","plc_st_nam":"Ekang Police Station"}},{"type":"Feature","id":470,"geometry":{"type":"Point","coordinates":[8.79660329980248,6.43597170003397]},"properties":{"FID":470,"globalid":"88845b19-2e1d-4f8d-a083-64c4ce258988","uniq_id":2666,"timestamp":"Fri, 02 Feb 2018 00:00:00 GMT","editor":"racheal.olarewaju","scdy_edtor":" ","wardname":"Ogep","wardcode":"CRSBJE04","lganame":"Boki","lgacode":"9007","statename":"Cross River","statecode":"CR","source":"GRID","plc_st_nam":"Nigerian Police Barack Okundi"}},{"type":"Feature","id":471,"geometry":{"type":"Point","coordinates":[8.63338330019917,6.20168380006737]},"properties":{"FID":471,"globalid":"71a9324a-50cd-4dbb-a620-b19e271af9bf","uniq_id":2665,"timestamp":"Fri, 02 Feb 2018 00:00:00 GMT","editor":"racheal.olarewaju","scdy_edtor":" ","wardname":"Abayom","wardcode":"CRSKMM10","lganame":"Ikom","lgacode":"9011","statename":"Cross River","statecode":"CR","source":"GRID","plc_st_nam":"Edor Police Station"}},{"type":"Feature","id":472,"geometry":{"type":"Point","coordinates":[8.81124610002752,6.49208959985521]},"properties":{"FID":472,"globalid":"b8cc13fa-c363-48ae-96ee-d178bce7db03","uniq_id":2664,"timestamp":"Fri, 02 Feb 2018 00:00:00 GMT","editor":"racheal.olarewaju","scdy_edtor":" ","wardname":"Kakwagom","wardcode":"CRSBJE01","lganame":"Boki","lgacode":"9007","statename":"Cross River","statecode":"CR","source":"GRID","plc_st_nam":"Kakwagom Police Station"}},{"type":"Feature","id":473,"geometry":{"type":"Point","coordinates":[9.02705000015743,6.6477000003548]},"properties":{"FID":473,"globalid":"dbeb2d00-5406-4069-937e-5ea528b17325","uniq_id":2663,"timestamp":"Fri, 02 Feb 2018 00:00:00 GMT","editor":"racheal.olarewaju","scdy_edtor":" ","wardname":"Utugwang South","wardcode":"CRSUDU05","lganame":"Obudu","lgacode":"9014","statename":"Cross River","statecode":"CR","source":"GRID","plc_st_nam":"Police Station"}},{"type":"Feature","id":474,"geometry":{"type":"Point","coordinates":[8.45295333342966,6.72371999957835]},"properties":{"FID":474,"globalid":"df7acb12-8ae4-47a5-8493-f4e556964690","uniq_id":2662,"timestamp":"Fri, 02 Feb 2018 00:00:00 GMT","editor":"racheal.olarewaju","scdy_edtor":" ","wardname":"Wanihem","wardcode":"CRSCKK07","lganame":"Yala","lgacode":"9018","statename":"Cross River","statecode":"CR","source":"GRID","plc_st_nam":"Wahinem Police Post"}},{"type":"Feature","id":475,"geometry":{"type":"Point","coordinates":[8.98148060024954,6.47275360029846]},"properties":{"FID":475,"globalid":"0bec08ff-56b4-47d2-9d45-7dcaf1bd5d85","uniq_id":2659,"timestamp":"Fri, 02 Feb 2018 00:00:00 GMT","editor":"racheal.olarewaju","scdy_edtor":" ","wardname":"Bunyia","wardcode":"CRSBJE08","lganame":"Boki","lgacode":"9007","statename":"Cross River","statecode":"CR","source":"GRID","plc_st_nam":"The Nigerian Police Okubuchi Irruan"}},{"type":"Feature","id":476,"geometry":{"type":"Point","coordinates":[8.55636000021389,6.50019666704259]},"properties":{"FID":476,"globalid":"c6993dbf-0ee9-43fc-83e5-0c43a669b5e7","uniq_id":2658,"timestamp":"Fri, 02 Feb 2018 00:00:00 GMT","editor":"racheal.olarewaju","scdy_edtor":" ","wardname":"Ekajuk 1","wardcode":"CRSGGJ09","lganame":"Ogoja","lgacode":"9016","statename":"Cross River","statecode":"CR","source":"GRID","plc_st_nam":"Nfom Police Post"}},{"type":"Feature","id":477,"geometry":{"type":"Point","coordinates":[9.37812999979968,6.37509830034634]},"properties":{"FID":477,"globalid":"9ceae67c-4a66-4a4d-9cb2-757cad9d8d90","uniq_id":2657,"timestamp":"Fri, 02 Feb 2018 00:00:00 GMT","editor":"racheal.olarewaju","scdy_edtor":" ","wardname":"Becheve","wardcode":"CRSBNS03","lganame":"Obanliku","lgacode":"9012","statename":"Cross River","statecode":"CR","source":"GRID","plc_st_nam":"Cattle Ranch Police Post"}},{"type":"Feature","id":478,"geometry":{"type":"Point","coordinates":[4.82536166720723,7.50335333308988]},"properties":{"FID":478,"globalid":"a2194257-04e5-4976-beb9-5513e20ca0e7","uniq_id":2655,"timestamp":"Fri, 02 Feb 2018 00:00:00 GMT","editor":"racheal.olarewaju","scdy_edtor":" ","wardname":"Iperindo","wardcode":"OSSAME06","lganame":"Atakunmosa East","lgacode":"30003","statename":"Osun","statecode":"OS","source":"GRID","plc_st_nam":"Police Station Iperindo"}},{"type":"Feature","id":479,"geometry":{"type":"Point","coordinates":[4.20154490017705,7.63381800030055]},"properties":{"FID":479,"globalid":"169d16ef-38ec-4e36-b9d9-d4829ccc8b62","uniq_id":2651,"timestamp":"Fri, 02 Feb 2018 00:00:00 GMT","editor":"racheal.olarewaju","scdy_edtor":" ","wardname":"Isale Oba 3","wardcode":"OSSIWO06","lganame":"Iwo","lgacode":"30023","statename":"Osun","statecode":"OS","source":"GRID","plc_st_nam":"Security Post"}},{"type":"Feature","id":480,"geometry":{"type":"Point","coordinates":[4.38992333329526,7.76941000017143]},"properties":{"FID":480,"globalid":"35820b80-5812-4efe-ad2b-9097f27b5b49","uniq_id":2650,"timestamp":"Fri, 02 Feb 2018 00:00:00 GMT","editor":"racheal.olarewaju","scdy_edtor":" ","wardname":"Awo","wardcode":"OSSEDE04","lganame":"Egbedore","lgacode":"30009","statename":"Osun","statecode":"OS","source":"GRID","plc_st_nam":"Police Divisional Headquarters Awo"}},{"type":"Feature","id":481,"geometry":{"type":"Point","coordinates":[4.85353666698364,7.62340333299744]},"properties":{"FID":481,"globalid":"f9294df1-5b26-48f8-ac4e-cf3970478c09","uniq_id":2649,"timestamp":"Fri, 02 Feb 2018 00:00:00 GMT","editor":"racheal.olarewaju","scdy_edtor":" ","wardname":"Erinmo Jesa","wardcode":"OSSOIE04","lganame":"Oriade","lgacode":"30028","statename":"Osun","statecode":"OS","source":"GRID","plc_st_nam":"Erinmo Police Post"}},{"type":"Feature","id":482,"geometry":{"type":"Point","coordinates":[4.56679833307663,7.4916516666911]},"properties":{"FID":482,"globalid":"e9d982ec-81ee-4d79-afdc-cebde2e5f6f5","uniq_id":2648,"timestamp":"Fri, 02 Feb 2018 00:00:00 GMT","editor":"racheal.olarewaju","scdy_edtor":" ","wardname":"Moreojaja","wardcode":"OSSICL11","lganame":"Ife Central","lgacode":"30011","statename":"Osun","statecode":"OS","source":"GRID","plc_st_nam":"Moore Police Station"}},{"type":"Feature","id":483,"geometry":{"type":"Point","coordinates":[4.61995833301069,7.63392499983894]},"properties":{"FID":483,"globalid":"25970fb2-86c2-4348-9544-956d5ab634d8","uniq_id":2647,"timestamp":"Fri, 02 Feb 2018 00:00:00 GMT","editor":"racheal.olarewaju","scdy_edtor":" ","wardname":"Osu 2","wardcode":"OSSAMW10","lganame":"Atakunmosa West","lgacode":"30004","statename":"Osun","statecode":"OS","source":"GRID","plc_st_nam":"NSCDC Iloba Outpost"}},{"type":"Feature","id":484,"geometry":{"type":"Point","coordinates":[4.63371999997804,8.0309566670166]},"properties":{"FID":484,"globalid":"e63de19a-6680-422d-a4ce-698c84eedab1","uniq_id":2646,"timestamp":"Fri, 02 Feb 2018 00:00:00 GMT","editor":"racheal.olarewaju","scdy_edtor":" ","wardname":"Igbayi / Emuleke","wardcode":"OSSODN06","lganame":"Odo Otin","lgacode":"30025","statename":"Osun","statecode":"OS","source":"GRID","plc_st_nam":"Igbaye Police Station"}},{"type":"Feature","id":485,"geometry":{"type":"Point","coordinates":[4.82002833314112,7.64724166696942]},"properties":{"FID":485,"globalid":"aeaf9d1f-9c37-495a-ad8b-bec8531330b0","uniq_id":2644,"timestamp":"Fri, 02 Feb 2018 00:00:00 GMT","editor":"racheal.olarewaju","scdy_edtor":" ","wardname":"Iloko Ijeda","wardcode":"OSSOIE09","lganame":"Oriade","lgacode":"30028","statename":"Osun","statecode":"OS","source":"GRID","plc_st_nam":"Police Station Iloko Ijesa"}},{"type":"Feature","id":486,"geometry":{"type":"Point","coordinates":[4.69582000029283,7.1795033328126]},"properties":{"FID":486,"globalid":"2e01b75b-8677-4dcb-ab43-05f76657005e","uniq_id":2641,"timestamp":"Fri, 02 Feb 2018 00:00:00 GMT","editor":"racheal.olarewaju","scdy_edtor":" ","wardname":"Ogbon Aare","wardcode":"OSSISH07","lganame":"Ife South","lgacode":"30014","statename":"Osun","statecode":"OS","source":"GRID","plc_st_nam":"Police Station Alagbado"}},{"type":"Feature","id":487,"geometry":{"type":"Point","coordinates":[4.15854166716423,7.62743833291279]},"properties":{"FID":487,"globalid":"530ef5bd-8a8f-4894-b058-95f054c3abf0","uniq_id":2640,"timestamp":"Fri, 02 Feb 2018 00:00:00 GMT","editor":"racheal.olarewaju","scdy_edtor":" ","wardname":"Gidigbo 3","wardcode":"OSSIWO03","lganame":"Iwo","lgacode":"30023","statename":"Osun","statecode":"OS","source":"GRID","plc_st_nam":"Adeke Police Station Iwo"}},{"type":"Feature","id":488,"geometry":{"type":"Point","coordinates":[4.22575333304991,7.7555283330662]},"properties":{"FID":488,"globalid":"cf92482c-3ec1-40b0-ac39-4428d571ed06","uniq_id":2639,"timestamp":"Fri, 02 Feb 2018 00:00:00 GMT","editor":"racheal.olarewaju","scdy_edtor":" ","wardname":"Bode-Osi","wardcode":"OSSOUA03","lganame":"Ola Oluwa","lgacode":"30026","statename":"Osun","statecode":"OS","source":"GRID","plc_st_nam":"Nigerian Police Bode Osi"}},{"type":"Feature","id":489,"geometry":{"type":"Point","coordinates":[4.89187333318785,7.45680999978174]},"properties":{"FID":489,"globalid":"f4307db5-7e94-44c8-a211-3b73a40519ed","uniq_id":2638,"timestamp":"Fri, 02 Feb 2018 00:00:00 GMT","editor":"racheal.olarewaju","scdy_edtor":" ","wardname":"Ipetu Ijesa 1","wardcode":"OSSOIE10","lganame":"Oriade","lgacode":"30028","statename":"Osun","statecode":"OS","source":"GRID","plc_st_nam":"Ipetu Ijesa Police Station"}},{"type":"Feature","id":490,"geometry":{"type":"Point","coordinates":[4.52171499964754,7.78704166663965]},"properties":{"FID":490,"globalid":"5793cac3-401e-49d8-8699-e63aab0570e9","uniq_id":2637,"timestamp":"Fri, 02 Feb 2018 00:00:00 GMT","editor":"racheal.olarewaju","scdy_edtor":" ","wardname":"Olorunsogo / Offatedo","wardcode":"OSSEDE10","lganame":"Egbedore","lgacode":"30009","statename":"Osun","statecode":"OS","source":"GRID","plc_st_nam":"Dada Estate Division"}},{"type":"Feature","id":491,"geometry":{"type":"Point","coordinates":[4.44995333258026,7.70350166686848]},"properties":{"FID":491,"globalid":"191781a0-4f17-41b6-a9fb-264d4896f237","uniq_id":2636,"timestamp":"Fri, 02 Feb 2018 00:00:00 GMT","editor":"racheal.olarewaju","scdy_edtor":" ","wardname":"Alajue 1","wardcode":"OSSESH01","lganame":"Ede South","lgacode":"30008","statename":"Osun","statecode":"OS","source":"GRID","plc_st_nam":"Nigeria Police Force B Division Ede"}},{"type":"Feature","id":492,"geometry":{"type":"Point","coordinates":[4.88528333325928,7.5532366666389]},"properties":{"FID":492,"globalid":"d085c62b-a05f-4fa8-a967-1b1973622a46","uniq_id":2635,"timestamp":"Fri, 02 Feb 2018 00:00:00 GMT","editor":"racheal.olarewaju","scdy_edtor":" ","wardname":"Erin Oke","wardcode":"OSSOIE03","lganame":"Oriade","lgacode":"30028","statename":"Osun","statecode":"OS","source":"GRID","plc_st_nam":"Police Station Erin Oke Express Way"}},{"type":"Feature","id":493,"geometry":{"type":"Point","coordinates":[4.64850833299323,7.53011666705061]},"properties":{"FID":493,"globalid":"1a670fed-c900-4148-a05e-d5328a76ff39","uniq_id":2634,"timestamp":"Fri, 02 Feb 2018 00:00:00 GMT","editor":"racheal.olarewaju","scdy_edtor":" ","wardname":"Itagunmodi","wardcode":"OSSAMW06","lganame":"Atakunmosa West","lgacode":"30004","statename":"Osun","statecode":"OS","source":"GRID","plc_st_nam":"NPCF Post Itagunmodi"}},{"type":"Feature","id":494,"geometry":{"type":"Point","coordinates":[4.72891666677083,7.79433333291701]},"properties":{"FID":494,"globalid":"0db3ecb9-ee50-4df9-b3e3-fd103f5bac04","uniq_id":2631,"timestamp":"Fri, 02 Feb 2018 00:00:00 GMT","editor":"racheal.olarewaju","scdy_edtor":" ","wardname":"Ibokun","wardcode":"OSSOBN04","lganame":"Obokun","lgacode":"30024","statename":"Osun","statecode":"OS","source":"GRID","plc_st_nam":"Nigeria Police Division"}},{"type":"Feature","id":495,"geometry":{"type":"Point","coordinates":[4.67222500038349,7.46648166699538]},"properties":{"FID":495,"globalid":"cd71c7bb-7767-4d0b-873f-c314e30de1df","uniq_id":2630,"timestamp":"Fri, 02 Feb 2018 00:00:00 GMT","editor":"racheal.olarewaju","scdy_edtor":" ","wardname":"Ifewara 2","wardcode":"OSSAMW04","lganame":"Atakunmosa West","lgacode":"30004","statename":"Osun","statecode":"OS","source":"GRID","plc_st_nam":"Police Post Iwara"}},{"type":"Feature","id":496,"geometry":{"type":"Point","coordinates":[4.83423166705785,7.82700666692421]},"properties":{"FID":496,"globalid":"3536d370-f848-4e8d-b542-6c98124db424","uniq_id":2629,"timestamp":"Fri, 02 Feb 2018 00:00:00 GMT","editor":"racheal.olarewaju","scdy_edtor":" ","wardname":"Imesi Ile","wardcode":"OSSOBN08","lganame":"Obokun","lgacode":"30024","statename":"Osun","statecode":"OS","source":"GRID","plc_st_nam":"Imesi Ile Police Station"}},{"type":"Feature","id":497,"geometry":{"type":"Point","coordinates":[4.38228499995284,7.85405999986915]},"properties":{"FID":497,"globalid":"1ac39674-e703-465c-978b-242cffb2fbf7","uniq_id":2628,"timestamp":"Fri, 02 Feb 2018 00:00:00 GMT","editor":"racheal.olarewaju","scdy_edtor":" ","wardname":"Ara 2","wardcode":"OSSEDE02","lganame":"Egbedore","lgacode":"30009","statename":"Osun","statecode":"OS","source":"GRID","plc_st_nam":"Ara Police Station"}},{"type":"Feature","id":498,"geometry":{"type":"Point","coordinates":[4.89833833274793,7.76638666741081]},"properties":{"FID":498,"globalid":"c146be77-92aa-40c6-8f48-fcba11c16151","uniq_id":2627,"timestamp":"Fri, 02 Feb 2018 00:00:00 GMT","editor":"racheal.olarewaju","scdy_edtor":" ","wardname":"Esa Oke","wardcode":"OSSOBN02","lganame":"Obokun","lgacode":"30024","statename":"Osun","statecode":"OS","source":"GRID","plc_st_nam":"Esa Oke Police Station"}},{"type":"Feature","id":499,"geometry":{"type":"Point","coordinates":[4.31702833339091,7.7537383332575]},"properties":{"FID":499,"globalid":"61d5684f-b0e3-4c2f-aee1-19d1930cd65f","uniq_id":2626,"timestamp":"Fri, 02 Feb 2018 00:00:00 GMT","editor":"racheal.olarewaju","scdy_edtor":" ","wardname":"Songbe","wardcode":"OSSEGO11","lganame":"Ejigbo","lgacode":"30010","statename":"Osun","statecode":"OS","source":"GRID","plc_st_nam":"Songbe Police Post"}},{"type":"Feature","id":500,"geometry":{"type":"Point","coordinates":[4.90052833301621,7.91706499965005]},"properties":{"FID":500,"globalid":"22f8e1e3-3e7b-4da7-9507-81f00ffab02d","uniq_id":2625,"timestamp":"Fri, 02 Feb 2018 00:00:00 GMT","editor":"racheal.olarewaju","scdy_edtor":" ","wardname":"Ajaba","wardcode":"OSSILA01","lganame":"Ila","lgacode":"30017","statename":"Osun","statecode":"OS","source":"GRID","plc_st_nam":"Nigeria Police Station Kajola Ajaba"}},{"type":"Feature","id":501,"geometry":{"type":"Point","coordinates":[4.36150833324302,7.32437166691892]},"properties":{"FID":501,"globalid":"8c810245-9761-4339-95b2-502ed48b3349","uniq_id":2624,"timestamp":"Fri, 02 Feb 2018 00:00:00 GMT","editor":"racheal.olarewaju","scdy_edtor":" ","wardname":"Gbogon Rural","wardcode":"OSSADE03","lganame":"Ayedade","lgacode":"30001","statename":"Osun","statecode":"OS","source":"GRID","plc_st_nam":"Odeyinka Police Station"}},{"type":"Feature","id":502,"geometry":{"type":"Point","coordinates":[4.72899666686271,7.61995666686676]},"properties":{"FID":502,"globalid":"31ad451b-a9a9-4321-869d-3a9ecba02561","uniq_id":2623,"timestamp":"Fri, 02 Feb 2018 00:00:00 GMT","editor":"racheal.olarewaju","scdy_edtor":" ","wardname":"Oke Iyin","wardcode":"OSSIEW10","lganame":"Ilesha West","lgacode":"30019","statename":"Osun","statecode":"OS","source":"GRID","plc_st_nam":"The Nigerian Police Force"}},{"type":"Feature","id":503,"geometry":{"type":"Point","coordinates":[4.95495333283009,7.42533333336667]},"properties":{"FID":503,"globalid":"7ee98735-fb54-4c18-964a-9bc3fe11829f","uniq_id":2622,"timestamp":"Fri, 02 Feb 2018 00:00:00 GMT","editor":"racheal.olarewaju","scdy_edtor":" ","wardname":"Ikeji Arakeji","wardcode":"OSSOIE06","lganame":"Oriade","lgacode":"30028","statename":"Osun","statecode":"OS","source":"GRID","plc_st_nam":"Police Station Ikeji Arakeji"}},{"type":"Feature","id":504,"geometry":{"type":"Point","coordinates":[4.25187666717449,7.70178333313436]},"properties":{"FID":504,"globalid":"724aca44-e491-4494-9a1d-fc099a4531b3","uniq_id":2621,"timestamp":"Fri, 02 Feb 2018 00:00:00 GMT","editor":"racheal.olarewaju","scdy_edtor":" ","wardname":"Ogbagba 1","wardcode":"OSSOUA08","lganame":"Ola Oluwa","lgacode":"30026","statename":"Osun","statecode":"OS","source":"GRID","plc_st_nam":"Police Station Ogbaagbaa"}},{"type":"Feature","id":505,"geometry":{"type":"Point","coordinates":[3.16801035759198,6.46254479860363]},"properties":{"FID":505,"globalid":"7bf305c9-154c-42b8-ac1c-39ea4c217897","uniq_id":3016,"timestamp":"Fri, 02 Feb 2018 00:00:00 GMT","editor":"racheal.olarewaju","scdy_edtor":" ","wardname":"Sabo-Oniba","wardcode":"LASOJO14","lganame":"Ojo","lgacode":"25015","statename":"Lagos","statecode":"LA","source":"GRID","plc_st_nam":"Ajangbadi Police Station"}},{"type":"Feature","id":506,"geometry":{"type":"Point","coordinates":[3.37076350842921,6.50912718137437]},"properties":{"FID":506,"globalid":"e28971d9-ae1d-41a8-bf6a-e4e5f569f743","uniq_id":3015,"timestamp":"Fri, 02 Feb 2018 00:00:00 GMT","editor":"racheal.olarewaju","scdy_edtor":" ","wardname":"Mosafejo Ojuelegba","wardcode":"LASSUE14","lganame":"Surulere","lgacode":"25018","statename":"Lagos","statecode":"LA","source":"GRID","plc_st_nam":"Tejuosho Police Post"}},{"type":"Feature","id":507,"geometry":{"type":"Point","coordinates":[3.3203551218914,6.62897981696506]},"properties":{"FID":507,"globalid":"00bcd9a1-3e3a-4611-a73a-bfdb44537737","uniq_id":3014,"timestamp":"Fri, 02 Feb 2018 00:00:00 GMT","editor":"racheal.olarewaju","scdy_edtor":" ","wardname":"Okekoto","wardcode":"LASAGG07","lganame":"Agege","lgacode":"25001","statename":"Lagos","statecode":"LA","source":"GRID","plc_st_nam":"The Nigeria Police Station Elere Division"}},{"type":"Feature","id":508,"geometry":{"type":"Point","coordinates":[3.42877966844696,6.4437336730706]},"properties":{"FID":508,"globalid":"c35163c1-385b-42a7-9208-9da53020c96c","uniq_id":3013,"timestamp":"Fri, 02 Feb 2018 00:00:00 GMT","editor":"racheal.olarewaju","scdy_edtor":" ","wardname":"Falomo / Oyinkan Abayomi","wardcode":"LASEOA07","lganame":"Eti Osa","lgacode":"25008","statename":"Lagos","statecode":"LA","source":"GRID","plc_st_nam":"Nigerian Police Stationmedical Service"}},{"type":"Feature","id":509,"geometry":{"type":"Point","coordinates":[3.66931676305819,6.65762184996845]},"properties":{"FID":509,"globalid":"91808042-5dce-4e15-8fdc-c1c69f9d94fd","uniq_id":3012,"timestamp":"Fri, 02 Feb 2018 00:00:00 GMT","editor":"racheal.olarewaju","scdy_edtor":" ","wardname":"Igbokuta / Oke-Agbo / Igbalu","wardcode":"LASIKU14","lganame":"Ikorodu","lgacode":"25012","statename":"Lagos","statecode":"LA","source":"GRID","plc_st_nam":"Imota Police Station Ebute Ajebo Road Imota"}},{"type":"Feature","id":510,"geometry":{"type":"Point","coordinates":[3.37812050595664,6.50539425833841]},"properties":{"FID":510,"globalid":"6373d690-dc7a-43b2-9269-951e04fad84d","uniq_id":3011,"timestamp":"Fri, 02 Feb 2018 00:00:00 GMT","editor":"racheal.olarewaju","scdy_edtor":" ","wardname":"Alagomeji","wardcode":"LASLMD05","lganame":"Lagos Mainland","lgacode":"25019","statename":"Lagos","statecode":"LA","source":"GRID","plc_st_nam":"Sabo Police Station"}},{"type":"Feature","id":511,"geometry":{"type":"Point","coordinates":[3.5014177752102,6.65485164129024]},"properties":{"FID":511,"globalid":"5d0c0fa1-7278-43e4-8b00-d5823787a6a2","uniq_id":3010,"timestamp":"Fri, 02 Feb 2018 00:00:00 GMT","editor":"racheal.olarewaju","scdy_edtor":" ","wardname":"Ajaguro","wardcode":"LASIKU06","lganame":"Ikorodu","lgacode":"25012","statename":"Lagos","statecode":"LA","source":"GRID","plc_st_nam":"Rofo Police Post"}},{"type":"Feature","id":512,"geometry":{"type":"Point","coordinates":[3.40696407523194,6.4492280190579]},"properties":{"FID":512,"globalid":"05b45f69-99b9-4fe3-a8b0-1909990cdc26","uniq_id":3009,"timestamp":"Fri, 02 Feb 2018 00:00:00 GMT","editor":"racheal.olarewaju","scdy_edtor":" ","wardname":"Lafiaji","wardcode":"LASLID12","lganame":"Lagos Island","lgacode":"25020","statename":"Lagos","statecode":"LA","source":"GRID","plc_st_nam":"Kam Salem House Nigeria Police Hqts Annex"}},{"type":"Feature","id":513,"geometry":{"type":"Point","coordinates":[3.4029970235938,6.44192196272843]},"properties":{"FID":513,"globalid":"05c4af0c-b25a-4c1b-9f62-bacdd9600332","uniq_id":3008,"timestamp":"Fri, 02 Feb 2018 00:00:00 GMT","editor":"racheal.olarewaju","scdy_edtor":" ","wardname":"Araromi Odo","wardcode":"LASLID04","lganame":"Lagos Island","lgacode":"25020","statename":"Lagos","statecode":"LA","source":"GRID","plc_st_nam":"Zone 2 Police Officer Mess Police Mini Market"}},{"type":"Feature","id":514,"geometry":{"type":"Point","coordinates":[3.36735633872411,6.45008931057328]},"properties":{"FID":514,"globalid":"2bc05d11-2feb-4442-90e1-1bc9398c8360","uniq_id":3007,"timestamp":"Fri, 02 Feb 2018 00:00:00 GMT","editor":"racheal.olarewaju","scdy_edtor":" ","wardname":"Anjorin","wardcode":"LASAPA04","lganame":"Apapa","lgacode":"25005","statename":"Lagos","statecode":"LA","source":"GRID","plc_st_nam":"Apapa Police Station"}},{"type":"Feature","id":515,"geometry":{"type":"Point","coordinates":[4.09528759204881,6.41447373387575]},"properties":{"FID":515,"globalid":"b8072ba1-6aed-46a5-b194-e04e2335bc06","uniq_id":3005,"timestamp":"Fri, 02 Feb 2018 00:00:00 GMT","editor":"racheal.olarewaju","scdy_edtor":" ","wardname":"Lekki 1","wardcode":"LASIUI06","lganame":"Ibeju Lekki","lgacode":"25009","statename":"Lagos","statecode":"LA","source":"GRID","plc_st_nam":"Lekki Police Post"}},{"type":"Feature","id":516,"geometry":{"type":"Point","coordinates":[3.03889482543588,6.48373826420959]},"properties":{"FID":516,"globalid":"68d4d1e1-da29-49a6-b6c2-220fe3e8f30d","uniq_id":3004,"timestamp":"Fri, 02 Feb 2018 00:00:00 GMT","editor":"racheal.olarewaju","scdy_edtor":" ","wardname":"Ibereko","wardcode":"LASBDY11","lganame":"Badagry","lgacode":"25006","statename":"Lagos","statecode":"LA","source":"GRID","plc_st_nam":"Area K Police Station"}},{"type":"Feature","id":517,"geometry":{"type":"Point","coordinates":[3.36419066306871,6.50264022666516]},"properties":{"FID":517,"globalid":"dbf5fb6f-6880-4d5a-9d09-242ce570ac3a","uniq_id":3003,"timestamp":"Fri, 02 Feb 2018 00:00:00 GMT","editor":"racheal.olarewaju","scdy_edtor":" ","wardname":"Aralile","wardcode":"LASSUE05","lganame":"Surulere","lgacode":"25018","statename":"Lagos","statecode":"LA","source":"GRID","plc_st_nam":"Anti Kidnapping Police Post Hogan Basset Crescent"}},{"type":"Feature","id":518,"geometry":{"type":"Point","coordinates":[3.34506200490767,6.58969711612906]},"properties":{"FID":518,"globalid":"5368c400-bdc0-4fc5-8cbe-7f80f5601563","uniq_id":3002,"timestamp":"Fri, 02 Feb 2018 00:00:00 GMT","editor":"racheal.olarewaju","scdy_edtor":" ","wardname":"G R A","wardcode":"LASIKA06","lganame":"Ikeja","lgacode":"25011","statename":"Lagos","statecode":"LA","source":"GRID","plc_st_nam":"Ikeja Area f Command"}},{"type":"Feature","id":519,"geometry":{"type":"Point","coordinates":[3.85376443308218,6.44117246143998]},"properties":{"FID":519,"globalid":"febb7657-fea8-4fdb-a774-eb5560472b31","uniq_id":3001,"timestamp":"Fri, 02 Feb 2018 00:00:00 GMT","editor":"racheal.olarewaju","scdy_edtor":" ","wardname":"Orimedu 2","wardcode":"LASIUI09","lganame":"Ibeju Lekki","lgacode":"25009","statename":"Lagos","statecode":"LA","source":"GRID","plc_st_nam":"Eleko Police Post"}},{"type":"Feature","id":520,"geometry":{"type":"Point","coordinates":[3.41508322930764,6.60640461588036]},"properties":{"FID":520,"globalid":"98b6949d-e156-49bd-9683-6fb54af3aa9e","uniq_id":3000,"timestamp":"Fri, 02 Feb 2018 00:00:00 GMT","editor":"racheal.olarewaju","scdy_edtor":" ","wardname":"Odo-Ogun / Ajegunle","wardcode":"LASKSE14","lganame":"Kosofe","lgacode":"25013","statename":"Lagos","statecode":"LA","source":"GRID","plc_st_nam":"Owode Onirin Police Station"}},{"type":"Feature","id":521,"geometry":{"type":"Point","coordinates":[2.89293940702805,6.41267294130324]},"properties":{"FID":521,"globalid":"347836b2-b155-40b1-8f86-45414b3e617b","uniq_id":2999,"timestamp":"Fri, 02 Feb 2018 00:00:00 GMT","editor":"racheal.olarewaju","scdy_edtor":" ","wardname":"Jegba Quarters","wardcode":"LASBDY16","lganame":"Badagry","lgacode":"25006","statename":"Lagos","statecode":"LA","source":"GRID","plc_st_nam":"Badagry Divisional Police"}},{"type":"Feature","id":522,"geometry":{"type":"Point","coordinates":[3.51800273963477,6.58969548026226]},"properties":{"FID":522,"globalid":"ddc05a46-96c4-474b-8999-6cb8c6ff49f4","uniq_id":2998,"timestamp":"Fri, 02 Feb 2018 00:00:00 GMT","editor":"racheal.olarewaju","scdy_edtor":" ","wardname":"Abosan","wardcode":"LASIKU01","lganame":"Ikorodu","lgacode":"25012","statename":"Lagos","statecode":"LA","source":"GRID","plc_st_nam":"Police Mobile Force No 63 Pmf Squadron"}},{"type":"Feature","id":523,"geometry":{"type":"Point","coordinates":[3.33284338571372,6.42544535761721]},"properties":{"FID":523,"globalid":"988588f0-93a0-4f4c-a839-2b4ad5a6c893","uniq_id":2996,"timestamp":"Fri, 02 Feb 2018 00:00:00 GMT","editor":"racheal.olarewaju","scdy_edtor":" ","wardname":"Ilado Tomaro","wardcode":"LASAON09","lganame":"Amuwo Odofin","lgacode":"25004","statename":"Lagos","statecode":"LA","source":"GRID","plc_st_nam":"Igbologun Station"}},{"type":"Feature","id":524,"geometry":{"type":"Point","coordinates":[3.32780666694418,6.46107068926096]},"properties":{"FID":524,"globalid":"fd127244-c04a-4ec4-9764-4a98d0a1f158","uniq_id":2995,"timestamp":"Fri, 02 Feb 2018 00:00:00 GMT","editor":"racheal.olarewaju","scdy_edtor":" ","wardname":"Owoyemi","wardcode":"LASATO14","lganame":"Ajeromi/Ifelodun","lgacode":"25002","statename":"Lagos","statecode":"LA","source":"GRID","plc_st_nam":"Layeni Police Station"}},{"type":"Feature","id":525,"geometry":{"type":"Point","coordinates":[3.35183333334169,6.45451000003652]},"properties":{"FID":525,"globalid":"8891b126-960d-42e1-8909-bf335c4c9ea2","uniq_id":2994,"timestamp":"Fri, 02 Feb 2018 00:00:00 GMT","editor":"racheal.olarewaju","scdy_edtor":" ","wardname":"Oduduwa","wardcode":"LASAPA10","lganame":"Apapa","lgacode":"25005","statename":"Lagos","statecode":"LA","source":"GRID","plc_st_nam":"Alayabiagba Police Station"}},{"type":"Feature","id":526,"geometry":{"type":"Point","coordinates":[3.35795431074291,6.48920920623993]},"properties":{"FID":526,"globalid":"0b8cec06-33a2-4308-85d9-3e818229636f","uniq_id":2993,"timestamp":"Fri, 02 Feb 2018 00:00:00 GMT","editor":"racheal.olarewaju","scdy_edtor":" ","wardname":"Iponri  /  Eric Moore","wardcode":"LASSUE11","lganame":"Surulere","lgacode":"25018","statename":"Lagos","statecode":"LA","source":"GRID","plc_st_nam":"Bode Thomas Police Station"}},{"type":"Feature","id":527,"geometry":{"type":"Point","coordinates":[3.26886773955459,6.55146897021683]},"properties":{"FID":527,"globalid":"1655d282-4388-4846-98c3-3193b1a476b8","uniq_id":2992,"timestamp":"Fri, 02 Feb 2018 00:00:00 GMT","editor":"racheal.olarewaju","scdy_edtor":" ","wardname":"Egbe-Liasu","wardcode":"LASAMO20","lganame":"Alimosho","lgacode":"25003","statename":"Lagos","statecode":"LA","source":"GRID","plc_st_nam":"Ikotun Divisional Hq"}},{"type":"Feature","id":528,"geometry":{"type":"Point","coordinates":[3.2947524871376,6.52570561132495]},"properties":{"FID":528,"globalid":"c46c63d3-d663-49d2-a398-b96f982607f9","uniq_id":2991,"timestamp":"Fri, 02 Feb 2018 00:00:00 GMT","editor":"racheal.olarewaju","scdy_edtor":" ","wardname":"Ailegun","wardcode":"LASOIO03","lganame":"Oshodi/Isolo","lgacode":"25016","statename":"Lagos","statecode":"LA","source":"GRID","plc_st_nam":"Ashamu Police Station"}},{"type":"Feature","id":529,"geometry":{"type":"Point","coordinates":[3.33515128260564,6.58975493893934]},"properties":{"FID":529,"globalid":"4790fa73-c580-42bd-b5d2-b591b3690718","uniq_id":2990,"timestamp":"Fri, 02 Feb 2018 00:00:00 GMT","editor":"racheal.olarewaju","scdy_edtor":" ","wardname":"Onilekere","wardcode":"LASIKA13","lganame":"Ikeja","lgacode":"25011","statename":"Lagos","statecode":"LA","source":"GRID","plc_st_nam":"Police Post"}},{"type":"Feature","id":530,"geometry":{"type":"Point","coordinates":[3.35501455467801,6.59020204229046]},"properties":{"FID":530,"globalid":"6bec6462-4255-4251-848e-a5c2da528453","uniq_id":2989,"timestamp":"Fri, 02 Feb 2018 00:00:00 GMT","editor":"racheal.olarewaju","scdy_edtor":" ","wardname":"Opebi","wardcode":"LASIKA14","lganame":"Ikeja","lgacode":"25011","statename":"Lagos","statecode":"LA","source":"GRID","plc_st_nam":"NPF Police B Department Ikeja HQ Annex"}},{"type":"Feature","id":531,"geometry":{"type":"Point","coordinates":[3.34410112606616,6.58559966009631]},"properties":{"FID":531,"globalid":"eb10e799-6ec5-43d5-bcc6-2f380047da78","uniq_id":2988,"timestamp":"Fri, 02 Feb 2018 00:00:00 GMT","editor":"racheal.olarewaju","scdy_edtor":" ","wardname":"G R A","wardcode":"LASIKA06","lganame":"Ikeja","lgacode":"25011","statename":"Lagos","statecode":"LA","source":"GRID","plc_st_nam":"Lagos State Police Command"}},{"type":"Feature","id":532,"geometry":{"type":"Point","coordinates":[3.07492757424819,6.5970209997194]},"properties":{"FID":532,"globalid":"33cf65ac-dcc2-41c8-aee5-abce24d8158c","uniq_id":2488,"timestamp":"Fri, 02 Feb 2018 00:00:00 GMT","editor":"najib.adam","scdy_edtor":" ","wardname":"Ketu","wardcode":"OGSADO12","lganame":"Ado Odo/Ota","lgacode":"28003","statename":"Ogun","statecode":"OG","source":"GRID","plc_st_nam":"Ketu Adie Owe Station"}},{"type":"Feature","id":533,"geometry":{"type":"Point","coordinates":[3.3301683334019,7.15588772493862]},"properties":{"FID":533,"globalid":"1cdc3754-d5fd-491e-bd59-7c300c885657","uniq_id":2482,"timestamp":"Fri, 02 Feb 2018 00:00:00 GMT","editor":"najib.adam","scdy_edtor":" ","wardname":"Totoro 2","wardcode":"OGSABN14","lganame":"Abeokuta North","lgacode":"28001","statename":"Ogun","statecode":"OG","source":"GRID","plc_st_nam":"Lafenwa"}},{"type":"Feature","id":534,"geometry":{"type":"Point","coordinates":[3.39167666704458,7.17802500025363]},"properties":{"FID":534,"globalid":"15b950ce-7009-4666-b595-8ab1f5f2beec","uniq_id":2481,"timestamp":"Fri, 02 Feb 2018 00:00:00 GMT","editor":"najib.adam","scdy_edtor":" ","wardname":"Obantoto","wardcode":"OGSODA05","lganame":"Odeda","lgacode":"28016","statename":"Ogun","statecode":"OG","source":"GRID","plc_st_nam":"The Nigerian Police Divisional Head Qrts"}},{"type":"Feature","id":535,"geometry":{"type":"Point","coordinates":[3.96529296989468,6.80208272823535]},"properties":{"FID":535,"globalid":"5458d94d-5990-43a8-bcd3-14f298d99c66","uniq_id":2480,"timestamp":"Fri, 02 Feb 2018 00:00:00 GMT","editor":"najib.adam","scdy_edtor":" ","wardname":"Imushin 1","wardcode":"OGSIUU07","lganame":"Ijebu East","lgacode":"28008","statename":"Ogun","statecode":"OG","source":"GRID","plc_st_nam":"The Nigerian Police Ilese Division"}},{"type":"Feature","id":536,"geometry":{"type":"Point","coordinates":[3.90567575942879,6.83166512834305]},"properties":{"FID":536,"globalid":"2d505fe6-2044-4f31-b614-1d102b2b7019","uniq_id":2479,"timestamp":"Fri, 02 Feb 2018 00:00:00 GMT","editor":"najib.adam","scdy_edtor":" ","wardname":"Porogun 2","wardcode":"OGSIUE11","lganame":"Ijebu Ode","lgacode":"28011","statename":"Ogun","statecode":"OG","source":"GRID","plc_st_nam":"Obalende Divisional Police Headquarters"}},{"type":"Feature","id":537,"geometry":{"type":"Point","coordinates":[2.97514563126595,6.69769621320972]},"properties":{"FID":537,"globalid":"4fcaa5b2-feb6-4655-b695-187cc3f8b949","uniq_id":2477,"timestamp":"Fri, 02 Feb 2018 00:00:00 GMT","editor":"najib.adam","scdy_edtor":" ","wardname":"Owode 1","wardcode":"OGSYES10","lganame":"Yewa South","lgacode":"28005","statename":"Ogun","statecode":"OG","source":"GRID","plc_st_nam":"Owode Police Station"}},{"type":"Feature","id":538,"geometry":{"type":"Point","coordinates":[3.3396233332503,7.14171999967829]},"properties":{"FID":538,"globalid":"c9c1e980-2927-4707-b022-9af7ef8bc521","uniq_id":2476,"timestamp":"Fri, 02 Feb 2018 00:00:00 GMT","editor":"najib.adam","scdy_edtor":" ","wardname":"Ibara 1","wardcode":"OGSABS05","lganame":"Abeokuta South","lgacode":"28002","statename":"Ogun","statecode":"OG","source":"GRID","plc_st_nam":"The Nigeria Police Force State Traffic Division"}},{"type":"Feature","id":539,"geometry":{"type":"Point","coordinates":[3.98804459278375,6.83284648138005]},"properties":{"FID":539,"globalid":"3a231157-183a-4a21-a5d6-78de3ab1b78b","uniq_id":2474,"timestamp":"Fri, 02 Feb 2018 00:00:00 GMT","editor":"najib.adam","scdy_edtor":" ","wardname":"Imushin 2","wardcode":"OGSIUU08","lganame":"Ijebu East","lgacode":"28008","statename":"Ogun","statecode":"OG","source":"GRID","plc_st_nam":"The Nigerian Police Isonyin Police Post"}},{"type":"Feature","id":540,"geometry":{"type":"Point","coordinates":[3.39852253758511,7.09096436601271]},"properties":{"FID":540,"globalid":"d60d41f6-2cba-4902-a34e-53107aead72e","uniq_id":2473,"timestamp":"Fri, 02 Feb 2018 00:00:00 GMT","editor":"najib.adam","scdy_edtor":" ","wardname":"Egbeda","wardcode":"OGSOBE04","lganame":"Obafemi Owode","lgacode":"28015","statename":"Ogun","statecode":"OG","source":"GRID","plc_st_nam":"Police College"}},{"type":"Feature","id":541,"geometry":{"type":"Point","coordinates":[7.81067333280811,8.68446833304716]},"properties":{"FID":541,"globalid":"e062cc7f-3bb4-4ddf-8238-d192108ba617","uniq_id":2472,"timestamp":"Fri, 02 Feb 2018 00:00:00 GMT","editor":"najib.adam","scdy_edtor":" ","wardname":"Laminga","wardcode":"NASNSW05","lganame":"Nasarawa","lgacode":"26009","statename":"Nasarawa","statecode":"NA","source":"GRID","plc_st_nam":"Nahuche Police Station Zakun Bello Road Laminga"}},{"type":"Feature","id":542,"geometry":{"type":"Point","coordinates":[8.85129932020749,8.59778994664879]},"properties":{"FID":542,"globalid":"dcd44b11-b1fd-485e-bf17-e4074c050b78","uniq_id":2471,"timestamp":"Fri, 02 Feb 2018 00:00:00 GMT","editor":"najib.adam","scdy_edtor":" ","wardname":"Assakio","wardcode":"NASLFA06","lganame":"Lafia","lgacode":"26008","statename":"Nasarawa","statecode":"NA","source":"GRID","plc_st_nam":"The Nigeria Police Station Assakio"}},{"type":"Feature","id":543,"geometry":{"type":"Point","coordinates":[7.6036665370811,8.34544362222545]},"properties":{"FID":543,"globalid":"d94f3c40-81b7-4a08-9120-ff44b7e75119","uniq_id":2470,"timestamp":"Fri, 02 Feb 2018 00:00:00 GMT","editor":"najib.adam","scdy_edtor":" ","wardname":"Tunga Bakono","wardcode":"NASNSW15","lganame":"Nasarawa","lgacode":"26009","statename":"Nasarawa","statecode":"NA","source":"GRID","plc_st_nam":"Police Outpost Ajaga"}},{"type":"Feature","id":544,"geometry":{"type":"Point","coordinates":[3.49592109997883,6.92717119969114]},"properties":{"FID":544,"globalid":"a47a6279-7ac5-4407-88fb-1f17a05d4e96","uniq_id":2469,"timestamp":"Fri, 02 Feb 2018 00:00:00 GMT","editor":"najib.adam","scdy_edtor":" ","wardname":"Owode","wardcode":"OGSOBE12","lganame":"Obafemi Owode","lgacode":"28015","statename":"Ogun","statecode":"OG","source":"GRID","plc_st_nam":"Owode Egba Police Area Command"}},{"type":"Feature","id":545,"geometry":{"type":"Point","coordinates":[3.32552833256653,7.15583500038503]},"properties":{"FID":545,"globalid":"a1d4de57-3eb1-4fcf-b790-55a6ec54c7f4","uniq_id":2467,"timestamp":"Fri, 02 Feb 2018 00:00:00 GMT","editor":"najib.adam","scdy_edtor":" ","wardname":"Sabo 1","wardcode":"OGSABN11","lganame":"Abeokuta North","lgacode":"28001","statename":"Ogun","statecode":"OG","source":"GRID","plc_st_nam":"Lafenwa Divisional Headquarters"}},{"type":"Feature","id":546,"geometry":{"type":"Point","coordinates":[4.16709012880642,6.73860826256134]},"properties":{"FID":546,"globalid":"e2312099-fb25-449d-9403-2b6d775c4bd7","uniq_id":2466,"timestamp":"Fri, 02 Feb 2018 00:00:00 GMT","editor":"najib.adam","scdy_edtor":" ","wardname":"Ogbere","wardcode":"OGSIUU10","lganame":"Ijebu East","lgacode":"28008","statename":"Ogun","statecode":"OG","source":"GRID","plc_st_nam":"Ogbere Divisional Headquarters"}},{"type":"Feature","id":547,"geometry":{"type":"Point","coordinates":[4.16521489665018,6.7390054904111]},"properties":{"FID":547,"globalid":"97bf2595-d297-47b8-93e3-78adac370e2e","uniq_id":2465,"timestamp":"Fri, 02 Feb 2018 00:00:00 GMT","editor":"najib.adam","scdy_edtor":" ","wardname":"Ogbere","wardcode":"OGSIUU10","lganame":"Ijebu East","lgacode":"28008","statename":"Ogun","statecode":"OG","source":"GRID","plc_st_nam":"Ogbere Area Command Headquarters"}},{"type":"Feature","id":548,"geometry":{"type":"Point","coordinates":[2.78957999961733,6.77859500035902]},"properties":{"FID":548,"globalid":"74dd2daf-ed2e-4d5b-ae30-3e611b45a5d4","uniq_id":2464,"timestamp":"Fri, 02 Feb 2018 00:00:00 GMT","editor":"najib.adam","scdy_edtor":" ","wardname":"Ifonyintedo","wardcode":"OGSIKA05","lganame":"Ipokia","lgacode":"28014","statename":"Ogun","statecode":"OG","source":"GRID","plc_st_nam":"Ifonyintedo Police Station"}},{"type":"Feature","id":549,"geometry":{"type":"Point","coordinates":[3.79623000031432,6.7207566668867]},"properties":{"FID":549,"globalid":"0bc7f4a2-e028-4bfd-a09e-63cae1502bc4","uniq_id":2463,"timestamp":"Fri, 02 Feb 2018 00:00:00 GMT","editor":"najib.adam","scdy_edtor":" ","wardname":"Ibefun","wardcode":"OGSOGU02","lganame":"Odogbolu","lgacode":"28017","statename":"Ogun","statecode":"OG","source":"GRID","plc_st_nam":"Ibefun Town Police Post"}},{"type":"Feature","id":550,"geometry":{"type":"Point","coordinates":[3.32347268831398,6.65045410127578]},"properties":{"FID":550,"globalid":"5921761c-8e5e-4024-bb48-227fafb0b01e","uniq_id":2987,"timestamp":"Fri, 02 Feb 2018 00:00:00 GMT","editor":"racheal.olarewaju","scdy_edtor":" ","wardname":"Ifako Pele","wardcode":"LASIOE05","lganame":"Ifako/Ijaye","lgacode":"25010","statename":"Lagos","statecode":"LA","source":"GRID","plc_st_nam":"Olowosokodile Police Post"}},{"type":"Feature","id":551,"geometry":{"type":"Point","coordinates":[3.57729424982983,6.46992742591004]},"properties":{"FID":551,"globalid":"3f5c7fd5-5ed9-42cd-82b1-a950d694e5a6","uniq_id":2986,"timestamp":"Fri, 02 Feb 2018 00:00:00 GMT","editor":"racheal.olarewaju","scdy_edtor":" ","wardname":"Ajah","wardcode":"LASEOA03","lganame":"Eti Osa","lgacode":"25008","statename":"Lagos","statecode":"LA","source":"GRID","plc_st_nam":"Ajah Police Station"}},{"type":"Feature","id":552,"geometry":{"type":"Point","coordinates":[3.77295380377507,6.63129378697874]},"properties":{"FID":552,"globalid":"ae016dc5-d429-4b3c-91e6-dd7976a0288e","uniq_id":2985,"timestamp":"Fri, 02 Feb 2018 00:00:00 GMT","editor":"racheal.olarewaju","scdy_edtor":" ","wardname":"Owu / Ota","wardcode":"LASEPE17","lganame":"Epe","lgacode":"25007","statename":"Lagos","statecode":"LA","source":"GRID","plc_st_nam":"Orugbo Police Post"}},{"type":"Feature","id":553,"geometry":{"type":"Point","coordinates":[3.37238185014235,6.54502591591336]},"properties":{"FID":553,"globalid":"e1c3eb97-9b4f-41d5-9bcb-01f323506f76","uniq_id":2984,"timestamp":"Fri, 02 Feb 2018 00:00:00 GMT","editor":"racheal.olarewaju","scdy_edtor":" ","wardname":"Pedro / Gbagada","wardcode":"LASSMU15","lganame":"Shomolu","lgacode":"25017","statename":"Lagos","statecode":"LA","source":"GRID","plc_st_nam":"Pedro Divisional Police Station"}},{"type":"Feature","id":554,"geometry":{"type":"Point","coordinates":[4.18953833302771,7.60540833322807]},"properties":{"FID":554,"globalid":"0894318d-cc54-454b-8d56-4627a35d5daf","uniq_id":2618,"timestamp":"Fri, 02 Feb 2018 00:00:00 GMT","editor":"racheal.olarewaju","scdy_edtor":" ","wardname":"Popo","wardcode":"OSSAYE10","lganame":"Ayedire","lgacode":"30002","statename":"Osun","statecode":"OS","source":"GRID","plc_st_nam":"Nigerian Police Post Oluponna"}},{"type":"Feature","id":555,"geometry":{"type":"Point","coordinates":[4.30805499963856,7.89471999982817]},"properties":{"FID":555,"globalid":"3ccd5d91-a7bc-4ea7-ae11-91ccea872a3a","uniq_id":2617,"timestamp":"Fri, 02 Feb 2018 00:00:00 GMT","editor":"racheal.olarewaju","scdy_edtor":" ","wardname":"Isale Osolo","wardcode":"OSSEGO06","lganame":"Ejigbo","lgacode":"30010","statename":"Osun","statecode":"OS","source":"GRID","plc_st_nam":"Nigerian Police Station Ejigbo"}},{"type":"Feature","id":556,"geometry":{"type":"Point","coordinates":[4.07802166726617,7.7133749998564]},"properties":{"FID":556,"globalid":"949b7ac9-47c2-4f05-b440-86b0a2984012","uniq_id":2616,"timestamp":"Fri, 02 Feb 2018 00:00:00 GMT","editor":"racheal.olarewaju","scdy_edtor":" ","wardname":"Oke Oba 2","wardcode":"OSSIWO15","lganame":"Iwo","lgacode":"30023","statename":"Osun","statecode":"OS","source":"GRID","plc_st_nam":"Idi Iroko Police Post"}},{"type":"Feature","id":557,"geometry":{"type":"Point","coordinates":[4.37022833337096,7.47047666686473]},"properties":{"FID":557,"globalid":"cd22b76e-5dda-49d7-9a10-b8c331b9f739","uniq_id":2615,"timestamp":"Fri, 02 Feb 2018 00:00:00 GMT","editor":"racheal.olarewaju","scdy_edtor":" ","wardname":"Otun Balogun","wardcode":"OSSADE08","lganame":"Ayedade","lgacode":"30001","statename":"Osun","statecode":"OS","source":"GRID","plc_st_nam":"Gbongan Police Station"}},{"type":"Feature","id":558,"geometry":{"type":"Point","coordinates":[11.2316466699579,10.2767316700306]},"properties":{"FID":558,"globalid":"603dbb1f-a78e-4751-9a42-988ccc5909b1","uniq_id":2614,"timestamp":"Fri, 02 Feb 2018 00:00:00 GMT","editor":"racheal.olarewaju","scdy_edtor":" ","wardname":"Kwadon / Liji / Kurba","wardcode":"GMSYDB07","lganame":"Yamaltu/Deba","lgacode":"16011","statename":"Gombe","statecode":"GO","source":"GRID","plc_st_nam":"Police Outputs Liji"}},{"type":"Feature","id":559,"geometry":{"type":"Point","coordinates":[11.3828250000738,10.9513066697671]},"properties":{"FID":559,"globalid":"979b617f-433c-4c03-be0a-f5153ba2058c","uniq_id":2613,"timestamp":"Fri, 02 Feb 2018 00:00:00 GMT","editor":"racheal.olarewaju","scdy_edtor":" ","wardname":"Bage","wardcode":"GMSFKY02","lganame":"Funakaye","lgacode":"16005","statename":"Gombe","statecode":"GO","source":"GRID","plc_st_nam":"Bage Out Forces"}},{"type":"Feature","id":560,"geometry":{"type":"Point","coordinates":[11.3589716699067,10.3197016703958]},"properties":{"FID":560,"globalid":"1e723620-f2ad-4565-8bc3-245900d6a206","uniq_id":2612,"timestamp":"Fri, 02 Feb 2018 00:00:00 GMT","editor":"racheal.olarewaju","scdy_edtor":" ","wardname":"Zambuk / Kwali","wardcode":"GMSYDB11","lganame":"Yamaltu/Deba","lgacode":"16011","statename":"Gombe","statecode":"GO","source":"GRID","plc_st_nam":"Zambuk Police Station"}},{"type":"Feature","id":561,"geometry":{"type":"Point","coordinates":[11.1561283296587,10.0239533301821]},"properties":{"FID":561,"globalid":"764f65f0-c2b5-4405-9140-eed6f7f83322","uniq_id":2611,"timestamp":"Fri, 02 Feb 2018 00:00:00 GMT","editor":"racheal.olarewaju","scdy_edtor":" ","wardname":"Kumo West","wardcode":"GMSAKK08","lganame":"Akko","lgacode":"16001","statename":"Gombe","statecode":"GO","source":"GRID","plc_st_nam":"Kobuwa Police Station"}},{"type":"Feature","id":562,"geometry":{"type":"Point","coordinates":[11.1622616700401,10.2994716700816]},"properties":{"FID":562,"globalid":"2408e5a7-cd1e-469c-8dda-a9f9dc038ac4","uniq_id":2610,"timestamp":"Fri, 02 Feb 2018 00:00:00 GMT","editor":"racheal.olarewaju","scdy_edtor":" ","wardname":"Shamaki","wardcode":"GMSGME11","lganame":"Gombe","lgacode":"16006","statename":"Gombe","statecode":"GO","source":"GRID","plc_st_nam":"Gombe Area Command"}},{"type":"Feature","id":563,"geometry":{"type":"Point","coordinates":[3.13159132567921,7.27257076562836]},"properties":{"FID":563,"globalid":"1230d3e4-84c1-4e2e-b3f7-798ccd660672","uniq_id":2446,"timestamp":"Fri, 02 Feb 2018 00:00:00 GMT","editor":"najib.adam","scdy_edtor":" ","wardname":"Imala","wardcode":"OGSABN09","lganame":"Abeokuta North","lgacode":"28001","statename":"Ogun","statecode":"OG","source":"GRID","plc_st_nam":"Imala Division"}},{"type":"Feature","id":564,"geometry":{"type":"Point","coordinates":[3.13061489126426,7.27291411329571]},"properties":{"FID":564,"globalid":"515317b4-48b5-49c1-ac24-e25c31725230","uniq_id":2445,"timestamp":"Fri, 02 Feb 2018 00:00:00 GMT","editor":"najib.adam","scdy_edtor":" ","wardname":"Imala","wardcode":"OGSABN09","lganame":"Abeokuta North","lgacode":"28001","statename":"Ogun","statecode":"OG","source":"GRID","plc_st_nam":"Nigeria Security And Civil Defense Corps"}},{"type":"Feature","id":565,"geometry":{"type":"Point","coordinates":[11.4725633297339,9.84606666684323]},"properties":{"FID":565,"globalid":"7c5d85ed-549d-47c1-add7-9c8e2c3d1814","uniq_id":2609,"timestamp":"Fri, 02 Feb 2018 00:00:00 GMT","editor":"racheal.olarewaju","scdy_edtor":" ","wardname":"Wange","wardcode":"GMSKLT09","lganame":"Kaltungo","lgacode":"16007","statename":"Gombe","statecode":"GO","source":"GRID","plc_st_nam":"Divisional Headquarter Tula"}},{"type":"Feature","id":566,"geometry":{"type":"Point","coordinates":[11.0083883298576,10.0064933299033]},"properties":{"FID":566,"globalid":"db96e504-526c-4eb3-ad36-509b02c05285","uniq_id":2608,"timestamp":"Fri, 02 Feb 2018 00:00:00 GMT","editor":"racheal.olarewaju","scdy_edtor":" ","wardname":"Tumu","wardcode":"GMSAKK11","lganame":"Akko","lgacode":"16001","statename":"Gombe","statecode":"GO","source":"GRID","plc_st_nam":"Tumu Police Station"}},{"type":"Feature","id":567,"geometry":{"type":"Point","coordinates":[11.5123632999264,9.83120670012914]},"properties":{"FID":567,"globalid":"1a4435dd-c47e-43e6-8d5e-261446336222","uniq_id":2607,"timestamp":"Fri, 02 Feb 2018 00:00:00 GMT","editor":"racheal.olarewaju","scdy_edtor":" ","wardname":"Wange","wardcode":"GMSKLT09","lganame":"Kaltungo","lgacode":"16007","statename":"Gombe","statecode":"GO","source":"GRID","plc_st_nam":"Police Station"}},{"type":"Feature","id":568,"geometry":{"type":"Point","coordinates":[11.6290750002111,9.81462999957489]},"properties":{"FID":568,"globalid":"326472e1-8edd-4eee-ba43-e4c96a33465d","uniq_id":2606,"timestamp":"Fri, 02 Feb 2018 00:00:00 GMT","editor":"racheal.olarewaju","scdy_edtor":" ","wardname":"Degri","wardcode":"GMSBLG04","lganame":"Balanga","lgacode":"16002","statename":"Gombe","statecode":"GO","source":"GRID","plc_st_nam":"Kulani Police Station"}},{"type":"Feature","id":569,"geometry":{"type":"Point","coordinates":[11.4950450004265,10.2804716698317]},"properties":{"FID":569,"globalid":"bda4973f-dff7-4b74-b4c5-63134144ac02","uniq_id":2605,"timestamp":"Fri, 02 Feb 2018 00:00:00 GMT","editor":"racheal.olarewaju","scdy_edtor":" ","wardname":"Hinna","wardcode":"GMSYDB03","lganame":"Yamaltu/Deba","lgacode":"16011","statename":"Gombe","statecode":"GO","source":"GRID","plc_st_nam":"Dadin Kowa Police Division"}},{"type":"Feature","id":570,"geometry":{"type":"Point","coordinates":[11.4366383295953,10.4275600001939]},"properties":{"FID":570,"globalid":"eee4b274-d770-46c9-ae71-ce90fed83375","uniq_id":2604,"timestamp":"Fri, 02 Feb 2018 00:00:00 GMT","editor":"racheal.olarewaju","scdy_edtor":" ","wardname":"Lubo / Difa / Kinafa","wardcode":"GMSYDB09","lganame":"Yamaltu/Deba","lgacode":"16011","statename":"Gombe","statecode":"GO","source":"GRID","plc_st_nam":"Nigeria Police Kinafa Outpost"}},{"type":"Feature","id":571,"geometry":{"type":"Point","coordinates":[10.9591183303467,9.98960666721399]},"properties":{"FID":571,"globalid":"4102eb42-0f99-4a90-98f8-e152a06cfd92","uniq_id":2603,"timestamp":"Fri, 02 Feb 2018 00:00:00 GMT","editor":"racheal.olarewaju","scdy_edtor":" ","wardname":"Pindiga","wardcode":"GMSAKK09","lganame":"Akko","lgacode":"16001","statename":"Gombe","statecode":"GO","source":"GRID","plc_st_nam":"Pindiga Police Station"}},{"type":"Feature","id":572,"geometry":{"type":"Point","coordinates":[11.7525600002439,9.77923999982619]},"properties":{"FID":572,"globalid":"3641edf0-6fc8-447a-b8ec-b1798a273a7e","uniq_id":2602,"timestamp":"Fri, 02 Feb 2018 00:00:00 GMT","editor":"racheal.olarewaju","scdy_edtor":" ","wardname":"Nyuwar / Jessu","wardcode":"GMSBLG08","lganame":"Balanga","lgacode":"16002","statename":"Gombe","statecode":"GO","source":"GRID","plc_st_nam":"Nyuwar Police Station"}},{"type":"Feature","id":573,"geometry":{"type":"Point","coordinates":[8.99202829976628,9.47251999989811]},"properties":{"FID":573,"globalid":"e9a648e1-1a79-48c7-9b09-961c1b5107bf","uniq_id":2601,"timestamp":"Fri, 02 Feb 2018 00:00:00 GMT","editor":"racheal.olarewaju","scdy_edtor":" ","wardname":"Marit","wardcode":"PLSBLD11","lganame":"Barkin Ladi","lgacode":"32001","statename":"Plateau","statecode":"PL","source":"GRID","plc_st_nam":"The Nigerian Police Outpost D Division Marit"}},{"type":"Feature","id":574,"geometry":{"type":"Point","coordinates":[8.98254330033308,9.52603669973394]},"properties":{"FID":574,"globalid":"edb4750c-bd98-46a8-b83e-d80400146af6","uniq_id":2600,"timestamp":"Fri, 02 Feb 2018 00:00:00 GMT","editor":"racheal.olarewaju","scdy_edtor":" ","wardname":"Lobring","wardcode":"PLSBLD10","lganame":"Barkin Ladi","lgacode":"32001","statename":"Plateau","statecode":"PL","source":"GRID","plc_st_nam":"Dorowa Police Station"}},{"type":"Feature","id":575,"geometry":{"type":"Point","coordinates":[8.88355850022464,9.91720700040281]},"properties":{"FID":575,"globalid":"a0e63267-c25b-4027-abb7-2669ae42d214","uniq_id":2599,"timestamp":"Fri, 02 Feb 2018 00:00:00 GMT","editor":"racheal.olarewaju","scdy_edtor":" ","wardname":"Jenta Adamu","wardcode":"PLSJJN08","lganame":"Jos North","lgacode":"32005","statename":"Plateau","statecode":"PL","source":"GRID","plc_st_nam":"Area Command Police Station Jos"}},{"type":"Feature","id":576,"geometry":{"type":"Point","coordinates":[8.89342333282059,9.91589666659792]},"properties":{"FID":576,"globalid":"f7a5ee47-00de-4603-bb8c-21743c5bcd47","uniq_id":2598,"timestamp":"Fri, 02 Feb 2018 00:00:00 GMT","editor":"racheal.olarewaju","scdy_edtor":" ","wardname":"Gangare","wardcode":"PLSJJN05","lganame":"Jos North","lgacode":"32005","statename":"Plateau","statecode":"PL","source":"GRID","plc_st_nam":"Gangare Police Station"}},{"type":"Feature","id":577,"geometry":{"type":"Point","coordinates":[9.2911050002956,8.90446000002902]},"properties":{"FID":577,"globalid":"59e82ca8-81ef-430c-b365-c205c79534c5","uniq_id":2597,"timestamp":"Fri, 02 Feb 2018 00:00:00 GMT","editor":"racheal.olarewaju","scdy_edtor":" ","wardname":"Moeda","wardcode":"PLSQAP17","lganame":"Qua'An Pan","lgacode":"32014","statename":"Plateau","statecode":"PL","source":"GRID","plc_st_nam":"Kwalla Police Rural Station Office"}},{"type":"Feature","id":578,"geometry":{"type":"Point","coordinates":[9.96444830024893,9.37393000036928]},"properties":{"FID":578,"globalid":"d0e0eb36-a4f8-4139-bfff-f773b3e9639a","uniq_id":2596,"timestamp":"Fri, 02 Feb 2018 00:00:00 GMT","editor":"racheal.olarewaju","scdy_edtor":" ","wardname":"Dengi","wardcode":"PLSDNG02","lganame":"Kanam","lgacode":"32007","statename":"Plateau","statecode":"PL","source":"GRID","plc_st_nam":"Dengi Police Station"}},{"type":"Feature","id":579,"geometry":{"type":"Point","coordinates":[10.3139317001879,9.4998250000238]},"properties":{"FID":579,"globalid":"49c6e43e-4531-4383-94c1-d8786d54bae9","uniq_id":2595,"timestamp":"Fri, 02 Feb 2018 00:00:00 GMT","editor":"racheal.olarewaju","scdy_edtor":" ","wardname":"Garga","wardcode":"PLSDNG06","lganame":"Kanam","lgacode":"32007","statename":"Plateau","statecode":"PL","source":"GRID","plc_st_nam":"Police Station"}},{"type":"Feature","id":580,"geometry":{"type":"Point","coordinates":[9.29350833324304,8.78055666685674]},"properties":{"FID":580,"globalid":"9a70fadf-07b1-44b0-b27b-0cd0bad552eb","uniq_id":2594,"timestamp":"Fri, 02 Feb 2018 00:00:00 GMT","editor":"racheal.olarewaju","scdy_edtor":" ","wardname":"Kurgwi West","wardcode":"PLSQAP08","lganame":"Qua'An Pan","lgacode":"32014","statename":"Plateau","statecode":"PL","source":"GRID","plc_st_nam":"Nigeria Police Station Kurgwi"}},{"type":"Feature","id":581,"geometry":{"type":"Point","coordinates":[9.15441829976476,9.22273670013863]},"properties":{"FID":581,"globalid":"dab99a71-78d9-444a-865f-2ac5596f04e9","uniq_id":2593,"timestamp":"Fri, 02 Feb 2018 00:00:00 GMT","editor":"racheal.olarewaju","scdy_edtor":" ","wardname":"Mangun","wardcode":"PLSMGU17","lganame":"Mangu","lgacode":"32011","statename":"Plateau","statecode":"PL","source":"GRID","plc_st_nam":"Mangun Police Station"}},{"type":"Feature","id":582,"geometry":{"type":"Point","coordinates":[8.87057833332346,9.93682000014292]},"properties":{"FID":582,"globalid":"5267d63a-abf5-4bf5-afc7-49b91de7b069","uniq_id":2592,"timestamp":"Fri, 02 Feb 2018 00:00:00 GMT","editor":"racheal.olarewaju","scdy_edtor":" ","wardname":"Kabong","wardcode":"PLSJJN11","lganame":"Jos North","lgacode":"32005","statename":"Plateau","statecode":"PL","source":"GRID","plc_st_nam":"Alheri Police Station Jos"}},{"type":"Feature","id":583,"geometry":{"type":"Point","coordinates":[9.54729166727668,8.8752466672999]},"properties":{"FID":583,"globalid":"ead61577-eef9-4ca9-8fc5-d79307221186","uniq_id":2591,"timestamp":"Fri, 02 Feb 2018 00:00:00 GMT","editor":"racheal.olarewaju","scdy_edtor":" ","wardname":"Shendam A","wardcode":"PLSSHD16","lganame":"Shendam","lgacode":"32016","statename":"Plateau","statecode":"PL","source":"GRID","plc_st_nam":"The Nigeria Police Divisional Headquarters Shendam"}},{"type":"Feature","id":584,"geometry":{"type":"Point","coordinates":[9.44827999992214,8.81250499980592]},"properties":{"FID":584,"globalid":"55742522-1361-40c4-bdb6-73379be8fa83","uniq_id":2590,"timestamp":"Fri, 02 Feb 2018 00:00:00 GMT","editor":"racheal.olarewaju","scdy_edtor":" ","wardname":"Poeship","wardcode":"PLSSHD15","lganame":"Shendam","lgacode":"32016","statename":"Plateau","statecode":"PL","source":"GRID","plc_st_nam":"The Nigeria Police Station Pueship"}},{"type":"Feature","id":585,"geometry":{"type":"Point","coordinates":[9.69800833311814,9.35427499959161]},"properties":{"FID":585,"globalid":"bc92a8e9-5c81-49d6-b15e-560b6672747c","uniq_id":2589,"timestamp":"Fri, 02 Feb 2018 00:00:00 GMT","editor":"racheal.olarewaju","scdy_edtor":" ","wardname":"Amper C","wardcode":"PLSKWK04","lganame":"Kanke","lgacode":"32008","statename":"Plateau","statecode":"PL","source":"GRID","plc_st_nam":"Amper Police Outpost"}},{"type":"Feature","id":586,"geometry":{"type":"Point","coordinates":[9.87652670004724,8.75324669977545]},"properties":{"FID":586,"globalid":"068ca431-4348-49c1-a793-48d3ba43a0cd","uniq_id":2588,"timestamp":"Fri, 02 Feb 2018 00:00:00 GMT","editor":"racheal.olarewaju","scdy_edtor":" ","wardname":"Dadin Kowa","wardcode":"PLSMBD01","lganame":"Langtang South","lgacode":"32010","statename":"Plateau","statecode":"PL","source":"GRID","plc_st_nam":"Dadinkowa Police Station"}},{"type":"Feature","id":587,"geometry":{"type":"Point","coordinates":[9.43319329973104,9.32416999984565]},"properties":{"FID":587,"globalid":"790e4a90-ade2-4214-b6a0-72f0a5892bbd","uniq_id":2587,"timestamp":"Fri, 02 Feb 2018 00:00:00 GMT","editor":"racheal.olarewaju","scdy_edtor":" ","wardname":"Pankshin","wardcode":"PLSPKN15","lganame":"Pankshin","lgacode":"32013","statename":"Plateau","statecode":"PL","source":"GRID","plc_st_nam":"The Nigeria Police Force"}},{"type":"Feature","id":588,"geometry":{"type":"Point","coordinates":[8.89273549984347,9.93431170012491]},"properties":{"FID":588,"globalid":"c9ee813b-ba59-46ef-ba94-afdb2953719b","uniq_id":2586,"timestamp":"Fri, 02 Feb 2018 00:00:00 GMT","editor":"racheal.olarewaju","scdy_edtor":" ","wardname":"Abba Nashehu","wardcode":"PLSJJN01","lganame":"Jos North","lgacode":"32005","statename":"Plateau","statecode":"PL","source":"GRID","plc_st_nam":"Salisu Adamu Police Station"}},{"type":"Feature","id":589,"geometry":{"type":"Point","coordinates":[8.90716333332125,9.71516333282159]},"properties":{"FID":589,"globalid":"994bdc48-f2c8-424a-9438-ec82e3aaf09a","uniq_id":2585,"timestamp":"Fri, 02 Feb 2018 00:00:00 GMT","editor":"racheal.olarewaju","scdy_edtor":" ","wardname":"Zabot","wardcode":"PLSBLD20","lganame":"Barkin Ladi","lgacode":"32001","statename":"Plateau","statecode":"PL","source":"GRID","plc_st_nam":"Bisichi Police Station"}},{"type":"Feature","id":590,"geometry":{"type":"Point","coordinates":[8.87777070005779,9.94229800005269]},"properties":{"FID":590,"globalid":"c8974681-198f-4a9e-b729-9565145c7585","uniq_id":2584,"timestamp":"Fri, 02 Feb 2018 00:00:00 GMT","editor":"racheal.olarewaju","scdy_edtor":" ","wardname":"Jenta Apata","wardcode":"PLSJJN09","lganame":"Jos North","lgacode":"32005","statename":"Plateau","statecode":"PL","source":"GRID","plc_st_nam":"Laronto Police Station"}},{"type":"Feature","id":591,"geometry":{"type":"Point","coordinates":[8.88906000031881,9.94438500006777]},"properties":{"FID":591,"globalid":"6118b726-3919-4edc-80cd-b60d985705a9","uniq_id":2583,"timestamp":"Fri, 02 Feb 2018 00:00:00 GMT","editor":"racheal.olarewaju","scdy_edtor":" ","wardname":"Angwan Rogo / Rimi","wardcode":"PLSJJN04","lganame":"Jos North","lgacode":"32005","statename":"Plateau","statecode":"PL","source":"GRID","plc_st_nam":"The Nigeria Police Divisional Headquarters Anguwan Rogo"}},{"type":"Feature","id":592,"geometry":{"type":"Point","coordinates":[10.0217283004208,8.9087417001694]},"properties":{"FID":592,"globalid":"264f272e-bc58-4d86-9bbb-ae157675303d","uniq_id":2582,"timestamp":"Fri, 02 Feb 2018 00:00:00 GMT","editor":"racheal.olarewaju","scdy_edtor":" ","wardname":"Kadarko","wardcode":"PLSWAS07","lganame":"Wase","lgacode":"32017","statename":"Plateau","statecode":"PL","source":"GRID","plc_st_nam":"Police Station Kadarko"}},{"type":"Feature","id":593,"geometry":{"type":"Point","coordinates":[9.2149833003391,9.62597000041524]},"properties":{"FID":593,"globalid":"bffa6e6e-3705-4b21-9171-0c8aec8811bb","uniq_id":2581,"timestamp":"Fri, 02 Feb 2018 00:00:00 GMT","editor":"racheal.olarewaju","scdy_edtor":" ","wardname":"Langai","wardcode":"PLSMGU14","lganame":"Mangu","lgacode":"32011","statename":"Plateau","statecode":"PL","source":"GRID","plc_st_nam":"Police Outpost Langai"}},{"type":"Feature","id":594,"geometry":{"type":"Point","coordinates":[9.50853499969054,8.71271833268497]},"properties":{"FID":594,"globalid":"82cf3851-840b-471f-86e1-c275f8128014","uniq_id":2580,"timestamp":"Fri, 02 Feb 2018 00:00:00 GMT","editor":"racheal.olarewaju","scdy_edtor":" ","wardname":"Kalong","wardcode":"PLSSHD04","lganame":"Shendam","lgacode":"32016","statename":"Plateau","statecode":"PL","source":"GRID","plc_st_nam":"Kalong Police Station"}},{"type":"Feature","id":595,"geometry":{"type":"Point","coordinates":[9.45729833305165,8.93677833295374]},"properties":{"FID":595,"globalid":"cc63f3ce-1f88-45be-95ca-27bc084537b9","uniq_id":2579,"timestamp":"Fri, 02 Feb 2018 00:00:00 GMT","editor":"racheal.olarewaju","scdy_edtor":" ","wardname":"Pangshom","wardcode":"PLSSHD13","lganame":"Shendam","lgacode":"32016","statename":"Plateau","statecode":"PL","source":"GRID","plc_st_nam":"Post Nigeria Police Station Gidan Adamu"}},{"type":"Feature","id":596,"geometry":{"type":"Point","coordinates":[9.65910499959608,8.81144999971775]},"properties":{"FID":596,"globalid":"a58d5ae7-e976-4fe9-b8a6-e7cb44cf87e4","uniq_id":2578,"timestamp":"Fri, 02 Feb 2018 00:00:00 GMT","editor":"racheal.olarewaju","scdy_edtor":" ","wardname":"Yelwa East","wardcode":"PLSSHD18","lganame":"Shendam","lgacode":"32016","statename":"Plateau","statecode":"PL","source":"GRID","plc_st_nam":"Yelwa Police Station 2"}},{"type":"Feature","id":597,"geometry":{"type":"Point","coordinates":[9.65909666737736,8.81152000024787]},"properties":{"FID":597,"globalid":"4e67d0f7-19d4-4e94-9aa7-ccd5c99559e9","uniq_id":2576,"timestamp":"Fri, 02 Feb 2018 00:00:00 GMT","editor":"racheal.olarewaju","scdy_edtor":" ","wardname":"Yelwa East","wardcode":"PLSSHD18","lganame":"Shendam","lgacode":"32016","statename":"Plateau","statecode":"PL","source":"GRID","plc_st_nam":"Yelwa Police Station 1"}},{"type":"Feature","id":598,"geometry":{"type":"Point","coordinates":[9.0222849998529,9.85545499994834]},"properties":{"FID":598,"globalid":"3347ad35-aa4d-40f2-97dc-dfb39f03205d","uniq_id":2575,"timestamp":"Fri, 02 Feb 2018 00:00:00 GMT","editor":"racheal.olarewaju","scdy_edtor":" ","wardname":"Fobur A","wardcode":"PLSANW03","lganame":"Jos East","lgacode":"32004","statename":"Plateau","statecode":"PL","source":"GRID","plc_st_nam":"New Fobur Police Station"}},{"type":"Feature","id":599,"geometry":{"type":"Point","coordinates":[9.06607166737359,9.20358833333495]},"properties":{"FID":599,"globalid":"64734602-7baf-40cb-80fe-6fa021b2f1c7","uniq_id":2574,"timestamp":"Fri, 02 Feb 2018 00:00:00 GMT","editor":"racheal.olarewaju","scdy_edtor":" ","wardname":"Mushere North","wardcode":"PLSBKK15","lganame":"Bokkos","lgacode":"32003","statename":"Plateau","statecode":"PL","source":"GRID","plc_st_nam":"Nigerian Police Post Kawel"}},{"type":"Feature","id":600,"geometry":{"type":"Point","coordinates":[9.04727833312865,9.15986166678255]},"properties":{"FID":600,"globalid":"efea897e-0447-445b-b87f-7370d80f0142","uniq_id":2573,"timestamp":"Fri, 02 Feb 2018 00:00:00 GMT","editor":"racheal.olarewaju","scdy_edtor":" ","wardname":"Mushere Central","wardcode":"PLSBKK14","lganame":"Bokkos","lgacode":"32003","statename":"Plateau","statecode":"PL","source":"GRID","plc_st_nam":"Ikngwakap Police Station"}},{"type":"Feature","id":601,"geometry":{"type":"Point","coordinates":[9.96417170026382,9.60950330043704]},"properties":{"FID":601,"globalid":"5413464d-5ed0-446a-a0e1-3d02e1dd89e1","uniq_id":2572,"timestamp":"Fri, 02 Feb 2018 00:00:00 GMT","editor":"racheal.olarewaju","scdy_edtor":" ","wardname":"Gagdi","wardcode":"PLSDNG04","lganame":"Kanam","lgacode":"32007","statename":"Plateau","statecode":"PL","source":"GRID","plc_st_nam":"Anguwan Hakimi Police Station"}},{"type":"Feature","id":602,"geometry":{"type":"Point","coordinates":[8.86704000019591,9.79616333327124]},"properties":{"FID":602,"globalid":"b9298683-40c5-4388-aeaa-c777a16e8849","uniq_id":2571,"timestamp":"Fri, 02 Feb 2018 00:00:00 GMT","editor":"racheal.olarewaju","scdy_edtor":" ","wardname":"Bukuru","wardcode":"PLSBUU01","lganame":"Jos South","lgacode":"32006","statename":"Plateau","statecode":"PL","source":"GRID","plc_st_nam":"Bukuru Police Division"}},{"type":"Feature","id":603,"geometry":{"type":"Point","coordinates":[8.86331833307469,9.9363300000295]},"properties":{"FID":603,"globalid":"a048c095-0b55-489c-9780-63ab9ec5fe76","uniq_id":2570,"timestamp":"Fri, 02 Feb 2018 00:00:00 GMT","editor":"racheal.olarewaju","scdy_edtor":" ","wardname":"Kabong","wardcode":"PLSJJN11","lganame":"Jos North","lgacode":"32005","statename":"Plateau","statecode":"PL","source":"GRID","plc_st_nam":"Alama Police Station"}},{"type":"Feature","id":604,"geometry":{"type":"Point","coordinates":[9.09016499961507,9.28666170007745]},"properties":{"FID":604,"globalid":"3cbac2c3-2747-4ff2-8e2e-ca71a96302e4","uniq_id":2569,"timestamp":"Fri, 02 Feb 2018 00:00:00 GMT","editor":"racheal.olarewaju","scdy_edtor":" ","wardname":"Tangur","wardcode":"PLSBKK19","lganame":"Bokkos","lgacode":"32003","statename":"Plateau","statecode":"PL","source":"GRID","plc_st_nam":"Mushu Police Outpost"}},{"type":"Feature","id":605,"geometry":{"type":"Point","coordinates":[3.61597370072576,7.11624794288832]},"properties":{"FID":605,"globalid":"ea943e43-798b-4b4b-9a5e-1444aaf2d2a1","uniq_id":2444,"timestamp":"Fri, 02 Feb 2018 00:00:00 GMT","editor":"najib.adam","scdy_edtor":" ","wardname":"Obafemi","wardcode":"OGSOBE09","lganame":"Obafemi Owode","lgacode":"28015","statename":"Ogun","statecode":"OG","source":"GRID","plc_st_nam":"Police Post Obafemi"}},{"type":"Feature","id":606,"geometry":{"type":"Point","coordinates":[3.34863488459229,6.67489329658844]},"properties":{"FID":606,"globalid":"f2882411-a85b-4466-84ab-b902cb7edfa7","uniq_id":2443,"timestamp":"Fri, 02 Feb 2018 00:00:00 GMT","editor":"najib.adam","scdy_edtor":" ","wardname":"Akute / Ajuwon","wardcode":"OGSIFO02","lganame":"Ifo","lgacode":"28007","statename":"Ogun","statecode":"OG","source":"GRID","plc_st_nam":"The Nigerian Police Force Ajuwon Division"}},{"type":"Feature","id":607,"geometry":{"type":"Point","coordinates":[8.89375669981189,9.84743000039424]},"properties":{"FID":607,"globalid":"44ab4bf3-27ad-4cd1-b153-bb59e2b05123","uniq_id":2568,"timestamp":"Fri, 02 Feb 2018 00:00:00 GMT","editor":"racheal.olarewaju","scdy_edtor":" ","wardname":"Du B","wardcode":"PLSBUU05","lganame":"Jos South","lgacode":"32006","statename":"Plateau","statecode":"PL","source":"GRID","plc_st_nam":"Fwavei Police Station"}},{"type":"Feature","id":608,"geometry":{"type":"Point","coordinates":[8.87292166710131,9.12454666689518]},"properties":{"FID":608,"globalid":"f71d25f4-5b03-4da6-a031-afd3cfd7c3f4","uniq_id":2567,"timestamp":"Fri, 02 Feb 2018 00:00:00 GMT","editor":"racheal.olarewaju","scdy_edtor":" ","wardname":"Richa","wardcode":"PLSBKK17","lganame":"Bokkos","lgacode":"32003","statename":"Plateau","statecode":"PL","source":"GRID","plc_st_nam":"Richa Police Outposts"}},{"type":"Feature","id":609,"geometry":{"type":"Point","coordinates":[8.67057666727942,9.7062316673576]},"properties":{"FID":609,"globalid":"2fa75cd1-83a1-4150-a57b-55be48af9606","uniq_id":2566,"timestamp":"Fri, 02 Feb 2018 00:00:00 GMT","editor":"racheal.olarewaju","scdy_edtor":" ","wardname":"Bum","wardcode":"PLSRYM02","lganame":"Riyom","lgacode":"32015","statename":"Plateau","statecode":"PL","source":"GRID","plc_st_nam":"Bum Police Station"}},{"type":"Feature","id":610,"geometry":{"type":"Point","coordinates":[9.79032030034165,9.41759839984633]},"properties":{"FID":610,"globalid":"041c9bab-4f75-451d-91a5-9e7a1ca7f4d8","uniq_id":2565,"timestamp":"Fri, 02 Feb 2018 00:00:00 GMT","editor":"racheal.olarewaju","scdy_edtor":" ","wardname":"Gwamlar","wardcode":"PLSDNG09","lganame":"Kanam","lgacode":"32007","statename":"Plateau","statecode":"PL","source":"GRID","plc_st_nam":"Gwamlar Police Station"}},{"type":"Feature","id":611,"geometry":{"type":"Point","coordinates":[8.88855000018242,9.63547499987141]},"properties":{"FID":611,"globalid":"b6cd5ecc-c203-49b9-a61d-3b532d4caaac","uniq_id":2564,"timestamp":"Fri, 02 Feb 2018 00:00:00 GMT","editor":"racheal.olarewaju","scdy_edtor":" ","wardname":"Heipang","wardcode":"PLSBLD04","lganame":"Barkin Ladi","lgacode":"32001","statename":"Plateau","statecode":"PL","source":"GRID","plc_st_nam":"The Nigeria Police Heipang Station"}},{"type":"Feature","id":612,"geometry":{"type":"Point","coordinates":[9.61865829994065,9.36962329997539]},"properties":{"FID":612,"globalid":"6989fc45-f4a4-45a7-8440-f6cb4ca8bdd7","uniq_id":2563,"timestamp":"Fri, 02 Feb 2018 00:00:00 GMT","editor":"racheal.olarewaju","scdy_edtor":" ","wardname":"Kwarip","wardcode":"PLSKWK12","lganame":"Kanke","lgacode":"32008","statename":"Plateau","statecode":"PL","source":"GRID","plc_st_nam":"Police Station Kwal"}},{"type":"Feature","id":613,"geometry":{"type":"Point","coordinates":[8.86974170031925,9.33736169988259]},"properties":{"FID":613,"globalid":"cc8354c6-bd15-4973-9a63-211c0615e251","uniq_id":2562,"timestamp":"Fri, 02 Feb 2018 00:00:00 GMT","editor":"racheal.olarewaju","scdy_edtor":" ","wardname":"Mangor","wardcode":"PLSBKK10","lganame":"Bokkos","lgacode":"32003","statename":"Plateau","statecode":"PL","source":"GRID","plc_st_nam":"Police Outpost Garwaza"}},{"type":"Feature","id":614,"geometry":{"type":"Point","coordinates":[9.11144333334323,10.0384516696089]},"properties":{"FID":614,"globalid":"f2865928-7848-4373-908f-f8ffce178b56","uniq_id":2561,"timestamp":"Fri, 02 Feb 2018 00:00:00 GMT","editor":"racheal.olarewaju","scdy_edtor":" ","wardname":"Maigemu","wardcode":"PLSANW12","lganame":"Jos East","lgacode":"32004","statename":"Plateau","statecode":"PL","source":"GRID","plc_st_nam":"Gada Police Station"}},{"type":"Feature","id":615,"geometry":{"type":"Point","coordinates":[9.70686333317633,8.60991833326455]},"properties":{"FID":615,"globalid":"dcbfdb6d-8aca-4847-a76d-d301acd73672","uniq_id":2560,"timestamp":"Fri, 02 Feb 2018 00:00:00 GMT","editor":"racheal.olarewaju","scdy_edtor":" ","wardname":"Turaki","wardcode":"PLSMBD15","lganame":"Langtang South","lgacode":"32010","statename":"Plateau","statecode":"PL","source":"GRID","plc_st_nam":"Police Station Turaki"}},{"type":"Feature","id":616,"geometry":{"type":"Point","coordinates":[10.0943016703858,9.59889500010422]},"properties":{"FID":616,"globalid":"461787a8-9316-4c20-a5af-92c82b1d5d84","uniq_id":2559,"timestamp":"Fri, 02 Feb 2018 00:00:00 GMT","editor":"racheal.olarewaju","scdy_edtor":" ","wardname":"Kantana","wardcode":"PLSDNG14","lganame":"Kanam","lgacode":"32007","statename":"Plateau","statecode":"PL","source":"GRID","plc_st_nam":"Dogon Ruwa Police Station"}},{"type":"Feature","id":617,"geometry":{"type":"Point","coordinates":[9.91514799988033,9.22659009995317]},"properties":{"FID":617,"globalid":"53ae89f5-e2a4-495d-8a79-87ebc0403fa6","uniq_id":2558,"timestamp":"Fri, 02 Feb 2018 00:00:00 GMT","editor":"racheal.olarewaju","scdy_edtor":" ","wardname":"Namaran","wardcode":"PLSDNG20","lganame":"Kanam","lgacode":"32007","statename":"Plateau","statecode":"PL","source":"GRID","plc_st_nam":"Kafel Police Station"}},{"type":"Feature","id":618,"geometry":{"type":"Point","coordinates":[9.32094999974277,9.09371499964755]},"properties":{"FID":618,"globalid":"02b67230-70c6-49b0-9c38-95e2907fc421","uniq_id":2557,"timestamp":"Fri, 02 Feb 2018 00:00:00 GMT","editor":"racheal.olarewaju","scdy_edtor":" ","wardname":"Doka East","wardcode":"PLSQAP03","lganame":"Qua'An Pan","lgacode":"32014","statename":"Plateau","statecode":"PL","source":"GRID","plc_st_nam":"Dokan Kasuwa Police Station"}},{"type":"Feature","id":619,"geometry":{"type":"Point","coordinates":[9.2201316672427,9.30001833307966]},"properties":{"FID":619,"globalid":"24507ffa-2b18-463c-b387-2d6274ad93e0","uniq_id":2556,"timestamp":"Fri, 02 Feb 2018 00:00:00 GMT","editor":"racheal.olarewaju","scdy_edtor":" ","wardname":"Bwonpe","wardcode":"PLSMGU02","lganame":"Mangu","lgacode":"32011","statename":"Plateau","statecode":"PL","source":"GRID","plc_st_nam":"Bwonpe Police Station"}},{"type":"Feature","id":620,"geometry":{"type":"Point","coordinates":[8.88628833294024,9.88418666658146]},"properties":{"FID":620,"globalid":"c1a6d539-6df7-4ab3-a1fb-257e0ead8478","uniq_id":2555,"timestamp":"Fri, 02 Feb 2018 00:00:00 GMT","editor":"racheal.olarewaju","scdy_edtor":" ","wardname":"Giring","wardcode":"PLSBUU06","lganame":"Jos South","lgacode":"32006","statename":"Plateau","statecode":"PL","source":"GRID","plc_st_nam":"Abattoir Police"}},{"type":"Feature","id":621,"geometry":{"type":"Point","coordinates":[9.6478949997545,8.55879333274618]},"properties":{"FID":621,"globalid":"c9f572fd-20db-430d-875d-0ece1910f0e5","uniq_id":2554,"timestamp":"Fri, 02 Feb 2018 00:00:00 GMT","editor":"racheal.olarewaju","scdy_edtor":" ","wardname":"Kurumbur B","wardcode":"PLSSHD06","lganame":"Shendam","lgacode":"32016","statename":"Plateau","statecode":"PL","source":"GRID","plc_st_nam":"Lakushi Police Station"}},{"type":"Feature","id":622,"geometry":{"type":"Point","coordinates":[9.66035000035231,8.52561000040123]},"properties":{"FID":622,"globalid":"802e9f1f-b192-47e3-8cb0-681d9b688094","uniq_id":2553,"timestamp":"Fri, 02 Feb 2018 00:00:00 GMT","editor":"racheal.olarewaju","scdy_edtor":" ","wardname":"Kurumbur B","wardcode":"PLSSHD06","lganame":"Shendam","lgacode":"32016","statename":"Plateau","statecode":"PL","source":"GRID","plc_st_nam":"Police Station Yamini"}},{"type":"Feature","id":623,"geometry":{"type":"Point","coordinates":[8.94441499985243,9.9122716667041]},"properties":{"FID":623,"globalid":"0d613799-9de2-4c0f-b0ef-de900168c0d8","uniq_id":2552,"timestamp":"Fri, 02 Feb 2018 00:00:00 GMT","editor":"racheal.olarewaju","scdy_edtor":" ","wardname":"Lamingo","wardcode":"PLSJJN12","lganame":"Jos North","lgacode":"32005","statename":"Plateau","statecode":"PL","source":"GRID","plc_st_nam":"Flaming Police Station"}},{"type":"Feature","id":624,"geometry":{"type":"Point","coordinates":[9.69610666718899,8.44327333309792]},"properties":{"FID":624,"globalid":"dd92eac2-6226-4852-a91a-9a599372e49a","uniq_id":2551,"timestamp":"Fri, 02 Feb 2018 00:00:00 GMT","editor":"racheal.olarewaju","scdy_edtor":" ","wardname":"Juban","wardcode":"PLSSHD03","lganame":"Shendam","lgacode":"32016","statename":"Plateau","statecode":"PL","source":"GRID","plc_st_nam":"The Nigerian Police Station Kuka"}},{"type":"Feature","id":625,"geometry":{"type":"Point","coordinates":[9.29840499969106,8.70832000036779]},"properties":{"FID":625,"globalid":"13a7d9b3-2387-4581-8da3-aa087267d2b2","uniq_id":2550,"timestamp":"Fri, 02 Feb 2018 00:00:00 GMT","editor":"racheal.olarewaju","scdy_edtor":" ","wardname":"Kwande Central","wardcode":"PLSQAP10","lganame":"Qua'An Pan","lgacode":"32014","statename":"Plateau","statecode":"PL","source":"GRID","plc_st_nam":"Rural Police Station Kwande"}},{"type":"Feature","id":626,"geometry":{"type":"Point","coordinates":[9.23418999986865,8.71737333331271]},"properties":{"FID":626,"globalid":"6fcbba77-986a-4afe-bd37-5339bb875683","uniq_id":2549,"timestamp":"Fri, 02 Feb 2018 00:00:00 GMT","editor":"racheal.olarewaju","scdy_edtor":" ","wardname":"Kwande Central","wardcode":"PLSQAP10","lganame":"Qua'An Pan","lgacode":"32014","statename":"Plateau","statecode":"PL","source":"GRID","plc_st_nam":"Gidan Dabat Police Station"}},{"type":"Feature","id":627,"geometry":{"type":"Point","coordinates":[3.78730276041409,8.83359742388205]},"properties":{"FID":627,"globalid":"8bad7c41-1852-42a8-af3c-3687870c5707","uniq_id":2547,"timestamp":"Fri, 02 Feb 2018 00:00:00 GMT","editor":"racheal.olarewaju","scdy_edtor":" ","wardname":"Igbope 2","wardcode":"OYSOLE05","lganame":"Orelope","lgacode":"31027","statename":"Oyo","statecode":"OY","source":"GRID","plc_st_nam":"Igbope Police Station"}},{"type":"Feature","id":628,"geometry":{"type":"Point","coordinates":[3.91610838799176,7.60671114780126]},"properties":{"FID":628,"globalid":"bae7d2db-fbc7-4467-944a-ec0ca48b88fb","uniq_id":2546,"timestamp":"Fri, 02 Feb 2018 00:00:00 GMT","editor":"racheal.olarewaju","scdy_edtor":" ","wardname":"Akinyele","wardcode":"OYSAKE01","lganame":"Akinyele","lgacode":"31002","statename":"Oyo","statecode":"OY","source":"GRID","plc_st_nam":"Kara Police Station"}},{"type":"Feature","id":629,"geometry":{"type":"Point","coordinates":[3.92492659768436,7.38434780131001]},"properties":{"FID":629,"globalid":"3269fedb-0f29-4697-9b8b-5756f2a362e4","uniq_id":2545,"timestamp":"Fri, 02 Feb 2018 00:00:00 GMT","editor":"racheal.olarewaju","scdy_edtor":" ","wardname":"Agugu","wardcode":"OYSINE01","lganame":"Ibadan North East","lgacode":"31007","statename":"Oyo","statecode":"OY","source":"GRID","plc_st_nam":"Agugu Police Station"}},{"type":"Feature","id":630,"geometry":{"type":"Point","coordinates":[3.91043499957561,7.53104333298347]},"properties":{"FID":630,"globalid":"7918235e-69ce-437d-bc68-8b8e84ce1198","uniq_id":2543,"timestamp":"Fri, 02 Feb 2018 00:00:00 GMT","editor":"racheal.olarewaju","scdy_edtor":" ","wardname":"Moniya","wardcode":"OYSAKE08","lganame":"Akinyele","lgacode":"31002","statename":"Oyo","statecode":"OY","source":"GRID","plc_st_nam":"Moniya Police Station"}},{"type":"Feature","id":631,"geometry":{"type":"Point","coordinates":[3.76179833342638,7.47264388011104]},"properties":{"FID":631,"globalid":"5d448e19-d0c0-4d16-ae71-8fa41e14ecea","uniq_id":2542,"timestamp":"Fri, 02 Feb 2018 00:00:00 GMT","editor":"racheal.olarewaju","scdy_edtor":" ","wardname":"Ido","wardcode":"OYSIDO07","lganame":"Ido","lgacode":"31014","statename":"Oyo","statecode":"OY","source":"GRID","plc_st_nam":"Ido Divisional Headquarter"}},{"type":"Feature","id":632,"geometry":{"type":"Point","coordinates":[4.12501769860796,7.59597585420238]},"properties":{"FID":632,"globalid":"acea8a7d-922a-4d5b-8a91-60dc099d42fa","uniq_id":2541,"timestamp":"Fri, 02 Feb 2018 00:00:00 GMT","editor":"racheal.olarewaju","scdy_edtor":" ","wardname":"Oyedeji 1","wardcode":"OYSLAU12","lganame":"Lagelu","lgacode":"31020","statename":"Oyo","statecode":"OY","source":"GRID","plc_st_nam":"Ogburo Police Station"}},{"type":"Feature","id":633,"geometry":{"type":"Point","coordinates":[3.91069997222598,7.0876560380957]},"properties":{"FID":633,"globalid":"5488f933-1005-4801-a612-1c7e508af1a8","uniq_id":2540,"timestamp":"Fri, 02 Feb 2018 00:00:00 GMT","editor":"racheal.olarewaju","scdy_edtor":" ","wardname":"Idi Ayunre","wardcode":"OYSOYE05","lganame":"Oluyole","lgacode":"31025","statename":"Oyo","statecode":"OY","source":"GRID","plc_st_nam":"Mamu Police Station"}},{"type":"Feature","id":634,"geometry":{"type":"Point","coordinates":[3.8150744942925,7.3663144400594]},"properties":{"FID":634,"globalid":"13ba421d-c8e8-42e7-a37e-568aa588f032","uniq_id":2539,"timestamp":"Fri, 02 Feb 2018 00:00:00 GMT","editor":"racheal.olarewaju","scdy_edtor":" ","wardname":"Omi Adio","wardcode":"OYSIDO10","lganame":"Ido","lgacode":"31014","statename":"Oyo","statecode":"OY","source":"GRID","plc_st_nam":"Kuola Police Station"}},{"type":"Feature","id":635,"geometry":{"type":"Point","coordinates":[3.90895002102667,7.56027939877526]},"properties":{"FID":635,"globalid":"f9ba1997-198c-4647-9fa9-756471fcb71b","uniq_id":2538,"timestamp":"Fri, 02 Feb 2018 00:00:00 GMT","editor":"racheal.olarewaju","scdy_edtor":" ","wardname":"Moniya","wardcode":"OYSAKE08","lganame":"Akinyele","lgacode":"31002","statename":"Oyo","statecode":"OY","source":"GRID","plc_st_nam":"Rehabilitation Police Station"}},{"type":"Feature","id":636,"geometry":{"type":"Point","coordinates":[3.88103550628364,7.38898207616194]},"properties":{"FID":636,"globalid":"e18be563-cfe7-41f6-8458-f70ff4fa8b0d","uniq_id":2537,"timestamp":"Fri, 02 Feb 2018 00:00:00 GMT","editor":"racheal.olarewaju","scdy_edtor":" ","wardname":"Ekotedo","wardcode":"OYSINW06","lganame":"Ibadan North West","lgacode":"31008","statename":"Oyo","statecode":"OY","source":"GRID","plc_st_nam":"Swift Response Squad"}},{"type":"Feature","id":637,"geometry":{"type":"Point","coordinates":[3.90731336102283,7.39628329234012]},"properties":{"FID":637,"globalid":"09b92dd1-8735-4f77-bc15-6c893781dd0e","uniq_id":2536,"timestamp":"Fri, 02 Feb 2018 00:00:00 GMT","editor":"racheal.olarewaju","scdy_edtor":" ","wardname":"Yemetu","wardcode":"OYSIBN12","lganame":"Ibadan North","lgacode":"31006","statename":"Oyo","statecode":"OY","source":"GRID","plc_st_nam":"Yemeni Police Station"}},{"type":"Feature","id":638,"geometry":{"type":"Point","coordinates":[3.90389909926409,6.95007078084188]},"properties":{"FID":638,"globalid":"71a8ea77-da2c-4b5a-8b93-1fcef4ba4a12","uniq_id":2441,"timestamp":"Fri, 02 Feb 2018 00:00:00 GMT","editor":"najib.adam","scdy_edtor":" ","wardname":"Ago Iwoye 1","wardcode":"OGSIUN01","lganame":"Ijebu North","lgacode":"28009","statename":"Ogun","statecode":"OG","source":"GRID","plc_st_nam":"Mini Campus Police Post"}},{"type":"Feature","id":639,"geometry":{"type":"Point","coordinates":[3.92373514795878,6.93635739667656]},"properties":{"FID":639,"globalid":"2e81a95b-1360-455e-8160-5ca16ce46078","uniq_id":2440,"timestamp":"Fri, 02 Feb 2018 00:00:00 GMT","editor":"najib.adam","scdy_edtor":" ","wardname":"Ago Iwoye 1","wardcode":"OGSIUN01","lganame":"Ijebu North","lgacode":"28009","statename":"Ogun","statecode":"OG","source":"GRID","plc_st_nam":"Abobi Police Station"}},{"type":"Feature","id":640,"geometry":{"type":"Point","coordinates":[3.98806651915459,6.95520971115928]},"properties":{"FID":640,"globalid":"076000fe-5166-4dd1-b7ce-1cbae081cd8a","uniq_id":2439,"timestamp":"Fri, 02 Feb 2018 00:00:00 GMT","editor":"najib.adam","scdy_edtor":" ","wardname":"Obada","wardcode":"OGSIUN06","lganame":"Ijebu North","lgacode":"28009","statename":"Ogun","statecode":"OG","source":"GRID","plc_st_nam":"Top On Police Station"}},{"type":"Feature","id":641,"geometry":{"type":"Point","coordinates":[11.0379083332031,9.15869453472504]},"properties":{"FID":641,"globalid":"b1c8154f-d79b-4393-985d-6828985fd017","uniq_id":2437,"timestamp":"Fri, 02 Feb 2018 00:00:00 GMT","editor":"racheal.olarewaju","scdy_edtor":" ","wardname":"Muri C","wardcode":"TRSKLD11","lganame":"Karim Lamido","lgacode":"35008","statename":"Taraba","statecode":"TA","source":"GRID","plc_st_nam":"Police Station Outpost Didango Old Muri"}},{"type":"Feature","id":642,"geometry":{"type":"Point","coordinates":[3.93674223966269,7.83435274578267]},"properties":{"FID":642,"globalid":"113bafb8-e233-4dd2-9ecf-48446bf19823","uniq_id":2535,"timestamp":"Fri, 02 Feb 2018 00:00:00 GMT","editor":"racheal.olarewaju","scdy_edtor":" ","wardname":"Akeetan","wardcode":"OYSOWT02","lganame":"Oyo West","lgacode":"31030","statename":"Oyo","statecode":"OY","source":"GRID","plc_st_nam":"Durbar Police Station Oyo"}},{"type":"Feature","id":643,"geometry":{"type":"Point","coordinates":[4.02547612012688,7.27995946785518]},"properties":{"FID":643,"globalid":"a41190c0-5bc9-4ebe-9d78-cc72d956481d","uniq_id":2534,"timestamp":"Fri, 02 Feb 2018 00:00:00 GMT","editor":"racheal.olarewaju","scdy_edtor":" ","wardname":"Akanran","wardcode":"OYSONA02","lganame":"Ona Ara","lgacode":"31026","statename":"Oyo","statecode":"OY","source":"GRID","plc_st_nam":"Nigeria Police Station Akanran Head Quarters"}},{"type":"Feature","id":644,"geometry":{"type":"Point","coordinates":[3.91991166679003,7.39657833292375]},"properties":{"FID":644,"globalid":"a327b32f-c598-4f0e-bc7a-597a63044aa0","uniq_id":2533,"timestamp":"Fri, 02 Feb 2018 00:00:00 GMT","editor":"racheal.olarewaju","scdy_edtor":" ","wardname":"Agodi","wardcode":"OYSIBN03","lganame":"Ibadan North","lgacode":"31006","statename":"Oyo","statecode":"OY","source":"GRID","plc_st_nam":"Agodi Gate Police Station"}},{"type":"Feature","id":645,"geometry":{"type":"Point","coordinates":[3.91798499970804,7.39518217231944]},"properties":{"FID":645,"globalid":"22c3cc3c-4355-48b9-827a-b78dd45caa91","uniq_id":2532,"timestamp":"Fri, 02 Feb 2018 00:00:00 GMT","editor":"racheal.olarewaju","scdy_edtor":" ","wardname":"Agodi","wardcode":"OYSIBN03","lganame":"Ibadan North","lgacode":"31006","statename":"Oyo","statecode":"OY","source":"GRID","plc_st_nam":"Idi Ogungun Police Station"}},{"type":"Feature","id":646,"geometry":{"type":"Point","coordinates":[3.84953008224755,7.6292861195588]},"properties":{"FID":646,"globalid":"4ec4721a-b05a-4c62-bd94-015ac00b8255","uniq_id":2530,"timestamp":"Fri, 02 Feb 2018 00:00:00 GMT","editor":"racheal.olarewaju","scdy_edtor":" ","wardname":"Ijaye","wardcode":"OYSAKE04","lganame":"Akinyele","lgacode":"31002","statename":"Oyo","statecode":"OY","source":"GRID","plc_st_nam":"Ijaye Police Station"}},{"type":"Feature","id":647,"geometry":{"type":"Point","coordinates":[3.85890719900806,7.45060326482889]},"properties":{"FID":647,"globalid":"78d29286-c554-4fa2-9b14-2b7b484ac7fb","uniq_id":2529,"timestamp":"Fri, 02 Feb 2018 00:00:00 GMT","editor":"racheal.olarewaju","scdy_edtor":" ","wardname":"Apete","wardcode":"OYSIDO03","lganame":"Ido","lgacode":"31014","statename":"Oyo","statecode":"OY","source":"GRID","plc_st_nam":"Nigeria Security And Civil Defense Corps"}},{"type":"Feature","id":648,"geometry":{"type":"Point","coordinates":[3.21958829986022,8.65075000031231]},"properties":{"FID":648,"globalid":"53fc1764-a2d2-480f-880f-80864e1b5be1","uniq_id":2528,"timestamp":"Fri, 02 Feb 2018 00:00:00 GMT","editor":"racheal.olarewaju","scdy_edtor":" ","wardname":"Ogidigbo","wardcode":"OYSSWT09","lganame":"Saki West","lgacode":"31032","statename":"Oyo","statecode":"OY","source":"GRID","plc_st_nam":"Saki Divisional Police Station"}},{"type":"Feature","id":649,"geometry":{"type":"Point","coordinates":[2.89025781394702,7.86793493105228]},"properties":{"FID":649,"globalid":"6e4a4c64-6761-4125-b37e-b3c3cd48f7ef","uniq_id":2524,"timestamp":"Fri, 02 Feb 2018 00:00:00 GMT","editor":"racheal.olarewaju","scdy_edtor":" ","wardname":"Ijio / Ayegun","wardcode":"OYSIJA05","lganame":"Iwajowa","lgacode":"31018","statename":"Oyo","statecode":"OY","source":"GRID","plc_st_nam":"B Dept Mounted Troop Okooko Outpost"}},{"type":"Feature","id":650,"geometry":{"type":"Point","coordinates":[4.17591325689136,8.24516450164049]},"properties":{"FID":650,"globalid":"44cac6b3-eba0-4e0a-b354-e072d8791204","uniq_id":2523,"timestamp":"Fri, 02 Feb 2018 00:00:00 GMT","editor":"racheal.olarewaju","scdy_edtor":" ","wardname":"Ikoyi Ile","wardcode":"OYSOIE06","lganame":"Ori Ire","lgacode":"31028","statename":"Oyo","statecode":"OY","source":"GRID","plc_st_nam":"Ikoyi Police Station Headquarters"}},{"type":"Feature","id":651,"geometry":{"type":"Point","coordinates":[3.92916718621672,7.40321117475594]},"properties":{"FID":651,"globalid":"b74a0eab-67de-4131-aa5f-a3e24f9c96a6","uniq_id":2522,"timestamp":"Fri, 02 Feb 2018 00:00:00 GMT","editor":"racheal.olarewaju","scdy_edtor":" ","wardname":"Basorun","wardcode":"OYSINE05","lganame":"Ibadan North East","lgacode":"31007","statename":"Oyo","statecode":"OY","source":"GRID","plc_st_nam":"Testing Ground Police Station"}},{"type":"Feature","id":652,"geometry":{"type":"Point","coordinates":[3.90189613369967,7.41921165269565]},"properties":{"FID":652,"globalid":"006f28f4-c187-482f-a4ab-ad9d17816974","uniq_id":2520,"timestamp":"Fri, 02 Feb 2018 00:00:00 GMT","editor":"racheal.olarewaju","scdy_edtor":" ","wardname":"Old Bodija","wardcode":"OYSIBN08","lganame":"Ibadan North","lgacode":"31006","statename":"Oyo","statecode":"OY","source":"GRID","plc_st_nam":"Housing Police Station"}},{"type":"Feature","id":653,"geometry":{"type":"Point","coordinates":[3.90475393364716,7.36806607928617]},"properties":{"FID":653,"globalid":"4427ebc6-bd57-40c1-a16b-6bc597a53117","uniq_id":2519,"timestamp":"Fri, 02 Feb 2018 00:00:00 GMT","editor":"racheal.olarewaju","scdy_edtor":" ","wardname":"Ita-Ege","wardcode":"OYSISE05","lganame":"Ibadan South East","lgacode":"31009","statename":"Oyo","statecode":"OY","source":"GRID","plc_st_nam":"The Nigerian Police Division Headquarters Idi Aro"}},{"type":"Feature","id":654,"geometry":{"type":"Point","coordinates":[3.91693665280434,7.41570837424212]},"properties":{"FID":654,"globalid":"e4ef5b04-1f4c-4432-bf26-43bc16cb9da7","uniq_id":2518,"timestamp":"Fri, 02 Feb 2018 00:00:00 GMT","editor":"racheal.olarewaju","scdy_edtor":" ","wardname":"Bashorun","wardcode":"OYSIBN04","lganame":"Ibadan North","lgacode":"31006","statename":"Oyo","statecode":"OY","source":"GRID","plc_st_nam":"Ikolaba Police Station"}},{"type":"Feature","id":655,"geometry":{"type":"Point","coordinates":[3.9431493714464,7.4335144678185]},"properties":{"FID":655,"globalid":"74520ad7-ac75-42f2-9093-f0de5f1df77b","uniq_id":2517,"timestamp":"Fri, 02 Feb 2018 00:00:00 GMT","editor":"racheal.olarewaju","scdy_edtor":" ","wardname":"Olorunda 1","wardcode":"OYSLAU07","lganame":"Lagelu","lgacode":"31020","statename":"Oyo","statecode":"OY","source":"GRID","plc_st_nam":"Akobo Division"}},{"type":"Feature","id":656,"geometry":{"type":"Point","coordinates":[3.37092237726597,7.99351288281332]},"properties":{"FID":656,"globalid":"3fa2b34e-f06e-4ba0-95cb-d924b1ed5581","uniq_id":2516,"timestamp":"Fri, 02 Feb 2018 00:00:00 GMT","editor":"racheal.olarewaju","scdy_edtor":" ","wardname":"Isemi Ile / Ilua","wardcode":"OYSKAA07","lganame":"Kajola","lgacode":"31019","statename":"Oyo","statecode":"OY","source":"GRID","plc_st_nam":"Ifelodun Police Post Isemi Ile"}},{"type":"Feature","id":657,"geometry":{"type":"Point","coordinates":[3.86756110076425,7.36917107898216]},"properties":{"FID":657,"globalid":"3d9da7e2-a914-472d-ab8d-da6ec47dad5b","uniq_id":2515,"timestamp":"Fri, 02 Feb 2018 00:00:00 GMT","editor":"racheal.olarewaju","scdy_edtor":" ","wardname":"Oke Ado / Liberty","wardcode":"OYSISW09","lganame":"Ibadan South West","lgacode":"31010","statename":"Oyo","statecode":"OY","source":"GRID","plc_st_nam":"Joyce B Police Post"}},{"type":"Feature","id":658,"geometry":{"type":"Point","coordinates":[3.88128997215455,7.42289219921565]},"properties":{"FID":658,"globalid":"cbc3c4b2-2595-4a29-9411-55b9f223f1e6","uniq_id":2514,"timestamp":"Fri, 02 Feb 2018 00:00:00 GMT","editor":"racheal.olarewaju","scdy_edtor":" ","wardname":"Sango","wardcode":"OYSIBN11","lganame":"Ibadan North","lgacode":"31006","statename":"Oyo","statecode":"OY","source":"GRID","plc_st_nam":"Ijokodo Police Station"}},{"type":"Feature","id":659,"geometry":{"type":"Point","coordinates":[3.92985717217078,7.41558726793812]},"properties":{"FID":659,"globalid":"a5625513-58a3-4783-944d-31b50aabce0a","uniq_id":2513,"timestamp":"Fri, 02 Feb 2018 00:00:00 GMT","editor":"racheal.olarewaju","scdy_edtor":" ","wardname":"Bashorun","wardcode":"OYSIBN04","lganame":"Ibadan North","lgacode":"31006","statename":"Oyo","statecode":"OY","source":"GRID","plc_st_nam":"Oluwo Nla Police Station"}},{"type":"Feature","id":660,"geometry":{"type":"Point","coordinates":[3.70922501971893,8.70929666141183]},"properties":{"FID":660,"globalid":"a94eccb3-58ae-4700-84d6-94d7c56b0a2d","uniq_id":2512,"timestamp":"Fri, 02 Feb 2018 00:00:00 GMT","editor":"racheal.olarewaju","scdy_edtor":" ","wardname":"Oke Yidi","wardcode":"OYSSET11","lganame":"Saki East","lgacode":"31031","statename":"Oyo","statecode":"OY","source":"GRID","plc_st_nam":"Station Araromi Ogunsipe"}},{"type":"Feature","id":661,"geometry":{"type":"Point","coordinates":[3.3548027049809,8.03266064217496]},"properties":{"FID":661,"globalid":"7ba54a0c-38b5-4117-9f19-b4ae8e87bf95","uniq_id":2511,"timestamp":"Fri, 02 Feb 2018 00:00:00 GMT","editor":"racheal.olarewaju","scdy_edtor":" ","wardname":"Isia","wardcode":"OYSKAA08","lganame":"Kajola","lgacode":"31019","statename":"Oyo","statecode":"OY","source":"GRID","plc_st_nam":"Police Station"}},{"type":"Feature","id":662,"geometry":{"type":"Point","coordinates":[3.94535166724569,7.41624499970703]},"properties":{"FID":662,"globalid":"9c01800a-6262-40c5-9ed6-98663344147c","uniq_id":2510,"timestamp":"Fri, 02 Feb 2018 00:00:00 GMT","editor":"racheal.olarewaju","scdy_edtor":" ","wardname":"Monatan / Iyanachurch","wardcode":"OYSLAU05","lganame":"Lagelu","lgacode":"31020","statename":"Oyo","statecode":"OY","source":"GRID","plc_st_nam":"Jonku Police Station"}},{"type":"Feature","id":663,"geometry":{"type":"Point","coordinates":[3.94681167971527,7.37802455019289]},"properties":{"FID":663,"globalid":"a0ec9e0c-77dc-4775-9bf6-dcf2eb4b77c4","uniq_id":2509,"timestamp":"Fri, 02 Feb 2018 00:00:00 GMT","editor":"racheal.olarewaju","scdy_edtor":" ","wardname":"Alakia","wardcode":"OYSEGA02","lganame":"Egbeda","lgacode":"31005","statename":"Oyo","statecode":"OY","source":"GRID","plc_st_nam":"The Nigerian Police Station Kobolese Idi Osan"}},{"type":"Feature","id":664,"geometry":{"type":"Point","coordinates":[3.40643631978037,8.65216699640979]},"properties":{"FID":664,"globalid":"9f67e2ea-2fbe-4ec7-902e-cd597dbc909a","uniq_id":2508,"timestamp":"Fri, 02 Feb 2018 00:00:00 GMT","editor":"racheal.olarewaju","scdy_edtor":" ","wardname":"Ajegunle","wardcode":"OYSSWT03","lganame":"Saki West","lgacode":"31032","statename":"Oyo","statecode":"OY","source":"GRID","plc_st_nam":"Nigeria Police Area Command Office Saki"}},{"type":"Feature","id":665,"geometry":{"type":"Point","coordinates":[3.34952166739106,8.08937333291306]},"properties":{"FID":665,"globalid":"3b6cd426-50e7-4ea4-9246-1e148a150c57","uniq_id":2507,"timestamp":"Fri, 02 Feb 2018 00:00:00 GMT","editor":"racheal.olarewaju","scdy_edtor":" ","wardname":"Elero","wardcode":"OYSKAA02","lganame":"Kajola","lgacode":"31019","statename":"Oyo","statecode":"OY","source":"GRID","plc_st_nam":"Nigeria Police Force Divisional Headquarters Ilero"}},{"type":"Feature","id":666,"geometry":{"type":"Point","coordinates":[3.50756156121713,8.12101292230858]},"properties":{"FID":666,"globalid":"f0da52c1-65cc-491f-b0e7-24b330038eaf","uniq_id":2506,"timestamp":"Fri, 02 Feb 2018 00:00:00 GMT","editor":"racheal.olarewaju","scdy_edtor":" ","wardname":"Ipapo","wardcode":"OYSIWU03","lganame":"Itesiwaju","lgacode":"31017","statename":"Oyo","statecode":"OY","source":"GRID","plc_st_nam":"Ipapo House Police Station"}},{"type":"Feature","id":667,"geometry":{"type":"Point","coordinates":[3.39605131931296,8.67129691811834]},"properties":{"FID":667,"globalid":"9ed014d1-e4e0-4025-a827-d5fe60306bde","uniq_id":2505,"timestamp":"Fri, 02 Feb 2018 00:00:00 GMT","editor":"racheal.olarewaju","scdy_edtor":" ","wardname":"Oke Oro","wardcode":"OYSSWT10","lganame":"Saki West","lgacode":"31032","statename":"Oyo","statecode":"OY","source":"GRID","plc_st_nam":"Nigeria Police Force Divisional Headquarter Saki"}},{"type":"Feature","id":668,"geometry":{"type":"Point","coordinates":[9.65911166716973,8.81137666719945]},"properties":{"FID":668,"globalid":"ca20dd35-f79c-4c10-b643-445d56130d7b","uniq_id":2577,"timestamp":"Fri, 02 Feb 2018 00:00:00 GMT","editor":"racheal.olarewaju","scdy_edtor":" ","wardname":"Yelwa East","wardcode":"PLSSHD18","lganame":"Shendam","lgacode":"32016","statename":"Plateau","statecode":"PL","source":"GRID","plc_st_nam":"Yelwa Police Station"}},{"type":"Feature","id":669,"geometry":{"type":"Point","coordinates":[3.91219338012047,7.46801674137959]},"properties":{"FID":669,"globalid":"724a4e53-8725-44fa-8885-f540d01c09e5","uniq_id":2527,"timestamp":"Fri, 02 Feb 2018 00:00:00 GMT","editor":"racheal.olarewaju","scdy_edtor":" ","wardname":"Ojoo","wardcode":"OYSAKE09","lganame":"Akinyele","lgacode":"31002","statename":"Oyo","statecode":"OY","source":"GRID","plc_st_nam":"Ojoo Police Station"}},{"type":"Feature","id":670,"geometry":{"type":"Point","coordinates":[3.91443723988675,7.45537114835986]},"properties":{"FID":670,"globalid":"a5e73469-63ab-4ef9-9328-680ad12a93a2","uniq_id":2526,"timestamp":"Fri, 02 Feb 2018 00:00:00 GMT","editor":"racheal.olarewaju","scdy_edtor":" ","wardname":"Ojoo","wardcode":"OYSAKE09","lganame":"Akinyele","lgacode":"31002","statename":"Oyo","statecode":"OY","source":"GRID","plc_st_nam":"Orogun Police Station"}},{"type":"Feature","id":671,"geometry":{"type":"Point","coordinates":[2.74335109987339,7.56577540041445]},"properties":{"FID":671,"globalid":"3694ba7f-89ad-4fe5-8527-15293454197d","uniq_id":2486,"timestamp":"Fri, 02 Feb 2018 00:00:00 GMT","editor":"najib.adam","scdy_edtor":" ","wardname":"Iwoye","wardcode":"OGSION08","lganame":"Imeko Afon","lgacode":"28013","statename":"Ogun","statecode":"OG","source":"GRID","plc_st_nam":"Police Post Iwoye Ketu"}},{"type":"Feature","id":672,"geometry":{"type":"Point","coordinates":[3.38646195355636,6.46425444128948]},"properties":{"FID":672,"globalid":"551e1211-0b58-4668-b1b8-6457cbda8aa4","uniq_id":2436,"timestamp":"Fri, 02 Feb 2018 00:00:00 GMT","editor":"racheal.olarewaju","scdy_edtor":" ","wardname":"Idumoyingbo","wardcode":"LASLID08","lganame":"Lagos Island","lgacode":"25020","statename":"Lagos","statecode":"LA","source":"GRID","plc_st_nam":"Ebute Ero Police Station"}},{"type":"Feature","id":673,"geometry":{"type":"Point","coordinates":[3.32059660514926,6.56155431118259]},"properties":{"FID":673,"globalid":"e63c2e17-a2d7-4ca7-9d89-31117a57baa3","uniq_id":2435,"timestamp":"Fri, 02 Feb 2018 00:00:00 GMT","editor":"racheal.olarewaju","scdy_edtor":" ","wardname":"Ilamoshe","wardcode":"LASOIO12","lganame":"Oshodi/Isolo","lgacode":"25016","statename":"Lagos","statecode":"LA","source":"GRID","plc_st_nam":"Area A West Airport Command HQ"}},{"type":"Feature","id":674,"geometry":{"type":"Point","coordinates":[8.88888829995511,9.92705169987607]},"properties":{"FID":674,"globalid":"4f4228c6-995b-4870-aa60-d91314d10286","uniq_id":2432,"timestamp":"Fri, 02 Feb 2018 00:00:00 GMT","editor":"racheal.olarewaju","scdy_edtor":" ","wardname":"Ibrahim Katsina","wardcode":"PLSJJN07","lganame":"Jos North","lgacode":"32005","statename":"Plateau","statecode":"PL","source":"GRID","plc_st_nam":"C Divisional Police Head Quarter Jos The Nigerian Police Force Masallacin Jummaa"}},{"type":"Feature","id":675,"geometry":{"type":"Point","coordinates":[10.9681950897316,7.85644867836385]},"properties":{"FID":675,"globalid":"d5bfa94d-a508-4f9a-baaa-07d603f84bf5","uniq_id":2934,"timestamp":"Fri, 02 Feb 2018 00:00:00 GMT","editor":"racheal.olarewaju","scdy_edtor":" ","wardname":"Bali A","wardcode":"TRSBAL01","lganame":"Bali","lgacode":"35002","statename":"Taraba","statecode":"TA","source":"GRID","plc_st_nam":"Police Station 4"}},{"type":"Feature","id":676,"geometry":{"type":"Point","coordinates":[2.82751474890659,7.446656113389]},"properties":{"FID":676,"globalid":"306a735a-6cdf-483f-91a2-de1d54372030","uniq_id":3246,"timestamp":"Fri, 02 Feb 2018 00:00:00 GMT","editor":"najib.adam","scdy_edtor":" ","wardname":"Imeko","wardcode":"OGSION07","lganame":"Imeko Afon","lgacode":"28013","statename":"Ogun","statecode":"OG","source":"GRID","plc_st_nam":"Police Station Idofa"}},{"type":"Feature","id":677,"geometry":{"type":"Point","coordinates":[4.70682333323032,7.96593166671312]},"properties":{"FID":677,"globalid":"2b22d111-5fe8-4f55-9613-b4a600499c03","uniq_id":2774,"timestamp":"Fri, 02 Feb 2018 00:00:00 GMT","editor":"racheal.olarewaju","scdy_edtor":" ","wardname":"Iba 1","wardcode":"OSSIDN05","lganame":"Ifelodun","lgacode":"30016","statename":"Osun","statecode":"OS","source":"GRID","plc_st_nam":"Iba Police Station"}},{"type":"Feature","id":678,"geometry":{"type":"Point","coordinates":[4.92413333338669,7.48533999974126]},"properties":{"FID":678,"globalid":"13f8d502-c1e0-4d0d-8454-7c91bc4592ab","uniq_id":2769,"timestamp":"Fri, 02 Feb 2018 00:00:00 GMT","editor":"racheal.olarewaju","scdy_edtor":" ","wardname":"Ikeji Ira","wardcode":"OSSOIE08","lganame":"Oriade","lgacode":"30028","statename":"Osun","statecode":"OS","source":"GRID","plc_st_nam":"Ikeji Ile Police Station"}},{"type":"Feature","id":679,"geometry":{"type":"Point","coordinates":[4.72745166666112,7.93850833289332]},"properties":{"FID":679,"globalid":"48665792-3cab-464d-9e3c-f42bac7f12f6","uniq_id":2768,"timestamp":"Fri, 02 Feb 2018 00:00:00 GMT","editor":"racheal.olarewaju","scdy_edtor":" ","wardname":"Oke-Aree","wardcode":"OSSBOE08","lganame":"Boripe","lgacode":"30006","statename":"Osun","statecode":"OS","source":"GRID","plc_st_nam":"Police Station Iree"}},{"type":"Feature","id":680,"geometry":{"type":"Point","coordinates":[5.00868833320004,7.40023333330174]},"properties":{"FID":680,"globalid":"eb31c24a-e4cc-4c3b-8772-95276bca768c","uniq_id":2767,"timestamp":"Fri, 02 Feb 2018 00:00:00 GMT","editor":"racheal.olarewaju","scdy_edtor":" ","wardname":"Isarun / Owena","wardcode":"ODSIDE10","lganame":"Ifedore","lgacode":"29009","statename":"Ondo","statecode":"ON","source":"GRID","plc_st_nam":"Owena Police Station"}},{"type":"Feature","id":681,"geometry":{"type":"Point","coordinates":[4.76238499966803,7.46383666732839]},"properties":{"FID":681,"globalid":"c921021b-8a73-42df-a0ce-a0e5f7fb8a53","uniq_id":2766,"timestamp":"Fri, 02 Feb 2018 00:00:00 GMT","editor":"racheal.olarewaju","scdy_edtor":" ","wardname":"Igangan","wardcode":"OSSAME05","lganame":"Atakunmosa East","lgacode":"30003","statename":"Osun","statecode":"OS","source":"GRID","plc_st_nam":"The Nigeria Police Ajido"}},{"type":"Feature","id":682,"geometry":{"type":"Point","coordinates":[4.60725499991838,7.84784500014666]},"properties":{"FID":682,"globalid":"34d64357-8440-49d6-98d4-93b900de96d8","uniq_id":2764,"timestamp":"Fri, 02 Feb 2018 00:00:00 GMT","editor":"racheal.olarewaju","scdy_edtor":" ","wardname":"Oba-Oke","wardcode":"OSSOLA05","lganame":"Olorunda","lgacode":"30027","statename":"Osun","statecode":"OS","source":"GRID","plc_st_nam":"Dagjolu Ataoja Police Post"}},{"type":"Feature","id":683,"geometry":{"type":"Point","coordinates":[11.1409433299708,10.290824999774]},"properties":{"FID":683,"globalid":"b4a6762f-4b69-4ca2-ac56-8c8f8dfdfe9c","uniq_id":2763,"timestamp":"Fri, 02 Feb 2018 00:00:00 GMT","editor":"racheal.olarewaju","scdy_edtor":" ","wardname":"Ajiya","wardcode":"GMSGME01","lganame":"Gombe","lgacode":"16006","statename":"Gombe","statecode":"GO","source":"GRID","plc_st_nam":"State Headquarters Nigerian Police Force"}},{"type":"Feature","id":684,"geometry":{"type":"Point","coordinates":[9.25647000029034,8.94167169978914]},"properties":{"FID":684,"globalid":"b70b1c36-3e3e-4f53-91c2-4ab7f318b043","uniq_id":2762,"timestamp":"Fri, 02 Feb 2018 00:00:00 GMT","editor":"racheal.olarewaju","scdy_edtor":" ","wardname":"Yitlaar","wardcode":"PLSQAP20","lganame":"Qua'An Pan","lgacode":"32014","statename":"Plateau","statecode":"PL","source":"GRID","plc_st_nam":"Quan An Pan Police Station"}},{"type":"Feature","id":685,"geometry":{"type":"Point","coordinates":[8.89059666740235,9.92068166692542]},"properties":{"FID":685,"globalid":"730267a9-dbdf-4b12-956d-8ba3115111ba","uniq_id":2761,"timestamp":"Fri, 02 Feb 2018 00:00:00 GMT","editor":"racheal.olarewaju","scdy_edtor":" ","wardname":"Vandapuye","wardcode":"PLSJJN20","lganame":"Jos North","lgacode":"32005","statename":"Plateau","statecode":"PL","source":"GRID","plc_st_nam":"Jos Main Market Police Station"}},{"type":"Feature","id":686,"geometry":{"type":"Point","coordinates":[8.90057499983641,9.93019000016841]},"properties":{"FID":686,"globalid":"0cfd5fc0-c49c-4472-ab7d-f876c8c5fbd8","uniq_id":2760,"timestamp":"Fri, 02 Feb 2018 00:00:00 GMT","editor":"racheal.olarewaju","scdy_edtor":" ","wardname":"Naraguta B","wardcode":"PLSJJN15","lganame":"Jos North","lgacode":"32005","statename":"Plateau","statecode":"PL","source":"GRID","plc_st_nam":"Nasarawa Gwang Division"}},{"type":"Feature","id":687,"geometry":{"type":"Point","coordinates":[9.10584670026503,9.99027669990983]},"properties":{"FID":687,"globalid":"3e17252d-548b-4ee1-bf2f-06e03023cde7","uniq_id":2759,"timestamp":"Fri, 02 Feb 2018 00:00:00 GMT","editor":"racheal.olarewaju","scdy_edtor":" ","wardname":"Jarawa Kogi A","wardcode":"PLSANW10","lganame":"Jos East","lgacode":"32004","statename":"Plateau","statecode":"PL","source":"GRID","plc_st_nam":"Angware Division Head Quarter"}},{"type":"Feature","id":688,"geometry":{"type":"Point","coordinates":[8.88149833328151,9.87308833286033]},"properties":{"FID":688,"globalid":"36ea50e6-773a-444a-ab2d-eb1334ed45d8","uniq_id":2758,"timestamp":"Fri, 02 Feb 2018 00:00:00 GMT","editor":"racheal.olarewaju","scdy_edtor":" ","wardname":"Giring","wardcode":"PLSBUU06","lganame":"Jos South","lgacode":"32006","statename":"Plateau","statecode":"PL","source":"GRID","plc_st_nam":"The Nigerian Police Divisional Headquarters Anglo Jos"}},{"type":"Feature","id":689,"geometry":{"type":"Point","coordinates":[9.2900266672969,8.61182166743606]},"properties":{"FID":689,"globalid":"19b4e04b-e30f-4fa9-a157-8b11192f9b98","uniq_id":2757,"timestamp":"Fri, 02 Feb 2018 00:00:00 GMT","editor":"racheal.olarewaju","scdy_edtor":" ","wardname":"Luukwu","wardcode":"PLSQAP16","lganame":"Qua'An Pan","lgacode":"32014","statename":"Plateau","statecode":"PL","source":"GRID","plc_st_nam":"Bakin Chiyawa Police Post"}},{"type":"Feature","id":690,"geometry":{"type":"Point","coordinates":[3.84857161988441,9.08293499985041]},"properties":{"FID":690,"globalid":"ebe2cd5f-d4ed-4968-8be9-fd139e928321","uniq_id":2755,"timestamp":"Fri, 02 Feb 2018 00:00:00 GMT","editor":"racheal.olarewaju","scdy_edtor":" ","wardname":"Laha / Ajana","wardcode":"OYSIRO10","lganame":"Irepo","lgacode":"31015","statename":"Oyo","statecode":"OY","source":"GRID","plc_st_nam":"The Divisional Headquarter"}},{"type":"Feature","id":691,"geometry":{"type":"Point","coordinates":[3.5723805322358,7.98354006861933]},"properties":{"FID":691,"globalid":"7022f98a-7b07-4788-8e77-03993169024b","uniq_id":2754,"timestamp":"Fri, 02 Feb 2018 00:00:00 GMT","editor":"racheal.olarewaju","scdy_edtor":" ","wardname":"Oke Ola","wardcode":"OYSISN11","lganame":"Iseyin","lgacode":"31016","statename":"Oyo","statecode":"OY","source":"GRID","plc_st_nam":"Nigeria Civil Defence Corps"}},{"type":"Feature","id":692,"geometry":{"type":"Point","coordinates":[3.96987170801299,7.38901841506782]},"properties":{"FID":692,"globalid":"bba7145b-d774-4b11-ad6a-cbf1721ac0b2","uniq_id":2753,"timestamp":"Fri, 02 Feb 2018 00:00:00 GMT","editor":"racheal.olarewaju","scdy_edtor":" ","wardname":"Alakia","wardcode":"OYSEGA02","lganame":"Egbeda","lgacode":"31005","statename":"Oyo","statecode":"OY","source":"GRID","plc_st_nam":"Air Force Police Station"}},{"type":"Feature","id":693,"geometry":{"type":"Point","coordinates":[3.90903222715559,7.8500304651339]},"properties":{"FID":693,"globalid":"3fc061da-8cbb-4d64-9204-7d4dd7407514","uniq_id":2752,"timestamp":"Fri, 02 Feb 2018 00:00:00 GMT","editor":"racheal.olarewaju","scdy_edtor":" ","wardname":"Iseke","wardcode":"OYSOWT04","lganame":"Oyo West","lgacode":"31030","statename":"Oyo","statecode":"OY","source":"GRID","plc_st_nam":"Ojongbodu Police Station"}},{"type":"Feature","id":694,"geometry":{"type":"Point","coordinates":[3.60726105165628,7.96631439929013]},"properties":{"FID":694,"globalid":"7604cda2-33fb-411d-9242-eff75e09791b","uniq_id":2751,"timestamp":"Fri, 02 Feb 2018 00:00:00 GMT","editor":"racheal.olarewaju","scdy_edtor":" ","wardname":"Oke Ola","wardcode":"OYSISN11","lganame":"Iseyin","lgacode":"31016","statename":"Oyo","statecode":"OY","source":"GRID","plc_st_nam":"Iseyin Police Station"}},{"type":"Feature","id":695,"geometry":{"type":"Point","coordinates":[4.3813122401678,8.3116243172085]},"properties":{"FID":695,"globalid":"b9c8d17c-e55e-471b-8efb-83b1ffc59741","uniq_id":2750,"timestamp":"Fri, 02 Feb 2018 00:00:00 GMT","editor":"racheal.olarewaju","scdy_edtor":" ","wardname":"Olorunda","wardcode":"OYSOIE08","lganame":"Ori Ire","lgacode":"31028","statename":"Oyo","statecode":"OY","source":"GRID","plc_st_nam":"The Nigeria Police Divisional Headquarters Otte"}},{"type":"Feature","id":696,"geometry":{"type":"Point","coordinates":[3.85816625656753,7.24058784205533]},"properties":{"FID":696,"globalid":"3db7db53-4cb4-4129-b3a9-faab5aa46038","uniq_id":2749,"timestamp":"Fri, 02 Feb 2018 00:00:00 GMT","editor":"racheal.olarewaju","scdy_edtor":" ","wardname":"Onipe","wardcode":"OYSOYE09","lganame":"Oluyole","lgacode":"31025","statename":"Oyo","statecode":"OY","source":"GRID","plc_st_nam":"The Nigeria Police Idi Ayunre Division"}},{"type":"Feature","id":697,"geometry":{"type":"Point","coordinates":[3.87358342883221,7.32167184368069]},"properties":{"FID":697,"globalid":"acc492a1-0bf1-4f67-bdcd-617086b1ca4a","uniq_id":2748,"timestamp":"Fri, 02 Feb 2018 00:00:00 GMT","editor":"racheal.olarewaju","scdy_edtor":" ","wardname":"Onipe","wardcode":"OYSOYE09","lganame":"Oluyole","lgacode":"31025","statename":"Oyo","statecode":"OY","source":"GRID","plc_st_nam":"The Nigeria Police Station Toll Gate Ibadan"}},{"type":"Feature","id":698,"geometry":{"type":"Point","coordinates":[3.80424719914896,7.63876065627932]},"properties":{"FID":698,"globalid":"73f70f61-7447-443e-a2ea-dfc2df81814a","uniq_id":2747,"timestamp":"Fri, 02 Feb 2018 00:00:00 GMT","editor":"racheal.olarewaju","scdy_edtor":" ","wardname":"Imini / Abanti","wardcode":"OYSAFO09","lganame":"Afijio","lgacode":"31001","statename":"Oyo","statecode":"OY","source":"GRID","plc_st_nam":"Alaseyori Police Station"}},{"type":"Feature","id":699,"geometry":{"type":"Point","coordinates":[3.29984322368585,7.44008128412401]},"properties":{"FID":699,"globalid":"0fd30a8e-c0a1-4d7d-b5ea-88186e8e5361","uniq_id":2746,"timestamp":"Fri, 02 Feb 2018 00:00:00 GMT","editor":"racheal.olarewaju","scdy_edtor":" ","wardname":"Igbole","wardcode":"OYSICL03","lganame":"Ibarapa Central","lgacode":"31011","statename":"Oyo","statecode":"OY","source":"GRID","plc_st_nam":"Onimangoro Police Station"}},{"type":"Feature","id":700,"geometry":{"type":"Point","coordinates":[3.28710825873918,7.43680549907458]},"properties":{"FID":700,"globalid":"ff71d4a2-cba0-40f6-af35-0a7b59bf4a5a","uniq_id":2745,"timestamp":"Fri, 02 Feb 2018 00:00:00 GMT","editor":"racheal.olarewaju","scdy_edtor":" ","wardname":"Okeserin","wardcode":"OYSICL08","lganame":"Ibarapa Central","lgacode":"31011","statename":"Oyo","statecode":"OY","source":"GRID","plc_st_nam":"Igboora Police Station"}},{"type":"Feature","id":701,"geometry":{"type":"Point","coordinates":[3.44946680315047,7.60652286933498]},"properties":{"FID":701,"globalid":"db13018e-a1c0-4e3f-b7c6-b0a37d7ca494","uniq_id":2744,"timestamp":"Fri, 02 Feb 2018 00:00:00 GMT","editor":"racheal.olarewaju","scdy_edtor":" ","wardname":"Isale Togun","wardcode":"OYSIBE04","lganame":"Ibarapa East","lgacode":"31012","statename":"Oyo","statecode":"OY","source":"GRID","plc_st_nam":"The Nigeria Police Force Divisional Headquarter Lanlate"}},{"type":"Feature","id":702,"geometry":{"type":"Point","coordinates":[3.34424493125863,8.03625952215924]},"properties":{"FID":702,"globalid":"22513700-39a3-419b-be6d-b95b4ac6e97a","uniq_id":2743,"timestamp":"Fri, 02 Feb 2018 00:00:00 GMT","editor":"racheal.olarewaju","scdy_edtor":" ","wardname":"Isia","wardcode":"OYSKAA08","lganame":"Kajola","lgacode":"31019","statename":"Oyo","statecode":"OY","source":"GRID","plc_st_nam":"The Nigeria Police Divisional Headquarters"}},{"type":"Feature","id":703,"geometry":{"type":"Point","coordinates":[3.87401322383124,7.38393732284919]},"properties":{"FID":703,"globalid":"d613c47c-b6a4-43b8-8a93-efcb6c3d32d9","uniq_id":2525,"timestamp":"Fri, 02 Feb 2018 00:00:00 GMT","editor":"racheal.olarewaju","scdy_edtor":" ","wardname":"Alesinloye","wardcode":"OYSISW02","lganame":"Ibadan South West","lgacode":"31010","statename":"Oyo","statecode":"OY","source":"GRID","plc_st_nam":"Iyaganku Police Station"}},{"type":"Feature","id":704,"geometry":{"type":"Point","coordinates":[3.41605578494659,8.48858601882978]},"properties":{"FID":704,"globalid":"591f0747-daa3-4c40-bc4f-e19bd191c4e5","uniq_id":2740,"timestamp":"Fri, 02 Feb 2018 00:00:00 GMT","editor":"racheal.olarewaju","scdy_edtor":" ","wardname":"Ofiki","wardcode":"OYSATIB08","lganame":"Atisbo","lgacode":"31004","statename":"Oyo","statecode":"OY","source":"GRID","plc_st_nam":"Ago Are Police Post"}},{"type":"Feature","id":705,"geometry":{"type":"Point","coordinates":[3.4459713209198,8.55352335861613]},"properties":{"FID":705,"globalid":"49798ce9-aa6b-4e16-834a-9ba7b0d3ef65","uniq_id":2739,"timestamp":"Fri, 02 Feb 2018 00:00:00 GMT","editor":"racheal.olarewaju","scdy_edtor":" ","wardname":"Ajegunle","wardcode":"OYSSWT03","lganame":"Saki West","lgacode":"31032","statename":"Oyo","statecode":"OY","source":"GRID","plc_st_nam":"Tede Police Station"}},{"type":"Feature","id":706,"geometry":{"type":"Point","coordinates":[3.87006897540294,7.33784833333397]},"properties":{"FID":706,"globalid":"916d3c08-eb2d-45e5-a227-81345b33d265","uniq_id":2738,"timestamp":"Fri, 02 Feb 2018 00:00:00 GMT","editor":"racheal.olarewaju","scdy_edtor":" ","wardname":"Onipe","wardcode":"OYSOYE09","lganame":"Oluyole","lgacode":"31025","statename":"Oyo","statecode":"OY","source":"GRID","plc_st_nam":"The Nigeria Police Division Headquarter Challenge"}},{"type":"Feature","id":707,"geometry":{"type":"Point","coordinates":[3.86444833312413,9.2142816672652]},"properties":{"FID":707,"globalid":"cc2cb97c-56d0-4413-aba4-fb16686b0b57","uniq_id":2737,"timestamp":"Fri, 02 Feb 2018 00:00:00 GMT","editor":"racheal.olarewaju","scdy_edtor":" ","wardname":"Gwaria","wardcode":"KWSKMA05","lganame":"Kaiama","lgacode":"24011","statename":"Kwara","statecode":"KW","source":"GRID","plc_st_nam":"Moshe Gada Police Station"}},{"type":"Feature","id":708,"geometry":{"type":"Point","coordinates":[3.85674000015092,9.39288000011197]},"properties":{"FID":708,"globalid":"410eb965-f861-4823-b67c-89fe14efb7e4","uniq_id":2736,"timestamp":"Fri, 02 Feb 2018 00:00:00 GMT","editor":"racheal.olarewaju","scdy_edtor":" ","wardname":"Gwaria","wardcode":"KWSKMA05","lganame":"Kaiama","lgacode":"24011","statename":"Kwara","statecode":"KW","source":"GRID","plc_st_nam":"Gwaria Police Station Gwaria"}},{"type":"Feature","id":709,"geometry":{"type":"Point","coordinates":[3.36615500005325,9.82298333261474]},"properties":{"FID":709,"globalid":"4e39854e-a47a-4013-a5ae-c34c457c45da","uniq_id":2735,"timestamp":"Fri, 02 Feb 2018 00:00:00 GMT","editor":"racheal.olarewaju","scdy_edtor":" ","wardname":"Yashikira 1","wardcode":"KWSKSB10","lganame":"Baruten","lgacode":"24002","statename":"Kwara","statecode":"KW","source":"GRID","plc_st_nam":"The Nigeria Police out post Chikanda"}},{"type":"Feature","id":710,"geometry":{"type":"Point","coordinates":[3.3947033326927,9.76969333298098]},"properties":{"FID":710,"globalid":"f5a47476-f148-4e25-8211-f690f6895840","uniq_id":2734,"timestamp":"Fri, 02 Feb 2018 00:00:00 GMT","editor":"racheal.olarewaju","scdy_edtor":" ","wardname":"Yashikira 1","wardcode":"KWSKSB10","lganame":"Baruten","lgacode":"24002","statename":"Kwara","statecode":"KW","source":"GRID","plc_st_nam":"Yashikira police station HQ"}},{"type":"Feature","id":711,"geometry":{"type":"Point","coordinates":[3.41217800001476,7.18415770031766]},"properties":{"FID":711,"globalid":"0ec50a4b-cbe8-4a74-b426-130cf6966fd1","uniq_id":2732,"timestamp":"Fri, 02 Feb 2018 00:00:00 GMT","editor":"racheal.olarewaju","scdy_edtor":" ","wardname":"Obantoto","wardcode":"OGSODA05","lganame":"Odeda","lgacode":"28016","statename":"Ogun","statecode":"OG","source":"GRID","plc_st_nam":"Police Barracks Eleweran"}},{"type":"Feature","id":712,"geometry":{"type":"Point","coordinates":[3.27935280039145,6.77560149990933]},"properties":{"FID":712,"globalid":"e7341844-3e9c-48b4-98a6-21241ee1b862","uniq_id":2730,"timestamp":"Fri, 02 Feb 2018 00:00:00 GMT","editor":"racheal.olarewaju","scdy_edtor":" ","wardname":"Ososun","wardcode":"OGSIFO10","lganame":"Ifo","lgacode":"28007","statename":"Ogun","statecode":"OG","source":"GRID","plc_st_nam":"Police Post"}},{"type":"Feature","id":713,"geometry":{"type":"Point","coordinates":[3.42618340034369,6.86436200030613]},"properties":{"FID":713,"globalid":"e28943b0-a730-4910-bc5f-8ea9de9414be","uniq_id":2728,"timestamp":"Fri, 02 Feb 2018 00:00:00 GMT","editor":"racheal.olarewaju","scdy_edtor":" ","wardname":"Ofada","wardcode":"OGSOBE10","lganame":"Obafemi Owode","lgacode":"28015","statename":"Ogun","statecode":"OG","source":"GRID","plc_st_nam":"Ofada Police Post"}},{"type":"Feature","id":714,"geometry":{"type":"Point","coordinates":[2.74249096488614,6.63252267458182]},"properties":{"FID":714,"globalid":"25f9442e-d384-4792-9fad-0943da05136b","uniq_id":2727,"timestamp":"Fri, 02 Feb 2018 00:00:00 GMT","editor":"racheal.olarewaju","scdy_edtor":" ","wardname":"Idiiroko","wardcode":"OGSIKA04","lganame":"Ipokia","lgacode":"28014","statename":"Ogun","statecode":"OG","source":"GRID","plc_st_nam":"The Nigeria Police Divisional Headquarters"}},{"type":"Feature","id":715,"geometry":{"type":"Point","coordinates":[3.21929333302097,6.92736333265174]},"properties":{"FID":715,"globalid":"11f3c33f-ec1d-4628-ac75-79dca8bf3b6b","uniq_id":2726,"timestamp":"Fri, 02 Feb 2018 00:00:00 GMT","editor":"racheal.olarewaju","scdy_edtor":" ","wardname":"Itori","wardcode":"OGSEWO05","lganame":"Ewekoro","lgacode":"28006","statename":"Ogun","statecode":"OG","source":"GRID","plc_st_nam":"Itori Police Post"}},{"type":"Feature","id":716,"geometry":{"type":"Point","coordinates":[3.92054066162228,6.81921285718767]},"properties":{"FID":716,"globalid":"e4469b31-67ea-4803-ad5e-9cde50140461","uniq_id":2725,"timestamp":"Fri, 02 Feb 2018 00:00:00 GMT","editor":"racheal.olarewaju","scdy_edtor":" ","wardname":"Odo-Egbo / Oliworo","wardcode":"OGSIUE09","lganame":"Ijebu Ode","lgacode":"28011","statename":"Ogun","statecode":"OG","source":"GRID","plc_st_nam":"The Nigerian Police Station Etitale Ijebu Ode"}},{"type":"Feature","id":717,"geometry":{"type":"Point","coordinates":[2.90475999977423,7.05616666695818]},"properties":{"FID":717,"globalid":"ec0dc135-6778-4670-a4d8-e17b85d639e3","uniq_id":2724,"timestamp":"Fri, 02 Feb 2018 00:00:00 GMT","editor":"racheal.olarewaju","scdy_edtor":" ","wardname":"Eggua","wardcode":"OGSYEN04","lganame":"Yewa North","lgacode":"28004","statename":"Ogun","statecode":"OG","source":"GRID","plc_st_nam":"Police Station Igan Alade"}},{"type":"Feature","id":718,"geometry":{"type":"Point","coordinates":[3.22042612536546,6.9340053808437]},"properties":{"FID":718,"globalid":"a7e5438d-00f8-4ea8-8d75-92e4ca08a6c5","uniq_id":2723,"timestamp":"Fri, 02 Feb 2018 00:00:00 GMT","editor":"racheal.olarewaju","scdy_edtor":" ","wardname":"Itori","wardcode":"OGSEWO05","lganame":"Ewekoro","lgacode":"28006","statename":"Ogun","statecode":"OG","source":"GRID","plc_st_nam":"Itori Police Station"}},{"type":"Feature","id":719,"geometry":{"type":"Point","coordinates":[4.92468332637446,7.68061123362156]},"properties":{"FID":719,"globalid":"b98db0e4-45b0-4798-893e-ccc90bdc8f6e","uniq_id":2722,"timestamp":"Fri, 02 Feb 2018 00:00:00 GMT","editor":"racheal.olarewaju","scdy_edtor":" ","wardname":"Alajo / Surulere","wardcode":"EKSEFO01","lganame":"Efon","lgacode":"13002","statename":"Ekiti","statecode":"EK","source":"GRID","plc_st_nam":"Ita Odo Police Station"}},{"type":"Feature","id":720,"geometry":{"type":"Point","coordinates":[5.15021333327877,7.71091999995809]},"properties":{"FID":720,"globalid":"c07bbacd-d5c6-45aa-a1c5-45e1c6bb65fb","uniq_id":2721,"timestamp":"Fri, 02 Feb 2018 00:00:00 GMT","editor":"racheal.olarewaju","scdy_edtor":" ","wardname":"Awo","wardcode":"EKSIPN03","lganame":"Irepodun/Ifelodun","lgacode":"13013","statename":"Ekiti","statecode":"EK","source":"GRID","plc_st_nam":"Awo Police Station"}},{"type":"Feature","id":721,"geometry":{"type":"Point","coordinates":[5.21559960114075,7.60703273637171]},"properties":{"FID":721,"globalid":"ebea34f7-b69e-4305-85f6-bbb9378db1ee","uniq_id":2720,"timestamp":"Fri, 02 Feb 2018 00:00:00 GMT","editor":"racheal.olarewaju","scdy_edtor":" ","wardname":"Ekute","wardcode":"EKSADO03","lganame":"Ado-Ekiti","lgacode":"13001","statename":"Ekiti","statecode":"EK","source":"GRID","plc_st_nam":"Nigeria Police Station Elekute"}},{"type":"Feature","id":722,"geometry":{"type":"Point","coordinates":[5.07371944169893,7.87281561744686]},"properties":{"FID":722,"globalid":"3f983cae-6b23-4430-b938-16cf0fdea778","uniq_id":2719,"timestamp":"Fri, 02 Feb 2018 00:00:00 GMT","editor":"racheal.olarewaju","scdy_edtor":" ","wardname":"Ipoti A","wardcode":"EKSIJO10","lganame":"Ijero","lgacode":"13009","statename":"Ekiti","statecode":"EK","source":"GRID","plc_st_nam":"Division Headquarters Ipoti Ekiti"}},{"type":"Feature","id":723,"geometry":{"type":"Point","coordinates":[5.24932930580286,7.9441116128607]},"properties":{"FID":723,"globalid":"9fc31a75-fa52-45bb-ad59-d4a3afe39504","uniq_id":2718,"timestamp":"Fri, 02 Feb 2018 00:00:00 GMT","editor":"racheal.olarewaju","scdy_edtor":" ","wardname":"Iludun 1","wardcode":"EKSIME06","lganame":"Ilejemeje","lgacode":"13012","statename":"Ekiti","statecode":"EK","source":"GRID","plc_st_nam":"The Nigeria Police Iludun"}},{"type":"Feature","id":724,"geometry":{"type":"Point","coordinates":[5.38564666735988,7.67953166675306]},"properties":{"FID":724,"globalid":"1689ffd9-300b-4a4f-bcc9-cfc7184b9e96","uniq_id":2717,"timestamp":"Fri, 02 Feb 2018 00:00:00 GMT","editor":"racheal.olarewaju","scdy_edtor":" ","wardname":"Igbemo","wardcode":"EKSIPN04","lganame":"Irepodun/Ifelodun","lgacode":"13013","statename":"Ekiti","statecode":"EK","source":"GRID","plc_st_nam":"Nigeria Police Station Igbemo Ekiti"}},{"type":"Feature","id":725,"geometry":{"type":"Point","coordinates":[5.30857833292379,7.69587166664417]},"properties":{"FID":725,"globalid":"57f0b1ae-d350-474c-899c-66d840e16ad5","uniq_id":2716,"timestamp":"Fri, 02 Feb 2018 00:00:00 GMT","editor":"racheal.olarewaju","scdy_edtor":" ","wardname":"Afao","wardcode":"EKSIPN01","lganame":"Irepodun/Ifelodun","lgacode":"13013","statename":"Ekiti","statecode":"EK","source":"GRID","plc_st_nam":"Afao Police Station"}},{"type":"Feature","id":726,"geometry":{"type":"Point","coordinates":[5.30482318943871,7.70300613142786]},"properties":{"FID":726,"globalid":"f3426673-56a7-4d7d-9b5a-a6c766cd49d6","uniq_id":2715,"timestamp":"Fri, 02 Feb 2018 00:00:00 GMT","editor":"racheal.olarewaju","scdy_edtor":" ","wardname":"Are","wardcode":"EKSIPN02","lganame":"Irepodun/Ifelodun","lgacode":"13013","statename":"Ekiti","statecode":"EK","source":"GRID","plc_st_nam":"Are Police Station"}},{"type":"Feature","id":727,"geometry":{"type":"Point","coordinates":[5.3855713851114,7.61172054606641]},"properties":{"FID":727,"globalid":"d936daca-c5e9-419f-be4a-c9ba51eba55a","uniq_id":2714,"timestamp":"Fri, 02 Feb 2018 00:00:00 GMT","editor":"racheal.olarewaju","scdy_edtor":" ","wardname":"Ijan","wardcode":"EKSGBN05","lganame":"Gbonyin","lgacode":"13007","statename":"Ekiti","statecode":"EK","source":"GRID","plc_st_nam":"Ijan Police Post"}},{"type":"Feature","id":728,"geometry":{"type":"Point","coordinates":[5.38644890938969,7.62430666332193]},"properties":{"FID":728,"globalid":"51a110a2-0ba4-4a89-a028-87964086cec1","uniq_id":2713,"timestamp":"Fri, 02 Feb 2018 00:00:00 GMT","editor":"racheal.olarewaju","scdy_edtor":" ","wardname":"Ijan","wardcode":"EKSGBN05","lganame":"Gbonyin","lgacode":"13007","statename":"Ekiti","statecode":"EK","source":"GRID","plc_st_nam":"Nigeria Police Station"}},{"type":"Feature","id":729,"geometry":{"type":"Point","coordinates":[7.49283193784373,5.52876057973702]},"properties":{"FID":729,"globalid":"53f8b6b0-9646-48a3-addf-9ea5080d3027","uniq_id":2712,"timestamp":"Fri, 02 Feb 2018 00:00:00 GMT","editor":"racheal.olarewaju","scdy_edtor":" ","wardname":"Ugba Urban 4","wardcode":"ABSUMA15","lganame":"Umuahia North","lgacode":"1016","statename":"Abia","statecode":"AB","source":"GRID","plc_st_nam":"Bende Police Station"}},{"type":"Feature","id":730,"geometry":{"type":"Point","coordinates":[7.39543166673809,5.82901500004226]},"properties":{"FID":730,"globalid":"2cba3123-758b-4d28-9ebd-e19e9ee6bcf3","uniq_id":2711,"timestamp":"Fri, 02 Feb 2018 00:00:00 GMT","editor":"racheal.olarewaju","scdy_edtor":" ","wardname":"Umuanyi / Absu","wardcode":"ABSMBL17","lganame":"Isuikwuato","lgacode":"1008","statename":"Abia","statecode":"AB","source":"GRID","plc_st_nam":"Abia State University Uturu Police Station"}},{"type":"Feature","id":731,"geometry":{"type":"Point","coordinates":[7.68490833285335,5.50015666719651]},"properties":{"FID":731,"globalid":"db93beb4-26e1-4b52-99a8-5bbd7506454a","uniq_id":2710,"timestamp":"Fri, 02 Feb 2018 00:00:00 GMT","editor":"racheal.olarewaju","scdy_edtor":" ","wardname":"Itumbuzo 1","wardcode":"ABSBND11","lganame":"Bende","lgacode":"1004","statename":"Abia","statecode":"AB","source":"GRID","plc_st_nam":"Itumbauzo Police Station"}},{"type":"Feature","id":732,"geometry":{"type":"Point","coordinates":[7.49929833315161,5.5148266674168]},"properties":{"FID":732,"globalid":"5416d352-a264-4b09-b5a5-249844b3cdc5","uniq_id":2709,"timestamp":"Fri, 02 Feb 2018 00:00:00 GMT","editor":"racheal.olarewaju","scdy_edtor":" ","wardname":"Urban 5","wardcode":"ABSUMA20","lganame":"Umuahia North","lgacode":"1016","statename":"Abia","statecode":"AB","source":"GRID","plc_st_nam":"The Nigerian Police World Bank Housing Estate"}},{"type":"Feature","id":733,"geometry":{"type":"Point","coordinates":[7.43641833283982,5.47436666678828]},"properties":{"FID":733,"globalid":"0e922c40-0634-47c3-b239-3d05c389b9ac","uniq_id":2707,"timestamp":"Fri, 02 Feb 2018 00:00:00 GMT","editor":"racheal.olarewaju","scdy_edtor":" ","wardname":"Ubakala A","wardcode":"ABSAPR12","lganame":"Umuahia South","lgacode":"1017","statename":"Abia","statecode":"AB","source":"GRID","plc_st_nam":"Ubakala Police Station"}},{"type":"Feature","id":734,"geometry":{"type":"Point","coordinates":[7.52299833340641,5.52101666688571]},"properties":{"FID":734,"globalid":"0f92b436-282f-4911-9464-2c45e7ac9fc7","uniq_id":2706,"timestamp":"Fri, 02 Feb 2018 00:00:00 GMT","editor":"racheal.olarewaju","scdy_edtor":" ","wardname":"Urban 1","wardcode":"ABSUMA17","lganame":"Umuahia North","lgacode":"1016","statename":"Abia","statecode":"AB","source":"GRID","plc_st_nam":"Zone 9 Police Station"}},{"type":"Feature","id":735,"geometry":{"type":"Point","coordinates":[7.48874999961282,5.55078666737086]},"properties":{"FID":735,"globalid":"e6b933cd-82d8-4049-a9a6-02f4075fa598","uniq_id":2705,"timestamp":"Fri, 02 Feb 2018 00:00:00 GMT","editor":"racheal.olarewaju","scdy_edtor":" ","wardname":"Urban 2","wardcode":"ABSUMA18","lganame":"Umuahia North","lgacode":"1016","statename":"Abia","statecode":"AB","source":"GRID","plc_st_nam":"Umuagu Police"}},{"type":"Feature","id":736,"geometry":{"type":"Point","coordinates":[7.39288666718596,5.11110833308317]},"properties":{"FID":736,"globalid":"f235ec0d-50ff-4901-91f7-90d9cb991fb2","uniq_id":2704,"timestamp":"Fri, 02 Feb 2018 00:00:00 GMT","editor":"racheal.olarewaju","scdy_edtor":" ","wardname":"Ogbor 2","wardcode":"ABSEZA07","lganame":"Aba North","lgacode":"1001","statename":"Abia","statecode":"AB","source":"GRID","plc_st_nam":"Divisional Police Headquarters Ogborhill Aba"}},{"type":"Feature","id":737,"geometry":{"type":"Point","coordinates":[10.8831013807242,9.18802499965403]},"properties":{"FID":737,"globalid":"e7e55d54-368a-4c8e-98fd-ab78b6e20a2d","uniq_id":3049,"timestamp":"Fri, 02 Feb 2018 00:00:00 GMT","editor":"racheal.olarewaju","scdy_edtor":" ","wardname":"Muri B","wardcode":"TRSKLD10","lganame":"Karim Lamido","lgacode":"35008","statename":"Taraba","statecode":"TA","source":"GRID","plc_st_nam":"Is A Police Station Outpost Old Muri"}},{"type":"Feature","id":738,"geometry":{"type":"Point","coordinates":[3.94915084603474,6.43725178064523]},"properties":{"FID":738,"globalid":"65021053-8983-415c-84b1-6b6fa140387a","uniq_id":3006,"timestamp":"Fri, 02 Feb 2018 00:00:00 GMT","editor":"racheal.olarewaju","scdy_edtor":" ","wardname":"Lekki 2","wardcode":"LASIUI07","lganame":"Ibeju Lekki","lgacode":"25009","statename":"Lagos","statecode":"LA","source":"GRID","plc_st_nam":"Akodo Police Station"}},{"type":"Feature","id":739,"geometry":{"type":"Point","coordinates":[6.98923080785556,6.18353684365047]},"properties":{"FID":739,"globalid":"e19cc93b-ae82-4344-a2f8-0eef6638be6b","uniq_id":3229,"timestamp":"Fri, 02 Feb 2018 00:00:00 GMT","editor":"racheal.olarewaju","scdy_edtor":" ","wardname":"Abagana 3","wardcode":"ANSABN03","lganame":"Njikoka","lgacode":"4013","statename":"Anambra","statecode":"AN","source":"GRID","plc_st_nam":"Abagana Police Station"}},{"type":"Feature","id":740,"geometry":{"type":"Point","coordinates":[3.94094459082027,7.35470353773815]},"properties":{"FID":740,"globalid":"b9956318-1093-4fcd-a31c-8e08e287ca2d","uniq_id":3228,"timestamp":"Fri, 02 Feb 2018 00:00:00 GMT","editor":"racheal.olarewaju","scdy_edtor":" ","wardname":"Olunloyo","wardcode":"OYSONA10","lganame":"Ona Ara","lgacode":"31026","statename":"Oyo","statecode":"OY","source":"GRID","plc_st_nam":"Divisional Headquarter Ogbere Ibadan"}},{"type":"Feature","id":741,"geometry":{"type":"Point","coordinates":[7.85707666685477,6.21998333276463]},"properties":{"FID":741,"globalid":"0656ecdb-0d86-4ed6-a92d-827d7aa52619","uniq_id":3227,"timestamp":"Fri, 02 Feb 2018 00:00:00 GMT","editor":"racheal.olarewaju","scdy_edtor":" ","wardname":"Agbabor / Agbabor-Isu","wardcode":"EBSNCA02","lganame":"Onicha","lgacode":"11013","statename":"Ebonyi","statecode":"EB","source":"GRID","plc_st_nam":"Nigerian Police Agba Police Station"}},{"type":"Feature","id":742,"geometry":{"type":"Point","coordinates":[7.28549980157464,6.65179944928519]},"properties":{"FID":742,"globalid":"0bed4bc8-d403-4986-9d67-38e27ad2c89d","uniq_id":3226,"timestamp":"Fri, 02 Feb 2018 00:00:00 GMT","editor":"adanna.alex","scdy_edtor":" ","wardname":"Akpakwume / Nze","wardcode":"ENSUDD04","lganame":"Udi","lgacode":"14016","statename":"Enugu","statecode":"EN","source":"GRID","plc_st_nam":"Ezi Nze Police Station"}},{"type":"Feature","id":743,"geometry":{"type":"Point","coordinates":[7.46180550891717,6.23674936129402]},"properties":{"FID":743,"globalid":"bc4ca2f5-01c1-43d0-9e9d-d54e1bf0b018","uniq_id":3225,"timestamp":"Fri, 02 Feb 2018 00:00:00 GMT","editor":"adanna.alex","scdy_edtor":" ","wardname":"Ihe","wardcode":"ENSAWG10","lganame":"Awgu","lgacode":"14002","statename":"Enugu","statecode":"EN","source":"GRID","plc_st_nam":"The Police Post"}},{"type":"Feature","id":744,"geometry":{"type":"Point","coordinates":[7.26917917397975,6.2554583139501]},"properties":{"FID":744,"globalid":"ea37e0da-50dc-45eb-8369-75d137018f54","uniq_id":3224,"timestamp":"Fri, 02 Feb 2018 00:00:00 GMT","editor":"adanna.alex","scdy_edtor":" ","wardname":"Oji River 2","wardcode":"ENSJRV05","lganame":"Oji-River","lgacode":"14014","statename":"Enugu","statecode":"EN","source":"GRID","plc_st_nam":"The Nigeria Police Divisional Headquarters Oji River"}},{"type":"Feature","id":745,"geometry":{"type":"Point","coordinates":[7.64013693467183,6.0848079681133]},"properties":{"FID":745,"globalid":"42d5aff0-d2e2-4fff-a155-29e92b7f5fdf","uniq_id":3223,"timestamp":"Fri, 02 Feb 2018 00:00:00 GMT","editor":"adanna.alex","scdy_edtor":" ","wardname":"Oduma 3 /","wardcode":"ENSDBR15","lganame":"Aninri","lgacode":"14001","statename":"Enugu","statecode":"EN","source":"GRID","plc_st_nam":"Police Post Oduma"}},{"type":"Feature","id":746,"geometry":{"type":"Point","coordinates":[7.53946972964434,6.57057954211223]},"properties":{"FID":746,"globalid":"a853b59a-d048-44e9-a402-261c8e514eb6","uniq_id":3222,"timestamp":"Fri, 02 Feb 2018 00:00:00 GMT","editor":"adanna.alex","scdy_edtor":" ","wardname":"Mbuluiyiukwu 2 / Emene","wardcode":"ENSNKW01","lganame":"Enugu East","lgacode":"14003","statename":"Enugu","statecode":"EN","source":"GRID","plc_st_nam":"Ogbeke Nike"}},{"type":"Feature","id":747,"geometry":{"type":"Point","coordinates":[7.06834666656545,5.69342166737607]},"properties":{"FID":747,"globalid":"a3851c74-a176-40f7-8812-4197074f8d18","uniq_id":3220,"timestamp":"Fri, 02 Feb 2018 00:00:00 GMT","editor":"adanna.alex","scdy_edtor":" ","wardname":"Amaigbo 2","wardcode":"IMSAMG07","lganame":"Nwangele","lgacode":"17015","statename":"Imo","statecode":"IM","source":"GRID","plc_st_nam":"The Nigeria Police Divisional Headquarter"}},{"type":"Feature","id":748,"geometry":{"type":"Point","coordinates":[7.33659496978208,5.54044843614645]},"properties":{"FID":748,"globalid":"2866c028-f3ea-4db7-bbda-39a722ffac13","uniq_id":3219,"timestamp":"Fri, 02 Feb 2018 00:00:00 GMT","editor":"adanna.alex","scdy_edtor":" ","wardname":"Onicha 3","wardcode":"IMSETU14","lganame":"Ezinihitte","lgacode":"17004","statename":"Imo","statecode":"IM","source":"GRID","plc_st_nam":"The Nigeria Police Onicha Divisional Police Station"}},{"type":"Feature","id":749,"geometry":{"type":"Point","coordinates":[4.58606999963081,7.78271333305395]},"properties":{"FID":749,"globalid":"15e6f94d-5fe2-4c21-9d0e-b56f9a6eb13a","uniq_id":2772,"timestamp":"Fri, 02 Feb 2018 00:00:00 GMT","editor":"racheal.olarewaju","scdy_edtor":" ","wardname":"Ibokun Road","wardcode":"OSSOSO10","lganame":"Osogbo","lgacode":"30030","statename":"Osun","statecode":"OS","source":"GRID","plc_st_nam":"Iludun Police Division Osogbo"}},{"type":"Feature","id":750,"geometry":{"type":"Point","coordinates":[7.19947166728366,5.46954500020166]},"properties":{"FID":750,"globalid":"8ba3318e-8e9d-4b8a-b04f-dc6682d94b42","uniq_id":3221,"timestamp":"Fri, 02 Feb 2018 00:00:00 GMT","editor":"adanna.alex","scdy_edtor":" ","wardname":"Ahiato","wardcode":"IMSABB01","lganame":"Aboh-Mbaise","lgacode":"17001","statename":"Imo","statecode":"IM","source":"GRID","plc_st_nam":"Enyiogugu Police Station"}},{"type":"Feature","id":751,"geometry":{"type":"Point","coordinates":[3.93302359066621,6.95561399868711]},"properties":{"FID":751,"globalid":"65a45128-03f0-4095-9fb7-dab33351af11","uniq_id":2442,"timestamp":"Fri, 02 Feb 2018 00:00:00 GMT","editor":"najib.adam","scdy_edtor":" ","wardname":"Oru / Awa","wardcode":"OGSIUN10","lganame":"Ijebu North","lgacode":"28009","statename":"Ogun","statecode":"OG","source":"GRID","plc_st_nam":"Awa Police Station"}},{"type":"Feature","id":752,"geometry":{"type":"Point","coordinates":[6.93706179696443,6.48128692994788]},"properties":{"FID":752,"globalid":"69a9aabf-e7f0-443b-a287-eada0e5ebbc3","uniq_id":3264,"timestamp":"Fri, 02 Feb 2018 00:00:00 GMT","editor":"racheal.olarewaju","scdy_edtor":" ","wardname":"Anaku","wardcode":"ANSNKK01","lganame":"Ayamelum","lgacode":"4007","statename":"Anambra","statecode":"AN","source":"GRID","plc_st_nam":"Divisional Police Headquarters Anaku"}},{"type":"Feature","id":753,"geometry":{"type":"Point","coordinates":[4.49221166703484,7.49410500014568]},"properties":{"FID":753,"globalid":"add41ef3-9389-4691-8b1b-5ee32953aeb0","uniq_id":3266,"timestamp":"Fri, 02 Feb 2018 00:00:00 GMT","editor":"racheal.olarewaju","scdy_edtor":" ","wardname":"Akarabata","wardcode":"OSSICL01","lganame":"Ife Central","lgacode":"30011","statename":"Osun","statecode":"OS","source":"GRID","plc_st_nam":"The Nigerian Police Post"}},{"type":"Feature","id":754,"geometry":{"type":"Point","coordinates":[4.57636666728791,7.48042166682649]},"properties":{"FID":754,"globalid":"90666d2d-f5ee-49d9-9252-ab6e5f7ccc7b","uniq_id":3267,"timestamp":"Fri, 02 Feb 2018 00:00:00 GMT","editor":"racheal.olarewaju","scdy_edtor":" ","wardname":"More","wardcode":"OSSIET06","lganame":"Ife East","lgacode":"30012","statename":"Osun","statecode":"OS","source":"GRID","plc_st_nam":"Ilode Police Post"}},{"type":"Feature","id":755,"geometry":{"type":"Point","coordinates":[4.55028166676556,7.79864666671034]},"properties":{"FID":755,"globalid":"7e2314a4-6a5c-4653-8be8-d43833be6295","uniq_id":3268,"timestamp":"Fri, 02 Feb 2018 00:00:00 GMT","editor":"racheal.olarewaju","scdy_edtor":" ","wardname":"Akogun","wardcode":"OSSOLA02","lganame":"Olorunda","lgacode":"30027","statename":"Osun","statecode":"OS","source":"GRID","plc_st_nam":"Police Command HQ Ring Road"}},{"type":"Feature","id":756,"geometry":{"type":"Point","coordinates":[4.55572166672158,7.80389999978519]},"properties":{"FID":756,"globalid":"d8dc24d4-d82e-4e9d-bc4b-ad1c592f04b9","uniq_id":3269,"timestamp":"Fri, 02 Feb 2018 00:00:00 GMT","editor":"racheal.olarewaju","scdy_edtor":" ","wardname":"Akogun","wardcode":"OSSOLA02","lganame":"Olorunda","lgacode":"30027","statename":"Osun","statecode":"OS","source":"GRID","plc_st_nam":"The Nigeria Police Housing Estate"}},{"type":"Feature","id":757,"geometry":{"type":"Point","coordinates":[4.57491999985814,7.79527666688472]},"properties":{"FID":757,"globalid":"300102bb-786a-464c-981f-a2aeb4940fbb","uniq_id":3270,"timestamp":"Fri, 02 Feb 2018 00:00:00 GMT","editor":"racheal.olarewaju","scdy_edtor":" ","wardname":"Akogun","wardcode":"OSSOLA02","lganame":"Olorunda","lgacode":"30027","statename":"Osun","statecode":"OS","source":"GRID","plc_st_nam":"Nigerian Police Mobile Force"}},{"type":"Feature","id":758,"geometry":{"type":"Point","coordinates":[8.33004949958479,4.97537410003474]},"properties":{"FID":758,"globalid":"2afff230-e6c3-4219-927f-79dd7d21d6c5","uniq_id":3271,"timestamp":"Fri, 02 Feb 2018 00:00:00 GMT","editor":"racheal.olarewaju","scdy_edtor":" ","wardname":"Big Qua / Four","wardcode":"CRSCAL10","lganame":"Calabar Municipal","lgacode":"9008","statename":"Cross River","statecode":"CR","source":"GRID","plc_st_nam":"Police Commissioners Resident"}},{"type":"Feature","id":759,"geometry":{"type":"Point","coordinates":[8.33133166662316,4.96419166711178]},"properties":{"FID":759,"globalid":"dbe3b88e-04e9-4f6f-8101-f6cd3a008dd6","uniq_id":3272,"timestamp":"Fri, 02 Feb 2018 00:00:00 GMT","editor":"racheal.olarewaju","scdy_edtor":" ","wardname":"Edim Otop / Two","wardcode":"CRSCAL02","lganame":"Calabar Municipal","lgacode":"9008","statename":"Cross River","statecode":"CR","source":"GRID","plc_st_nam":"Otop Abasi Police Station"}},{"type":"Feature","id":760,"geometry":{"type":"Point","coordinates":[8.32146140032341,4.95919279990784]},"properties":{"FID":760,"globalid":"ea84caa5-5381-4f67-8bc9-e522aa0653eb","uniq_id":3273,"timestamp":"Fri, 02 Feb 2018 00:00:00 GMT","editor":"racheal.olarewaju","scdy_edtor":" ","wardname":"Akim / One","wardcode":"CRSCAL01","lganame":"Calabar Municipal","lgacode":"9008","statename":"Cross River","statecode":"CR","source":"GRID","plc_st_nam":"Atakpa Police Station"}},{"type":"Feature","id":761,"geometry":{"type":"Point","coordinates":[8.31140000020991,4.95609329996586]},"properties":{"FID":761,"globalid":"f7aba12f-bf0e-4076-8674-654dd2d85157","uniq_id":3274,"timestamp":"Fri, 02 Feb 2018 00:00:00 GMT","editor":"racheal.olarewaju","scdy_edtor":" ","wardname":"Akim / One","wardcode":"CRSCAL01","lganame":"Calabar Municipal","lgacode":"9008","statename":"Cross River","statecode":"CR","source":"GRID","plc_st_nam":"Nsidung Marina Police Station"}},{"type":"Feature","id":762,"geometry":{"type":"Point","coordinates":[6.70555650912564,6.53347151260027]},"properties":{"FID":762,"globalid":"bfcf77ed-1480-4e86-bc1e-991cacb84c79","uniq_id":3275,"timestamp":"Fri, 02 Feb 2018 00:00:00 GMT","editor":"racheal.olarewaju","scdy_edtor":" ","wardname":"Olumbanasa 1","wardcode":"ANSNZM05","lganame":"Anambra West","lgacode":"4003","statename":"Anambra","statecode":"AN","source":"GRID","plc_st_nam":"Community Police Owelle Inoma"}},{"type":"Feature","id":763,"geometry":{"type":"Point","coordinates":[6.74741591781043,6.02277307331872]},"properties":{"FID":763,"globalid":"60fec4c9-4257-49dd-93a9-0a42750c2605","uniq_id":3276,"timestamp":"Fri, 02 Feb 2018 00:00:00 GMT","editor":"racheal.olarewaju","scdy_edtor":" ","wardname":"Atani 1","wardcode":"ANSATN03","lganame":"Ogbaru","lgacode":"4016","statename":"Anambra","statecode":"AN","source":"GRID","plc_st_nam":"Nigerian Police Division Atani"}},{"type":"Feature","id":764,"geometry":{"type":"Point","coordinates":[6.77169831632426,6.13550962986557]},"properties":{"FID":764,"globalid":"861e59b1-a922-4f98-982c-a758e53f059b","uniq_id":3277,"timestamp":"Fri, 02 Feb 2018 00:00:00 GMT","editor":"racheal.olarewaju","scdy_edtor":" ","wardname":"Fegge 5","wardcode":"ANSFGG08","lganame":"Onitsha South","lgacode":"4018","statename":"Anambra","statecode":"AN","source":"GRID","plc_st_nam":"The Police Force Fegge Divisional Headquarters"}},{"type":"Feature","id":765,"geometry":{"type":"Point","coordinates":[6.76714295788128,6.13212892361099]},"properties":{"FID":765,"globalid":"1f1dfac5-d32b-4f52-bb3b-cf18f922602a","uniq_id":3278,"timestamp":"Fri, 02 Feb 2018 00:00:00 GMT","editor":"racheal.olarewaju","scdy_edtor":" ","wardname":"Bridge Head 1","wardcode":"ANSFGG01","lganame":"Onitsha South","lgacode":"4018","statename":"Anambra","statecode":"AN","source":"GRID","plc_st_nam":"The Nigeria Police Force Divisional Police Headquarters"}},{"type":"Feature","id":766,"geometry":{"type":"Point","coordinates":[4.70501333339865,7.28988333284957]},"properties":{"FID":766,"globalid":"8771d1d2-b5ae-464d-9a7a-6a7b52c07bc9","uniq_id":3279,"timestamp":"Fri, 02 Feb 2018 00:00:00 GMT","editor":"racheal.olarewaju","scdy_edtor":" ","wardname":"Ikija 1","wardcode":"OSSISH03","lganame":"Ife South","lgacode":"30014","statename":"Osun","statecode":"OS","source":"GRID","plc_st_nam":"Faforiji Police Post"}},{"type":"Feature","id":767,"geometry":{"type":"Point","coordinates":[6.98304530679553,6.19127641637357]},"properties":{"FID":767,"globalid":"197267f7-f2b3-4699-b636-d57405f2deff","uniq_id":3280,"timestamp":"Fri, 02 Feb 2018 00:00:00 GMT","editor":"racheal.olarewaju","scdy_edtor":" ","wardname":"Ukpo 2","wardcode":"ANSKPP07","lganame":"Dunukofia","lgacode":"4008","statename":"Anambra","statecode":"AN","source":"GRID","plc_st_nam":"Base 15 Special Protection Unit"}},{"type":"Feature","id":768,"geometry":{"type":"Point","coordinates":[8.33353169972821,5.02074499978198]},"properties":{"FID":768,"globalid":"17145b48-3e10-40e2-9fe3-cba3e3f00d8a","uniq_id":3281,"timestamp":"Fri, 02 Feb 2018 00:00:00 GMT","editor":"racheal.olarewaju","scdy_edtor":" ","wardname":"Ikot Omin / Ten","wardcode":"CRSCAL08","lganame":"Calabar Municipal","lgacode":"9008","statename":"Cross River","statecode":"CR","source":"GRID","plc_st_nam":"Police Mobile Force 11Th Squadron Calabar"}},{"type":"Feature","id":769,"geometry":{"type":"Point","coordinates":[8.33362669961252,5.01678000039675]},"properties":{"FID":769,"globalid":"20e5525b-65fb-48b2-ae9c-acde2b2e1e11","uniq_id":3282,"timestamp":"Fri, 02 Feb 2018 00:00:00 GMT","editor":"racheal.olarewaju","scdy_edtor":" ","wardname":"Kasuk / Seven","wardcode":"CRSCAL09","lganame":"Calabar Municipal","lgacode":"9008","statename":"Cross River","statecode":"CR","source":"GRID","plc_st_nam":"The Nigeria Police Force Zone 6 Headquarters"}},{"type":"Feature","id":770,"geometry":{"type":"Point","coordinates":[8.32461209956881,5.01690909987514]},"properties":{"FID":770,"globalid":"19346f0d-7862-4fb1-9037-e4ca56f7cb97","uniq_id":3283,"timestamp":"Fri, 02 Feb 2018 00:00:00 GMT","editor":"racheal.olarewaju","scdy_edtor":" ","wardname":"Kasuk / Seven","wardcode":"CRSCAL09","lganame":"Calabar Municipal","lgacode":"9008","statename":"Cross River","statecode":"CR","source":"GRID","plc_st_nam":"The Nigeria Police Post Esuk Utan"}},{"type":"Feature","id":771,"geometry":{"type":"Point","coordinates":[8.33673833320756,5.02130333308241]},"properties":{"FID":771,"globalid":"df66e12e-8480-4735-9732-adfa1f70a857","uniq_id":3284,"timestamp":"Fri, 02 Feb 2018 00:00:00 GMT","editor":"racheal.olarewaju","scdy_edtor":" ","wardname":"Kasuk / Seven","wardcode":"CRSCAL09","lganame":"Calabar Municipal","lgacode":"9008","statename":"Cross River","statecode":"CR","source":"GRID","plc_st_nam":"Federal Housing Police Station"}},{"type":"Feature","id":772,"geometry":{"type":"Point","coordinates":[3.34414494913017,7.13502251637607]},"properties":{"FID":772,"globalid":"0364e68f-9c02-42ed-9477-03c17dfe67f6","uniq_id":3285,"timestamp":"Wed, 13 May 2020 00:00:00 GMT","editor":"tosin.williams","scdy_edtor":" ","wardname":"Ibara 2","wardcode":"OGSABS06","lganame":"Abeokuta South","lgacode":"28002","statename":"Ogun","statecode":"OG","source":"GRID","plc_st_nam":"Office Of The Area Commander Nigeria Police"}},{"type":"Feature","id":773,"geometry":{"type":"Point","coordinates":[3.38427333284807,7.14272500015869]},"properties":{"FID":773,"globalid":"f5e9fcfd-5e2e-49e4-b0f2-be858887f6e2","uniq_id":3286,"timestamp":"Wed, 13 May 2020 00:00:00 GMT","editor":"tosin.williams","scdy_edtor":" ","wardname":"Ijeun Titun / Ago-Egun / Ijesa","wardcode":"OGSABS10","lganame":"Abeokuta South","lgacode":"28002","statename":"Ogun","statecode":"OG","source":"GRID","plc_st_nam":"Kemta Police Station Oke Ola Street Kemta Idi Aba"}},{"type":"Feature","id":774,"geometry":{"type":"Point","coordinates":[3.65794921458462,6.86852586677537]},"properties":{"FID":774,"globalid":"967e386f-9d3a-4fc4-a2bd-274422b3187a","uniq_id":3287,"timestamp":"Wed, 13 May 2020 00:00:00 GMT","editor":"tosin.williams","scdy_edtor":" ","wardname":"Soyindo / Oko / Epe / Itula 1","wardcode":"OGSSAU15","lganame":"Shagamu","lgacode":"28020","statename":"Ogun","statecode":"OG","source":"GRID","plc_st_nam":"The Nigeria Police Area Command Shagamu"}},{"type":"Feature","id":775,"geometry":{"type":"Point","coordinates":[3.33928111333279,7.14211154291343]},"properties":{"FID":775,"globalid":"7691b964-4574-40d4-b209-8b6e1b7aae1b","uniq_id":3288,"timestamp":"Wed, 13 May 2020 00:00:00 GMT","editor":"tosin.williams","scdy_edtor":" ","wardname":"Iporo / Sodeke / Sale-Ijeun 1","wardcode":"OGSABS11","lganame":"Abeokuta South","lgacode":"28002","statename":"Ogun","statecode":"OG","source":"GRID","plc_st_nam":"The Nigerian Police Ibara Divisional Headquarters"}},{"type":"Feature","id":776,"geometry":{"type":"Point","coordinates":[4.67383333264223,7.91486333337616]},"properties":{"FID":776,"globalid":"221319ec-1cf1-4db6-acbb-3cb00f049f4f","uniq_id":3290,"timestamp":"Wed, 13 May 2020 00:00:00 GMT","editor":"tosin.williams","scdy_edtor":" ","wardname":"Oke-Iroko / Eesa Ikirun","wardcode":"OSSIDN11","lganame":"Ifelodun","lgacode":"30016","statename":"Osun","statecode":"OS","source":"GRID","plc_st_nam":"Olonde Police Station"}},{"type":"Feature","id":777,"geometry":{"type":"Point","coordinates":[4.18923333335169,7.65585333296497]},"properties":{"FID":777,"globalid":"32e92ab3-b448-4ba4-bb69-32617f399bac","uniq_id":3291,"timestamp":"Wed, 13 May 2020 00:00:00 GMT","editor":"tosin.williams","scdy_edtor":" ","wardname":"Molete 3","wardcode":"OSSIWO10","lganame":"Iwo","lgacode":"30023","statename":"Osun","statecode":"OS","source":"GRID","plc_st_nam":"Police Post Odo Ori"}},{"type":"Feature","id":778,"geometry":{"type":"Point","coordinates":[4.57810500014568,7.76736833318211]},"properties":{"FID":778,"globalid":"e81f6b92-030a-429f-9543-cb4e1c8b664a","uniq_id":3292,"timestamp":"Wed, 13 May 2020 00:00:00 GMT","editor":"tosin.williams","scdy_edtor":" ","wardname":"Akepe / Eketa","wardcode":"OSSOSO01","lganame":"Osogbo","lgacode":"30030","statename":"Osun","statecode":"OS","source":"GRID","plc_st_nam":"Oke Baale Police Station"}},{"type":"Feature","id":779,"geometry":{"type":"Point","coordinates":[8.07651669958608,5.81378169956582]},"properties":{"FID":779,"globalid":"971ff363-7009-46da-a577-239b027cf7ed","uniq_id":3293,"timestamp":"Wed, 13 May 2020 00:00:00 GMT","editor":"tosin.williams","scdy_edtor":" ","wardname":"Ikpakapit","wardcode":"CRSGEP01","lganame":"Yakurr","lgacode":"9017","statename":"Cross River","statecode":"CR","source":"GRID","plc_st_nam":"The Nigeria Police Force Ugep"}},{"type":"Feature","id":780,"geometry":{"type":"Point","coordinates":[8.07661833286983,5.81368499996285]},"properties":{"FID":780,"globalid":"a54b0dae-5b92-43e6-b266-8376533f9d34","uniq_id":3294,"timestamp":"Wed, 13 May 2020 00:00:00 GMT","editor":"tosin.williams","scdy_edtor":" ","wardname":"Ikpakapit","wardcode":"CRSGEP01","lganame":"Yakurr","lgacode":"9017","statename":"Cross River","statecode":"CR","source":"GRID","plc_st_nam":"Ugep Police Station"}},{"type":"Feature","id":781,"geometry":{"type":"Point","coordinates":[9.16972329959066,6.66594669968049]},"properties":{"FID":781,"globalid":"a838fc7f-50d6-4970-96d9-526636a161e6","uniq_id":3295,"timestamp":"Wed, 13 May 2020 00:00:00 GMT","editor":"tosin.williams","scdy_edtor":" ","wardname":"Urban 2 / ObudunUrnan 2","wardcode":"CRSUDU10","lganame":"Obudu","lgacode":"9014","statename":"Cross River","statecode":"CR","source":"GRID","plc_st_nam":"Regional Police Headquarters Obudu"}},{"type":"Feature","id":782,"geometry":{"type":"Point","coordinates":[8.10295499967356,5.93240499969102]},"properties":{"FID":782,"globalid":"e6d95932-1b34-45e7-a97f-a8f7dbd9cbf1","uniq_id":3296,"timestamp":"Wed, 13 May 2020 00:00:00 GMT","editor":"tosin.williams","scdy_edtor":" ","wardname":"Imabana 2 / 2","wardcode":"CRSTGD01","lganame":"Abi","lgacode":"9001","statename":"Cross River","statecode":"CR","source":"GRID","plc_st_nam":"Ibalebo Police Post"}},{"type":"Feature","id":783,"geometry":{"type":"Point","coordinates":[4.67511499965758,7.9296383330427]},"properties":{"FID":783,"globalid":"6dadb704-6062-417a-86d2-83fe4501277a","uniq_id":3297,"timestamp":"Wed, 13 May 2020 00:00:00 GMT","editor":"tosin.williams","scdy_edtor":" ","wardname":"Oke Amola / Amola Ikirun","wardcode":"OSSIDN09","lganame":"Ifelodun","lgacode":"30016","statename":"Osun","statecode":"OS","source":"GRID","plc_st_nam":"Nigeria Police Force Obaagun"}},{"type":"Feature","id":784,"geometry":{"type":"Point","coordinates":[9.12079829980172,6.63081999984314]},"properties":{"FID":784,"globalid":"58513e3b-a08a-4cac-a361-b9efc0c9e037","uniq_id":3298,"timestamp":"Wed, 13 May 2020 00:00:00 GMT","editor":"tosin.williams","scdy_edtor":" ","wardname":"Begiaba","wardcode":"CRSUDU06","lganame":"Obudu","lgacode":"9014","statename":"Cross River","statecode":"CR","source":"GRID","plc_st_nam":"Igwo Police Outstation"}},{"type":"Feature","id":785,"geometry":{"type":"Point","coordinates":[5.46077412542559,7.42682863433407]},"properties":{"FID":785,"globalid":"f2305f73-74f6-4a4c-b776-930c30234fae","uniq_id":3299,"timestamp":"Wed, 13 May 2020 00:00:00 GMT","editor":"tosin.williams","scdy_edtor":" ","wardname":"Eporo / Ogbontioro 2","wardcode":"EKSEME02","lganame":"Emure","lgacode":"13006","statename":"Ekiti","statecode":"EK","source":"GRID","plc_st_nam":"Divisional Police Headquarter Ariyasi"}},{"type":"Feature","id":786,"geometry":{"type":"Point","coordinates":[8.11387166674405,6.06976500015469]},"properties":{"FID":786,"globalid":"3179bbc9-7153-4242-9723-2bb60469a34e","uniq_id":3300,"timestamp":"Wed, 13 May 2020 00:00:00 GMT","editor":"tosin.williams","scdy_edtor":" ","wardname":"Ekpa Omaka / Inyimagu 1","wardcode":"EBSCHR06","lganame":"Ikwo","lgacode":"11007","statename":"Ebonyi","statecode":"EB","source":"GRID","plc_st_nam":"Agubia urban Police Station"}},{"type":"Feature","id":787,"geometry":{"type":"Point","coordinates":[7.46121434586541,6.85817289116602]},"properties":{"FID":787,"globalid":"c8bdfd11-66f3-4491-b6bd-aae7eaad7c1a","uniq_id":3301,"timestamp":"Wed, 13 May 2020 00:00:00 GMT","editor":"tosin.williams","scdy_edtor":" ","wardname":"Orba 1","wardcode":"ENSBLF08","lganame":"Udenu","lgacode":"14015","statename":"Enugu","statecode":"EN","source":"GRID","plc_st_nam":"Orba Police Station Udenu Division"}},{"type":"Feature","id":788,"geometry":{"type":"Point","coordinates":[7.46823092301872,6.86229122406081]},"properties":{"FID":788,"globalid":"d7159a3e-fe32-47c9-a3be-0d54e034e353","uniq_id":3302,"timestamp":"Wed, 13 May 2020 00:00:00 GMT","editor":"tosin.williams","scdy_edtor":" ","wardname":"Orba 1","wardcode":"ENSBLF08","lganame":"Udenu","lgacode":"14015","statename":"Enugu","statecode":"EN","source":"GRID","plc_st_nam":"Ohom Orba Police Station"}},{"type":"Feature","id":789,"geometry":{"type":"Point","coordinates":[7.42834500012168,6.44979333289604]},"properties":{"FID":789,"globalid":"71984588-a96c-4678-aec5-0e8e9cea7bb8","uniq_id":3303,"timestamp":"Wed, 13 May 2020 00:00:00 GMT","editor":"tosin.williams","scdy_edtor":" ","wardname":"Udi Siding / Iva Valley","wardcode":"ENSENU12","lganame":"Enugu North","lgacode":"14004","statename":"Enugu","statecode":"EN","source":"GRID","plc_st_nam":"Hillcrest Police Post"}},{"type":"Feature","id":790,"geometry":{"type":"Point","coordinates":[7.71843224565168,6.77625398143613]},"properties":{"FID":790,"globalid":"24ca83be-b29a-452f-8596-3418287cc3ce","uniq_id":3304,"timestamp":"Wed, 13 May 2020 00:00:00 GMT","editor":"tosin.williams","scdy_edtor":" ","wardname":"Ikem 2","wardcode":"ENSKEM06","lganame":"Isi-Uzo","lgacode":"14010","statename":"Enugu","statecode":"EN","source":"GRID","plc_st_nam":"Fight Crime"}},{"type":"Feature","id":791,"geometry":{"type":"Point","coordinates":[8.52918166690046,8.4859200002079]},"properties":{"FID":791,"globalid":"a82ce040-10f1-44c6-a72c-d3ea98c3330f","uniq_id":3305,"timestamp":"Wed, 13 May 2020 00:00:00 GMT","editor":"tosin.williams","scdy_edtor":" ","wardname":"Zanwa","wardcode":"NASLFA13","lganame":"Lafia","lgacode":"26008","statename":"Nasarawa","statecode":"NA","source":"GRID","plc_st_nam":"Police CID Office Lafia"}},{"type":"Feature","id":792,"geometry":{"type":"Point","coordinates":[8.15693499965056,6.11326166689247]},"properties":{"FID":792,"globalid":"2532f05e-55e0-44b4-b024-17b86c3db269","uniq_id":3306,"timestamp":"Wed, 13 May 2020 00:00:00 GMT","editor":"tosin.williams","scdy_edtor":" ","wardname":"Ndufu Echara","wardcode":"EBSCHR21","lganame":"Ikwo","lgacode":"11007","statename":"Ebonyi","statecode":"EB","source":"GRID","plc_st_nam":"Ndufu Ameagu Village Police Station"}},{"type":"Feature","id":793,"geometry":{"type":"Point","coordinates":[7.84415666729643,5.75229166712677]},"properties":{"FID":793,"globalid":"6e7ac9ea-d752-4705-989d-d2d1989dc479","uniq_id":3307,"timestamp":"Wed, 13 May 2020 00:00:00 GMT","editor":"tosin.williams","scdy_edtor":" ","wardname":"Ameke","wardcode":"EBSEDA04","lganame":"Afikpo South","lgacode":"11003","statename":"Ebonyi","statecode":"EB","source":"GRID","plc_st_nam":"Ekoli Police Station Ezi Ekenta"}},{"type":"Feature","id":794,"geometry":{"type":"Point","coordinates":[4.5886933328311,7.73963500035501]},"properties":{"FID":794,"globalid":"4405494e-3887-4532-b51f-e01444cc0cd7","uniq_id":3308,"timestamp":"Wed, 13 May 2020 00:00:00 GMT","editor":"tosin.williams","scdy_edtor":" ","wardname":"Jagun 1","wardcode":"OSSOSO11","lganame":"Osogbo","lgacode":"30030","statename":"Osun","statecode":"OS","source":"GRID","plc_st_nam":"Nigerian Police Post Owode"}},{"type":"Feature","id":795,"geometry":{"type":"Point","coordinates":[4.28767999983216,7.64601499979244]},"properties":{"FID":795,"globalid":"c421dee6-88c4-4367-b870-ca2508f09db6","uniq_id":3309,"timestamp":"Wed, 13 May 2020 00:00:00 GMT","editor":"tosin.williams","scdy_edtor":" ","wardname":"Amobi","wardcode":"OSSAYE01","lganame":"Ayedire","lgacode":"30002","statename":"Osun","statecode":"OS","source":"GRID","plc_st_nam":"Police Station Kuta"}},{"type":"Feature","id":796,"geometry":{"type":"Point","coordinates":[8.30892333294548,6.00063333296197]},"properties":{"FID":796,"globalid":"c5155dca-4be4-46a3-a406-6315154a5568","uniq_id":3310,"timestamp":"Wed, 13 May 2020 00:00:00 GMT","editor":"tosin.williams","scdy_edtor":" ","wardname":"Ovonum","wardcode":"CRSBRA02","lganame":"Obubra","lgacode":"9013","statename":"Cross River","statecode":"CR","source":"GRID","plc_st_nam":"Ofukpa Police Station Apiapum"}},{"type":"Feature","id":797,"geometry":{"type":"Point","coordinates":[8.50313330026165,6.47196500008471]},"properties":{"FID":797,"globalid":"44874e41-041d-47e8-aec9-b35cb799f62c","uniq_id":3311,"timestamp":"Wed, 13 May 2020 00:00:00 GMT","editor":"tosin.williams","scdy_edtor":" ","wardname":"Ebo","wardcode":"CRSCKK14","lganame":"Yala","lgacode":"9018","statename":"Cross River","statecode":"CR","source":"GRID","plc_st_nam":"Yahe Police Station"}},{"type":"Feature","id":798,"geometry":{"type":"Point","coordinates":[5.41040029174013,9.88868856122815]},"properties":{"FID":798,"globalid":"0723a8ef-a300-4ded-af63-904fb0e5a9b5","uniq_id":3312,"timestamp":"Wed, 13 May 2020 00:00:00 GMT","editor":"tosin.williams","scdy_edtor":" ","wardname":"Sahonrami / Saho-Rami","wardcode":"NISMSG10","lganame":"Mashegu","lgacode":"27016","statename":"Niger","statecode":"NI","source":"GRID","plc_st_nam":"The Nigeria Police Force"}},{"type":"Feature","id":799,"geometry":{"type":"Point","coordinates":[7.51532139396721,6.50828578016467]},"properties":{"FID":799,"globalid":"4ebd4a8d-7dda-4122-a12a-0b593cc627e6","uniq_id":3313,"timestamp":"Wed, 13 May 2020 00:00:00 GMT","editor":"tosin.williams","scdy_edtor":" ","wardname":"Ibagwa-Nike / Edem","wardcode":"ENSNKW11","lganame":"Enugu East","lgacode":"14003","statename":"Enugu","statecode":"EN","source":"GRID","plc_st_nam":"Divisional Police Head Quarters Abakpa Nike"}},{"type":"Feature","id":800,"geometry":{"type":"Point","coordinates":[7.50322333339017,6.41194000013093]},"properties":{"FID":800,"globalid":"60498f56-6229-473e-9284-fe77573480ac","uniq_id":3314,"timestamp":"Wed, 13 May 2020 00:00:00 GMT","editor":"tosin.williams","scdy_edtor":" ","wardname":"Achara 2","wardcode":"ENSUWN08","lganame":"Enugu South","lgacode":"14005","statename":"Enugu","statecode":"EN","source":"GRID","plc_st_nam":"Isuofia Police Post"}},{"type":"Feature","id":801,"geometry":{"type":"Point","coordinates":[7.44973962968021,6.97329788878659]},"properties":{"FID":801,"globalid":"233e6c2d-8079-4968-ae27-56fa82d953b9","uniq_id":3315,"timestamp":"Wed, 13 May 2020 00:00:00 GMT","editor":"tosin.williams","scdy_edtor":" ","wardname":"Umuitodi 1","wardcode":"ENSENZ10","lganame":"Igbo-Eze North","lgacode":"14008","statename":"Enugu","statecode":"EN","source":"GRID","plc_st_nam":"The Nigeria Police Igbo Eze North Division Ogrute Enugu Ezike"}},{"type":"Feature","id":802,"geometry":{"type":"Point","coordinates":[4.55062833293124,7.78205666698165]},"properties":{"FID":802,"globalid":"ea4db570-301b-4257-9201-ebac1c33353a","uniq_id":3316,"timestamp":"Wed, 13 May 2020 00:00:00 GMT","editor":"tosin.williams","scdy_edtor":" ","wardname":"Popo / Otun Jagun 'A'","wardcode":"OSSOSO15","lganame":"Osogbo","lgacode":"30030","statename":"Osun","statecode":"OS","source":"GRID","plc_st_nam":"Dugbe Police Station"}}]}